run_id,ckpt_tag,obs_mode,policy_seed,repeat_idx,seed,env_idx,cubeA_x,cubeA_y,cubeA_z,cubeA_theta,cubeB_x,cubeB_y,cubeB_z,cubeB_theta,separation,relative_yaw,relative_yaw_mod90,success_once,success_at_end,ep_len,return,success,ever_success,first_success_step,is_cubeA_grasped,ever_is_cubeA_grasped,first_is_cubeA_grasped_step,is_cubeA_on_cubeB,ever_is_cubeA_on_cubeB,first_is_cubeA_on_cubeB_step,is_cubeA_static,ever_is_cubeA_static,first_is_cubeA_static_step,final_cubeA_x,final_cubeA_y,final_cubeA_z,cubeB_displacement
/workspace/ripl/t2/nominal,best_eval_success_once.pt,rgb,1,0,1000,0,-0.04785773903131485,-0.07407275587320328,0.019999999552965164,2.2209872817820937,-0.08173010498285294,0.07316002249717712,0.019999999552965164,3.0202334063784635,0.15107888072730905,0.7992461245963698,-0.7715502021985268,1,1,200,102.0,1,1,99,0,1,48,1,1,95,1,1,1,-0.08478536456823349,0.07898088544607162,0.05999555438756943,9.240221951273555e-07
/workspace/ripl/t2/nominal,best_eval_success_once.pt,rgb,1,0,1001,1,0.05034229904413223,-0.2028876543045044,0.019999999552965164,-0.5210688949504281,-0.08263708651065826,-0.15327969193458557,0.019999999552965164,2.9641981440572627,0.14193120486004798,-2.7979182681718955,0.34367438541789763,1,1,200,20.0,1,1,180,0,1,44,1,1,176,1,1,1,-0.06360240280628204,-0.16346800327301025,0.05999062955379486,0.001156535454262193
/workspace/ripl/t2/nominal,best_eval_success_once.pt,rgb,1,0,1002,2,-0.18460272252559662,0.10331761091947556,0.019999999552965164,-0.8455889757184076,-0.08871804922819138,0.039706625044345856,0.019999999552965164,0.5927596083014035,0.11506619007056802,1.4383485840198111,-0.13244774277508542,0,0,200,0.0,0,0,-1,0,1,53,0,1,105,1,1,1,-0.10981984436511993,-0.04041767865419388,0.019999917596578598,0.015099375184117622
/workspace/ripl/t2/nominal,best_eval_success_once.pt,rgb,1,0,1003,3,-0.0725330114364624,0.14834745228290558,0.019999999552965164,0.7187643832583208,-0.12859906256198883,-0.09700316190719604,0.019999999552965164,1.5220568196658313,0.2516750404236984,0.8032924364075105,-0.7675038903873861,0,0,200,0.0,0,0,-1,1,1,51,0,0,-1,0,1,1,-0.1310533881187439,-0.11569387465715408,0.026021171361207962,0.047272934518906164
/workspace/ripl/t2/nominal,best_eval_success_once.pt,rgb,1,0,1004,4,0.046912021934986115,0.14068779349327087,0.019999999552965164,2.2368672889171304,0.01513960212469101,-0.2077348530292511,0.019999999552965164,2.353438922251207,0.3498682998934884,0.11657163333407672,0.11657163333407672,1,1,200,71.0,1,1,102,0,1,43,1,1,97,1,1,1,0.011634113267064095,-0.20058786869049072,0.059995222836732864,0.005101488555848075
/workspace/ripl/t2/nominal,best_eval_success_once.pt,rgb,1,0,1005,5,-0.02319347858428955,-0.15072683990001678,0.019999999552965164,-1.1255664055702699,0.040308691561222076,0.03840318322181702,0.019999999552965164,2.885597031189213,0.19950611835042778,-2.2720218704201027,-0.7012255436252062,1,1,200,110.0,1,1,91,0,1,40,1,1,86,1,1,1,0.04398579150438309,0.0394337959587574,0.06000141054391861,2.0164800588375863e-07
/workspace/ripl/t2/nominal,best_eval_success_once.pt,rgb,1,0,1006,6,0.04104688763618469,-0.18104928731918335,0.019999999552965164,-2.3946176437928006,-0.05414664000272751,-0.15272098779678345,0.019999999552965164,0.947653738176069,0.09931918373693545,-2.940913925210717,0.20067872837907608,1,1,200,96.0,1,1,105,0,1,50,1,1,102,1,1,1,-0.05261184275150299,-0.1525488644838333,0.05999819189310074,1.1586611062621145e-06
/workspace/ripl/t2/nominal,best_eval_success_once.pt,rgb,1,0,1007,7,-0.11187456548213959,0.08201026916503906,0.019999999552965164,-2.3204125518543552,-0.01682988554239273,-0.06349869072437286,0.019999999552965164,-2.7640242863894686,0.17379973703359683,-0.4436117345351134,-0.4436117345351134,0,0,200,0.0,0,0,-1,1,1,56,0,1,109,0,1,1,0.052721355110406876,-0.028889063745737076,0.10796791315078735,0.0049547855661469945
/workspace/ripl/t2/nominal,best_eval_success_once.pt,rgb,1,0,1008,8,-0.16040754318237305,-0.012469686567783356,0.019999999552965164,0.5783084686411777,-0.11167170107364655,-0.13701608777046204,0.019999999552965164,3.02268672334265,0.13374224597555298,2.4443782547014723,-0.6972143988883208,1,1,200,98.0,1,1,103,0,1,49,1,1,97,1,1,1,-0.11699847131967545,-0.1302734613418579,0.06000363081693649,1.008253793693842e-06
/workspace/ripl/t2/nominal,best_eval_success_once.pt,rgb,1,0,1009,9,-0.09190875291824341,-0.054952748119831085,0.019999999552965164,-2.81225971090017,-0.10737548023462296,-0.14486154913902283,0.019999999552965164,-3.0396226132415105,0.09122944784765419,-0.2273629023413406,-0.2273629023413406,0,0,200,0.0,0,0,-1,0,1,43,0,0,-1,1,1,1,-0.07656753063201904,-0.07966408133506775,0.019999910145998,0.007153348797065539
/workspace/ripl/t2/nominal,best_eval_success_once.pt,rgb,1,0,1010,0,0.17626626789569855,0.12245764583349228,0.019999999552965164,2.198497900647988,0.10847198218107224,-0.11819339543581009,0.019999999552965164,-0.9136469191676486,0.2500179770327643,-3.1121448198156365,0.029447833774156607,1,1,200,45.0,1,1,155,0,1,89,1,1,150,1,1,1,0.09354224056005478,-0.10588248074054718,0.05999278277158737,1.1333224575320147e-05
/workspace/ripl/t2/nominal,best_eval_success_once.pt,rgb,1,0,1011,1,0.1207786500453949,0.027718059718608856,0.019999999552965164,-0.9096148753649089,0.04828214645385742,-0.212202787399292,0.019999999552965164,1.36069913214182,0.25063470612580563,2.270314007506729,0.6995176807118324,1,1,200,99.0,1,1,101,0,1,45,1,1,97,1,1,1,0.033182933926582336,-0.21466398239135742,0.059995319694280624,3.1333797376568304e-05
/workspace/ripl/t2/nominal,best_eval_success_once.pt,rgb,1,0,1012,2,0.15971504151821136,0.0589352622628212,0.019999999552965164,-2.2173790025572337,0.08961844444274902,0.14333775639533997,0.019999999552965164,-1.1645052834531144,0.10971469335211935,1.0528737191041193,-0.5179226076907772,1,1,200,98.0,1,1,103,0,1,55,1,1,100,1,1,1,0.08609149605035782,0.13649477064609528,0.05999910086393356,2.2393550117786457e-06
/workspace/ripl/t2/nominal,best_eval_success_once.pt,rgb,1,0,1013,3,-0.054875969886779785,0.24835023283958435,0.019999999552965164,-2.716576856013596,0.03652675449848175,-0.05314267426729202,0.019999999552965164,1.7457239517669156,0.3150435383574843,-1.8208844993990745,-0.2500881726041779,1,1,200,48.0,1,1,153,0,1,40,1,1,152,1,1,1,0.044659629464149475,-0.05409936234354973,0.06000162661075592,8.63698493258717e-06
/workspace/ripl/t2/nominal,best_eval_success_once.pt,rgb,1,0,1014,4,0.021399304270744324,0.06558475643396378,0.019999999552965164,0.46762821337164784,-0.07602765411138535,0.18684294819831848,0.019999999552965164,-2.6360486648745756,0.15554922465108673,-3.1036768782462234,0.03791577534356971,1,1,200,102.0,1,1,99,0,1,51,1,1,94,1,1,1,-0.07267331331968307,0.19657264649868011,0.05999847501516342,2.1323244066159036e-06
/workspace/ripl/t2/nominal,best_eval_success_once.pt,rgb,1,0,1015,5,0.06466515362262726,-0.06622465699911118,0.019999999552965164,-0.3378480150189427,-0.046788692474365234,0.059336818754673004,0.019999999552965164,1.8458411527774385,0.16789176276184672,2.1836891677963814,0.6128928410014849,1,1,200,106.0,1,1,95,0,1,42,1,1,92,1,1,1,-0.0489828996360302,0.050663214176893234,0.05999625846743584,3.699871605019312e-07
/workspace/ripl/t2/nominal,best_eval_success_once.pt,rgb,1,0,1016,6,-0.05372314900159836,0.04597125202417374,0.019999999552965164,2.4455721117297067,0.018102891743183136,0.024523921310901642,0.019999999552965164,-0.43704255071000286,0.07495977670588057,-2.8826146624397095,0.2589779911500836,1,1,200,107.0,1,1,94,0,1,42,1,1,88,1,1,1,0.02551509253680706,0.005212470889091492,0.059999819844961166,0.00021509898859906683
/workspace/ripl/t2/nominal,best_eval_success_once.pt,rgb,1,0,1017,7,0.08910585939884186,-0.11032850295305252,0.019999999552965164,2.950647367451904,-0.019832827150821686,0.051344387233257294,0.019999999552965164,0.1814883681382491,0.19495066260046523,-2.769158999313655,0.37243365427613817,1,1,200,103.0,1,1,98,0,1,44,1,1,95,1,1,1,-0.020641904324293137,0.05757135525345802,0.05999908596277237,1.2281074753296214e-05
/workspace/ripl/t2/nominal,best_eval_success_once.pt,rgb,1,0,1018,8,0.12455296516418457,0.08995993435382843,0.019999999552965164,0.9885705344190381,0.030680082738399506,-0.1183711439371109,0.019999999552965164,1.5782222088223843,0.22850373352921557,0.5896516744033464,0.5896516744033464,1,1,200,11.0,1,1,190,0,1,54,1,1,189,1,1,1,0.02836776152253151,-0.12254743278026581,0.05999821051955223,0.005797620579737516
/workspace/ripl/t2/nominal,best_eval_success_once.pt,rgb,1,0,1019,9,0.009500376880168915,0.023156307637691498,0.019999999552965164,-1.127074466042945,0.08184551447629929,0.043742455542087555,0.019999999552965164,0.7362786155271603,0.07521707531767442,1.8633530815701054,0.2925567547752088,0,0,200,0.0,0,0,-1,0,1,38,0,1,83,1,1,1,0.07284550368785858,-0.02268773503601551,0.01999993622303009,0.03439724111669766
/workspace/ripl/t2/nominal,best_eval_success_once.pt,rgb,1,0,1020,0,-0.004960350692272186,-0.1043708547949791,0.019999999552965164,2.1057847965549734,-0.04779009521007538,0.015025131404399872,0.019999999552965164,-1.9529535837345309,0.12684553021680578,2.2244469268900815,0.6536506000951849,1,1,200,106.0,1,1,95,0,1,46,1,1,94,1,1,1,-0.05260210856795311,0.0064270044676959515,0.0599980391561985,1.686696920196976e-06
/workspace/ripl/t2/nominal,best_eval_success_once.pt,rgb,1,0,1021,1,-0.10263459384441376,-0.21136319637298584,0.019999999552965164,-0.7463243542581273,0.04488401859998703,-0.024693481624126434,0.019999999552965164,-0.015600506456158847,0.2379229358887912,0.7307238478019684,0.7307238478019684,0,0,200,0.0,0,0,-1,0,1,60,0,0,-1,1,1,1,-0.09426971524953842,-0.16169863939285278,0.020000018179416656,7.99691071238669e-07
/workspace/ripl/t2/nominal,best_eval_success_once.pt,rgb,1,0,1022,2,-0.18370506167411804,0.09881327301263809,0.019999999552965164,2.374227639911412,-0.02352289855480194,-0.13475555181503296,0.019999999552965164,2.9629824166835745,0.28321850453839076,0.5887547767721624,0.5887547767721624,0,0,200,0.0,0,0,-1,0,1,58,0,1,131,1,1,1,-0.0599927194416523,-0.20329390466213226,0.019999900832772255,0.000879949995784461
/workspace/ripl/t2/nominal,best_eval_success_once.pt,rgb,1,0,1023,3,-0.13998067378997803,-0.06302610039710999,0.019999999552965164,1.489696031734666,-0.14224588871002197,-0.16005423665046692,0.019999999552965164,-1.4384953964715326,0.09705457445908455,-2.9281914282061985,0.21340122538359463,1,1,200,101.0,1,1,100,0,1,49,1,1,98,1,1,1,-0.13292273879051208,-0.16808806359767914,0.05999581143260002,3.323259628702098e-06
/workspace/ripl/t2/nominal,best_eval_success_once.pt,rgb,1,0,1024,4,0.0037662051618099213,0.22985661029815674,0.019999999552965164,2.263513395921435,0.12451821565628052,0.15559163689613342,0.019999999552965164,0.14301450734278331,0.14176154031633534,-2.120498888578652,-0.5497025617837554,0,0,200,0.0,0,0,-1,1,1,49,0,0,-1,0,1,1,0.11760488897562027,0.13291440904140472,0.11356404423713684,0.023541289301571462
/workspace/ripl/t2/nominal,best_eval_success_once.pt,rgb,1,0,1025,5,-0.05303603410720825,0.045089930295944214,0.019999999552965164,1.7804969277494687,-0.12982569634914398,0.09832638502120972,0.019999999552965164,-2.1703294979609735,0.09343860197448275,2.332358881469144,0.7615625546742475,1,1,200,112.0,1,1,89,0,1,43,1,1,85,1,1,1,-0.11562173068523407,0.09881708770990372,0.059998564422130585,6.3683943886632025e-06
/workspace/ripl/t2/nominal,best_eval_success_once.pt,rgb,1,0,1026,6,-0.15013983845710754,0.020621977746486664,0.019999999552965164,-0.7774398708818038,-0.05857598036527634,0.22995486855506897,0.019999999552965164,0.4056866253825242,0.22848238287215678,1.183126496264328,-0.3876698305305686,1,1,200,86.0,1,1,115,0,1,53,1,1,107,1,1,1,-0.060481175780296326,0.23498383164405823,0.0600019171833992,0.0001397561641757919
/workspace/ripl/t2/nominal,best_eval_success_once.pt,rgb,1,0,1027,7,-0.1461745649576187,0.03200698643922806,0.019999999552965164,2.0232897771502363,-0.1798316091299057,0.11489393562078476,0.019999999552965164,-1.9460281655250027,0.08945972818559891,2.313867364504347,0.7430710377094503,0,0,200,0.0,0,0,-1,0,1,48,0,0,-1,1,1,1,-0.058400578796863556,0.14728227257728577,0.01999993436038494,0.041958206008397246
/workspace/ripl/t2/nominal,best_eval_success_once.pt,rgb,1,0,1028,8,0.02340119332075119,0.12828943133354187,0.019999999552965164,-1.508156522974196,0.09297176450490952,-0.0881827250123024,0.019999999552965164,1.3728470087103553,0.22737690922323156,2.8810035316845513,-0.26058912190524186,1,1,200,107.0,1,1,94,0,1,42,1,1,91,1,1,1,0.09384182095527649,-0.0778527706861496,0.05999864637851715,3.6576204623680047e-07
/workspace/ripl/t2/nominal,best_eval_success_once.pt,rgb,1,0,1029,9,0.08144313842058182,-0.09890780597925186,0.019999999552965164,0.034047929613029826,0.0434054359793663,0.24658867716789246,0.019999999552965164,-2.8025056117927702,0.34758407137561903,-2.8365535414058005,0.3050391121839926,1,1,200,102.0,1,1,99,0,1,42,1,1,92,1,1,1,0.051904916763305664,0.24040453135967255,0.05999621003866196,2.549416235515853e-06
/workspace/ripl/t2/nominal,best_eval_success_once.pt,rgb,1,0,1030,0,-0.08455409854650497,-0.05730815976858139,0.019999999552965164,2.0223519152409937,-0.09449384361505508,-0.17030027508735657,0.019999999552965164,-0.49305088609127345,0.11342846492939572,-2.515402801332267,0.626189852257526,0,0,200,0.0,0,0,-1,0,1,48,0,1,96,1,1,1,-0.03293979540467262,-0.12276491522789001,0.019999928772449493,0.03521818637343013
/workspace/ripl/t2/nominal,best_eval_success_once.pt,rgb,1,0,1031,1,-0.023854974657297134,0.12799331545829773,0.019999999552965164,2.315194504972091,-0.11715531349182129,0.022065214812755585,0.019999999552965164,2.8961770251496834,0.14115847736855594,0.5809825201775927,0.5809825201775927,1,0,200,54.0,0,1,95,0,1,46,1,1,94,0,1,1,-0.11246006935834885,0.004377844277769327,0.0599961057305336,1.0434389166516072e-05
/workspace/ripl/t2/nominal,best_eval_success_once.pt,rgb,1,0,1032,2,-0.08395062386989594,0.00467362254858017,0.019999999552965164,1.4372630714864918,0.04160601645708084,-0.06577437371015549,0.019999999552965164,-1.4107250367844344,0.14397010143452926,-2.8479881082709264,0.2936045453188667,1,0,200,73.0,0,1,107,0,1,46,1,1,100,0,1,1,0.05769060179591179,-0.08004245907068253,0.059997688978910446,0.0007904393401991192
/workspace/ripl/t2/nominal,best_eval_success_once.pt,rgb,1,0,1033,3,0.0035165250301361084,-0.12008318305015564,0.019999999552965164,1.8568392478200872,0.003457695245742798,0.08568072319030762,0.019999999552965164,0.2886003592044446,0.20576391465045002,-1.5682388886156424,0.0025574381792541345,1,1,200,112.0,1,1,89,0,1,39,1,1,86,1,1,1,0.00644639553502202,0.09299910813570023,0.05999712646007538,2.0249619332068136e-06
/workspace/ripl/t2/nominal,best_eval_success_once.pt,rgb,1,0,1034,4,-0.043804895132780075,0.18649595975875854,0.019999999552965164,2.9793026177551436,-0.032293763011693954,-0.04226251691579819,0.019999999552965164,-2.087996420787576,0.22904791379353975,1.2158862686368668,-0.3549100581580298,1,1,200,89.0,1,1,112,0,1,57,1,1,105,1,1,1,-0.0366666242480278,-0.046885404735803604,0.05999807268381119,1.5790485679213314e-06
/workspace/ripl/t2/nominal,best_eval_success_once.pt,rgb,1,0,1035,5,-0.05573001131415367,-0.050169527530670166,0.019999999552965164,0.18269501354201623,-0.012318622320890427,0.004025816917419434,0.019999999552965164,-0.35015230606676173,0.06943834714458211,-0.532847319608778,-0.532847319608778,1,0,200,67.0,0,1,93,1,1,44,0,1,87,0,1,1,-0.013687308877706528,0.019052594900131226,0.12414886802434921,0.0050951562230565775
/workspace/ripl/t2/nominal,best_eval_success_once.pt,rgb,1,0,1036,6,-0.009255051612854004,0.07098229974508286,0.019999999552965164,2.915486777007708,-0.07574322074651718,-0.03278936445713043,0.019999999552965164,2.312345052473696,0.12324461418676078,-0.6031417245340118,-0.6031417245340118,1,1,200,113.0,1,1,88,0,1,45,1,1,87,1,1,1,-0.0705530047416687,-0.027461959049105644,0.05999792367219925,1.8559275131048488e-06
/workspace/ripl/t2/nominal,best_eval_success_once.pt,rgb,1,0,1037,7,0.12499861419200897,0.10758315771818161,0.019999999552965164,-0.00909120292219967,-0.014842722564935684,-0.15051516890525818,0.019999999552965164,2.791845485810125,0.29354785925260807,2.8009366887323246,-0.3406559648574685,1,1,200,90.0,1,1,111,0,1,51,1,1,106,1,1,1,-0.004936995450407267,-0.14495298266410828,0.060001593083143234,8.318749239138465e-07
/workspace/ripl/t2/nominal,best_eval_success_once.pt,rgb,1,0,1038,8,0.08035854995250702,-0.11205998808145523,0.019999999552965164,2.050780244942246,0.18011286854743958,-0.1767662763595581,0.019999999552965164,1.6497679775484346,0.11890259804170916,-0.4010122673938117,-0.4010122673938117,0,0,200,0.0,0,0,-1,1,1,44,1,1,101,0,1,1,0.1587248593568802,-0.19534046947956085,0.060223665088415146,0.0003422366793913202
/workspace/ripl/t2/nominal,best_eval_success_once.pt,rgb,1,0,1039,9,0.03534170985221863,-0.005141302943229675,0.019999999552965164,1.28977220076284,-0.0481518879532814,-0.21549010276794434,0.019999999552965164,-2.7380421158837533,0.22631349597892847,2.2553709905329926,0.6845746637380961,1,1,200,102.0,1,1,99,0,1,44,1,1,98,1,1,1,-0.04904986917972565,-0.22350673377513885,0.05999729037284851,2.862834210592395e-05
/workspace/ripl/t2/nominal,best_eval_success_once.pt,rgb,1,0,1040,0,0.0883958637714386,0.007639013230800629,0.019999999552965164,0.2942591531260965,0.017887450754642487,-0.03651804476976395,0.019999999552965164,-2.226795432936485,0.08319424305450665,-2.521054586062581,0.6205380675272121,1,1,200,105.0,1,1,96,0,1,45,1,1,95,1,1,1,0.008227374404668808,-0.0284067802131176,0.05999913811683655,1.0945207838962764e-06
/workspace/ripl/t2/nominal,best_eval_success_once.pt,rgb,1,0,1041,1,-0.01834520697593689,0.015741731971502304,0.019999999552965164,-0.1372621666021523,0.07442479580640793,-0.1494019627571106,0.019999999552965164,-1.7231619617090077,0.1894167714983379,-1.5858997951068554,-0.015103468311958856,1,1,200,105.0,1,1,96,0,1,37,1,1,83,1,1,1,0.06907762587070465,-0.1543392688035965,0.06000390648841858,0.00027602210694768905
/workspace/ripl/t2/nominal,best_eval_success_once.pt,rgb,1,0,1042,2,-0.17929565906524658,0.05461019650101662,0.019999999552965164,1.4062473233291994,-0.18820369243621826,-0.10776370763778687,0.019999999552965164,2.4460601671063564,0.16261807342302295,1.039812843777157,-0.5309834830177396,0,0,200,0.0,0,0,-1,0,1,57,0,0,-1,0,1,1,-0.1395026594400406,-0.07384797185659409,0.020294202491641045,0.010563455012691465
/workspace/ripl/t2/nominal,best_eval_success_once.pt,rgb,1,0,1043,3,-0.1472417116165161,-0.022499486804008484,0.019999999552965164,0.34437979512068306,0.001499183475971222,0.1903504729270935,0.019999999552965164,2.782149761812557,0.259670867119217,2.437769966691874,-0.7038226868979192,0,0,200,0.0,0,0,-1,0,1,53,1,1,114,0,1,1,0.014104991219937801,0.1685808002948761,0.06001077592372894,0.0003360744555329744
/workspace/ripl/t2/nominal,best_eval_success_once.pt,rgb,1,0,1044,4,0.05042187124490738,0.17023956775665283,0.019999999552965164,-0.7669341856175325,-0.058690547943115234,-0.057749874889850616,0.019999999552965164,-1.2174313805429335,0.2527542402796164,-0.4504971949254011,-0.4504971949254011,1,1,200,13.0,1,1,188,0,1,42,1,1,96,1,1,1,-0.05568796768784523,-0.05258151516318321,0.059997983276844025,6.306895747421078e-05
/workspace/ripl/t2/nominal,best_eval_success_once.pt,rgb,1,0,1045,5,0.030016325414180756,0.19471010565757751,0.019999999552965164,-0.7468917652227844,0.008457981050014496,-0.05102890729904175,0.019999999552965164,-0.8063858481919408,0.24668284233123605,-0.05949408296915637,-0.05949408296915637,1,1,200,104.0,1,1,97,0,1,43,1,1,94,1,1,1,0.004051473457366228,-0.0683479756116867,0.05999521538615227,6.62040745183059e-06
/workspace/ripl/t2/nominal,best_eval_success_once.pt,rgb,1,0,1046,6,0.04325027018785477,0.06545144319534302,0.019999999552965164,0.5773171634434973,0.05337666720151901,0.16679108142852783,0.019999999552965164,2.5210874762107487,0.10184432332590325,1.9437703127672514,0.37297398597235487,1,1,200,113.0,1,1,88,0,1,43,1,1,84,1,1,1,0.04565826803445816,0.1673223227262497,0.05999802052974701,6.216213668470428e-07
/workspace/ripl/t2/nominal,best_eval_success_once.pt,rgb,1,0,1047,7,-0.06957097351551056,0.06975250691175461,0.019999999552965164,1.663303117863721,0.022682063281536102,-0.037657953798770905,0.019999999552965164,2.0430264229846955,0.14158965311181673,0.3797233051209745,0.3797233051209745,1,1,200,107.0,1,1,94,0,1,40,1,1,89,1,1,1,0.024746965616941452,-0.049729179590940475,0.0599970780313015,0.0003203702867122599
/workspace/ripl/t2/nominal,best_eval_success_once.pt,rgb,1,0,1048,8,0.086800217628479,-0.027631238102912903,0.019999999552965164,-2.1054271741116235,-0.05568966269493103,0.06257166713476181,0.019999999552965164,2.6693013012286113,0.16864142464974802,-1.5084568318393519,0.062339494955544694,1,1,200,87.0,1,1,113,0,1,50,1,1,108,1,1,1,-0.04164966568350792,0.04736919328570366,0.05999024212360382,3.625884583519748e-05
/workspace/ripl/t2/nominal,best_eval_success_once.pt,rgb,1,0,1049,9,-0.12052448093891144,-0.08828555047512054,0.019999999552965164,-1.335089626541654,-0.054599881172180176,-0.05495169758796692,0.019999999552965164,1.0831319157564923,0.07387285430187535,2.4182215422981463,-0.7233711112916468,1,1,200,97.0,1,1,104,0,1,45,1,1,95,1,1,1,-0.05364881828427315,-0.05291241407394409,0.06000091880559921,0.0010248477996317785
/workspace/ripl/t2/nominal,best_eval_success_once.pt,rgb,1,0,1050,0,-0.028076134622097015,-0.10305161774158478,0.019999999552965164,-1.5052130901904208,0.1136271208524704,0.008382905274629593,0.019999999552965164,-1.8278935183467375,0.18027053428650433,-0.3226804281563167,-0.3226804281563167,0,0,200,0.0,0,0,-1,1,1,37,0,1,87,0,1,1,0.09386847913265228,-0.05598967894911766,0.10619044303894043,0.006749632482879082
/workspace/ripl/t2/nominal,best_eval_success_once.pt,rgb,1,0,1051,1,-0.01935362070798874,0.06100881099700928,0.019999999552965164,2.0504034934960864,0.05968558043241501,-0.0262383371591568,0.019999999552965164,2.327828604120553,0.1177253591130526,0.2774251106244665,0.2774251106244665,1,1,200,115.0,1,1,86,0,1,37,1,1,79,1,1,1,0.04994595795869827,-0.036077581346035004,0.05999421328306198,8.446212438016336e-06
/workspace/ripl/t2/nominal,best_eval_success_once.pt,rgb,1,0,1052,2,-0.022713936865329742,-0.2248145043849945,0.019999999552965164,-1.421079073338257,-0.04669328033924103,0.07982427626848221,0.019999999552965164,2.328209162626072,0.3055810785887714,-2.5338970712152573,0.6076955823745358,1,0,200,53.0,0,1,95,0,1,39,1,1,88,0,1,1,-0.06413384526968002,0.08106619119644165,0.059980690479278564,2.3847008731752468e-06
/workspace/ripl/t2/nominal,best_eval_success_once.pt,rgb,1,0,1053,3,0.029606573283672333,0.144159734249115,0.019999999552965164,2.1088561706181888,0.1653706282377243,0.1501975655555725,0.019999999552965164,-2.3998449882391455,0.1358982487909689,1.7744841483222515,0.20368782152735498,1,1,200,81.0,1,1,120,0,1,50,1,1,112,1,1,1,0.16090534627437592,0.14912556111812592,0.05999927595257759,1.316709639690788e-06
/workspace/ripl/t2/nominal,best_eval_success_once.pt,rgb,1,0,1054,4,0.030497044324874878,-0.002968132495880127,0.019999999552965164,2.41771544634282,-0.01672334223985672,-0.20064271986484528,0.019999999552965164,-0.25842171957209725,0.20323633385498105,-2.676137165914917,0.465455487674876,1,1,200,109.0,1,1,92,0,1,42,1,1,89,1,1,1,-0.02741863578557968,-0.20948411524295807,0.05999729409813881,2.7332976871820154e-06
/workspace/ripl/t2/nominal,best_eval_success_once.pt,rgb,1,0,1055,5,0.0026690922677516937,0.06454957276582718,0.019999999552965164,2.620775513920587,0.005082126706838608,-0.031597137451171875,0.019999999552965164,2.9702864082880036,0.09617698592051951,0.34951089436741656,0.34951089436741656,1,0,200,5.0,0,1,85,0,1,40,0,1,82,1,1,1,-0.010084761306643486,-0.08091516047716141,0.01999991573393345,0.07851373565754474
/workspace/ripl/t2/nominal,best_eval_success_once.pt,rgb,1,0,1056,6,-0.005039133131504059,-0.12251066416501999,0.019999999552965164,2.8316416541541503,0.03732381761074066,-0.07728089392185211,0.019999999552965164,-0.1891587422540444,0.061970571337043576,-3.0208003964081946,0.12079225718159847,1,1,200,77.0,1,1,86,0,1,41,1,1,85,1,1,1,0.019402509555220604,-0.08577468991279602,0.059996597468853,2.8447269003621415e-06
/workspace/ripl/t2/nominal,best_eval_success_once.pt,rgb,1,0,1057,7,0.023221690207719803,0.037793517112731934,0.019999999552965164,0.26167407453153535,0.07367999106645584,0.09412863850593567,0.019999999552965164,-2.8117965296611027,0.07562860588386991,-3.0734706041926376,0.06812204939715549,1,1,200,110.0,1,1,91,0,1,44,1,1,90,1,1,1,0.06426633149385452,0.08934585005044937,0.05999501422047615,3.752046108039174e-06
/workspace/ripl/t2/nominal,best_eval_success_once.pt,rgb,1,0,1058,8,0.022162586450576782,0.07512897998094559,0.019999999552965164,1.9620005906726292,0.1136215329170227,-0.016110919415950775,0.019999999552965164,2.9075880168870967,0.1291876856774979,0.9455874262144675,-0.6252089005804291,1,1,200,104.0,1,1,97,0,1,40,1,1,87,1,1,1,0.11361633986234665,-0.0243021659553051,0.059998735785484314,0.0001916182417449936
/workspace/ripl/t2/nominal,best_eval_success_once.pt,rgb,1,0,1059,9,-0.011372506618499756,0.16726356744766235,0.019999999552965164,2.3923652280878804,-0.05313163995742798,-0.1597953736782074,0.019999999552965164,1.676496872805306,0.3297140824829803,-0.7158683552825744,-0.7158683552825744,1,1,200,43.0,1,1,116,0,1,50,1,1,113,1,1,1,-0.07135479152202606,-0.17013868689537048,0.060004912316799164,3.9535912020820566e-05
/workspace/ripl/t2/nominal,best_eval_success_once.pt,rgb,1,0,1060,0,0.019537009298801422,-0.23824529349803925,0.019999999552965164,0.12999513221634285,-0.10393942147493362,-0.007912278175354004,0.019999999552965164,-1.9126247585349754,0.26134216442101593,-2.0426198907513182,-0.47182356395642167,0,0,200,0.0,0,0,-1,0,1,64,0,1,118,1,1,1,-0.11203666031360626,-0.06824198365211487,0.019999900832772255,0.036773707922658494
/workspace/ripl/t2/nominal,best_eval_success_once.pt,rgb,1,0,1061,1,-0.034092098474502563,-0.13502267003059387,0.019999999552965164,0.03520328504710157,0.0059503912925720215,-0.07196901738643646,0.019999999552965164,-2.13506587618883,0.07469380227646957,-2.1702691612359315,-0.5994728344410349,1,1,200,98.0,1,1,87,0,1,45,1,1,83,1,1,1,0.005192291457206011,-0.06633272022008896,0.059998031705617905,0.003365775262924932
/workspace/ripl/t2/nominal,best_eval_success_once.pt,rgb,1,0,1062,2,0.0044236257672309875,-0.018958985805511475,0.019999999552965164,2.926121932690944,-0.06681409478187561,-0.15632683038711548,0.019999999552965164,-1.908375657958115,0.1547408722801714,1.448687716530527,-0.12210861026436959,1,0,200,7.0,0,1,87,0,1,37,0,1,84,1,1,1,-0.008009074255824089,-0.11227428913116455,0.019999949261546135,0.003690650487594652
/workspace/ripl/t2/nominal,best_eval_success_once.pt,rgb,1,0,1063,3,-0.03793561831116676,-0.09362126141786575,0.019999999552965164,-2.05435556126171,0.01498124748468399,0.1550346314907074,0.019999999552965164,-0.29905112341905715,0.25422420766680714,1.755304437842653,0.18450811104775644,0,0,200,0.0,0,0,-1,0,1,39,0,1,91,1,1,1,0.009024813771247864,0.06429615616798401,0.020000016316771507,3.66367192946555e-05
/workspace/ripl/t2/nominal,best_eval_success_once.pt,rgb,1,0,1064,4,-0.0993649959564209,0.12281547486782074,0.019999999552965164,-1.9695666810982715,-0.159246563911438,0.009667158126831055,0.019999999552965164,-1.461918617066388,0.1280169666961011,0.5076480640318835,0.5076480640318835,0,0,200,0.0,0,0,-1,0,1,42,0,1,93,0,1,1,-0.13470298051834106,0.11928504705429077,0.020000210031867027,0.0201460188108996
/workspace/ripl/t2/nominal,best_eval_success_once.pt,rgb,1,0,1065,5,-0.052574239671230316,-0.23937839269638062,0.019999999552965164,-3.111682956463329,-0.15105649828910828,0.15178988873958588,0.019999999552965164,-1.0689123440040493,0.40337498641344394,2.0427706124592797,0.47197428566438315,0,0,200,0.0,0,0,-1,1,1,81,0,0,-1,0,1,1,-0.12112230062484741,0.1419416218996048,0.0829227939248085,0.04196758264605298
/workspace/ripl/t2/nominal,best_eval_success_once.pt,rgb,1,0,1066,6,-0.10793474316596985,-0.19440194964408875,0.019999999552965164,0.5018832673546796,-0.023020245134830475,-0.13541734218597412,0.019999999552965164,2.2725817574672167,0.10339079210871849,1.770698490112537,0.19990216331764055,0,0,200,0.0,0,0,-1,0,1,55,0,1,104,0,1,1,0.002769459504634142,-0.09601552039384842,0.05429043620824814,8.05809747378441e-05
/workspace/ripl/t2/nominal,best_eval_success_once.pt,rgb,1,0,1067,7,0.1289941817522049,0.04934513568878174,0.019999999552965164,-1.051541107949303,-0.012058824300765991,0.09660005569458008,0.019999999552965164,2.4449349443160635,0.14875811904341169,-2.7867092549142196,0.3548833986755735,0,0,200,0.0,0,0,-1,0,1,48,0,1,104,1,1,1,-0.04864794388413429,0.02739996649324894,0.01999993808567524,0.003923573503390263
/workspace/ripl/t2/nominal,best_eval_success_once.pt,rgb,1,0,1068,8,0.19501470029354095,0.13150402903556824,0.019999999552965164,2.478845676727919,0.12799948453903198,-0.0034275278449058533,0.019999999552965164,-0.4020970404334765,0.15065710797971665,-2.8809427171613953,0.26064993642839784,0,0,200,0.0,0,0,-1,0,0,-1,0,0,-1,1,1,1,0.19501444697380066,0.13150373101234436,0.01999998278915882,7.090007738616321e-07
/workspace/ripl/t2/nominal,best_eval_success_once.pt,rgb,1,0,1069,9,-0.06884902715682983,0.1693863421678543,0.019999999552965164,3.061431653444948,-0.10048943012952805,-0.08366116136312485,0.019999999552965164,2.6176428889726377,0.25501794866937433,-0.4437887644723104,-0.4437887644723104,1,1,200,93.0,1,1,108,0,1,51,1,1,104,1,1,1,-0.10771879553794861,-0.07092750817537308,0.05999941751360893,3.5375510455852184e-06
/workspace/ripl/t2/nominal,best_eval_success_once.pt,rgb,1,0,1070,0,-0.08488824963569641,-0.18234091997146606,0.019999999552965164,-0.3802383539066727,-0.10333548486232758,-0.03899924457073212,0.019999999552965164,-2.5880864764479004,0.14452382638927064,-2.207848122541227,-0.6370517957463306,0,0,200,0.0,0,0,-1,0,1,62,0,0,-1,1,1,1,-0.09876180440187454,-0.20006325840950012,0.019999925047159195,1.0062697996111053e-06
/workspace/ripl/t2/nominal,best_eval_success_once.pt,rgb,1,0,1071,1,0.013243615627288818,0.1641198694705963,0.019999999552965164,-1.79246774677552,-0.051973678171634674,-0.001307763159275055,0.019999999552965164,2.3268324998501195,0.1778190008069407,-2.1638850605539464,-0.5930887337590498,1,1,200,105.0,1,1,96,0,1,46,1,1,92,1,1,1,-0.050832364708185196,-0.008587539196014404,0.059996165335178375,2.4919918310610238e-06
/workspace/ripl/t2/nominal,best_eval_success_once.pt,rgb,1,0,1072,2,0.11394695937633514,0.058753855526447296,0.019999999552965164,1.507504729657322,0.08166125416755676,-0.013614021241664886,0.019999999552965164,-2.986337006598175,0.07924314701444415,1.789343570924089,0.21854724412919246,1,1,200,106.0,1,1,95,0,1,49,1,1,94,1,1,1,0.08274513483047485,-0.01145610585808754,0.060001570731401443,0.00020321653385785925
/workspace/ripl/t2/nominal,best_eval_success_once.pt,rgb,1,0,1073,3,0.04535149037837982,0.20094501972198486,0.019999999552965164,-0.942499045846378,0.03662829101085663,0.1342790424823761,0.019999999552965164,0.2616294694657242,0.06723426751677741,1.2041285153121022,-0.36666781148279437,1,1,200,101.0,1,1,100,0,1,53,1,1,96,1,1,1,0.029573997482657433,0.11830921471118927,0.05999507009983063,3.813592979221499e-06
/workspace/ripl/t2/nominal,best_eval_success_once.pt,rgb,1,0,1074,4,0.0027724355459213257,0.06591661274433136,0.019999999552965164,-2.40661644059976,0.11779831349849701,-0.20494875311851501,0.019999999552965164,2.624084826236583,0.2942770786567898,-1.2524840403432433,0.3183122864516532,0,0,200,0.0,0,0,-1,0,1,38,0,0,-1,1,1,1,0.09395219385623932,-0.11943145841360092,0.019999928772449493,5.773537543970297e-05
/workspace/ripl/t2/nominal,best_eval_success_once.pt,rgb,1,0,1075,5,0.08247575163841248,0.06764538586139679,0.019999999552965164,1.9543400139533835,-0.02672944962978363,0.1274557262659073,0.019999999552965164,-0.2788971166787264,0.12451125572947468,-2.2332371306321104,-0.6624408038372138,0,0,200,0.0,0,0,-1,1,1,46,0,0,-1,0,1,1,-0.008833893574774265,0.006450957152992487,0.06099500134587288,0.00021731946288291852
/workspace/ripl/t2/nominal,best_eval_success_once.pt,rgb,1,0,1076,6,0.10619649291038513,0.1969412863254547,0.019999999552965164,1.8757177040828819,0.10642358660697937,0.057969920337200165,0.019999999552965164,0.7348992532238445,0.13897155153551544,-1.1408184508590375,0.429977875935859,0,0,200,0.0,0,0,-1,0,1,49,0,0,-1,1,1,1,0.08477135747671127,-0.017494922503829002,0.019999884068965912,0.00041957374414850726
/workspace/ripl/t2/nominal,best_eval_success_once.pt,rgb,1,0,1077,7,-0.02645961567759514,0.16536292433738708,0.019999999552965164,2.6180374624869085,-0.020066849887371063,0.23975273966789246,0.019999999552965164,-1.4045351760469114,0.07466399453120193,2.2606126686457664,0.6898163418508698,0,0,200,0.0,0,0,-1,0,1,53,0,0,-1,1,1,1,-0.05539029836654663,0.16662314534187317,0.019999910145998,0.000690992638639638
/workspace/ripl/t2/nominal,best_eval_success_once.pt,rgb,1,0,1078,8,0.002360232174396515,-0.09778056293725967,0.019999999552965164,-1.7683847959914303,0.05062105506658554,0.18236330151557922,0.019999999552965164,-0.6002386462565847,0.28427045540611817,1.1681461497348455,-0.402650177060051,0,0,200,0.0,0,0,-1,0,1,47,0,1,98,1,1,1,0.016742756590247154,0.26316675543785095,0.019999999552965164,0.01635293970256819
/workspace/ripl/t2/nominal,best_eval_success_once.pt,rgb,1,0,1079,9,-0.01713818684220314,-0.2083425670862198,0.019999999552965164,-2.241652289839239,0.09132084250450134,-0.2435804009437561,0.019999999552965164,-0.32136133933048283,0.11403975614583116,1.9202909505087562,0.34949462371385964,1,1,200,61.0,1,1,140,0,1,45,1,1,135,1,1,1,0.08998671174049377,-0.2614845335483551,0.0599994994699955,0.01235576932022685
/workspace/ripl/t2/nominal,best_eval_success_once.pt,rgb,1,0,1080,0,-0.007788859307765961,-0.04455258697271347,0.019999999552965164,1.930184184380172,0.03323735296726227,0.11268448084592819,0.019999999552965164,-2.1366813569501915,0.1625012171949484,2.2163197658492226,0.6455234390543261,1,1,200,101.0,1,1,100,0,1,52,1,1,100,1,1,1,0.026970842853188515,0.11353737115859985,0.06000193953514099,6.200118726899191e-07
/workspace/ripl/t2/nominal,best_eval_success_once.pt,rgb,1,0,1081,1,-0.08559788763523102,-0.10809394717216492,0.019999999552965164,-1.3159605966307364,0.052155300974845886,0.031107082962989807,0.019999999552965164,-1.602064425041057,0.19583888215298736,-0.28610382841032056,-0.28610382841032056,1,1,200,95.0,1,1,106,0,1,45,1,1,98,1,1,1,0.05249915271997452,0.039666272699832916,0.06000533327460289,9.469567767272902e-07
/workspace/ripl/t2/nominal,best_eval_success_once.pt,rgb,1,0,1082,2,-0.03804135322570801,-0.09655128419399261,0.019999999552965164,3.0377831657431553,0.0920463353395462,-0.24473272264003754,0.019999999552965164,1.7406263312924393,0.1971815037375199,-1.2971568344507158,0.2736394923441807,1,1,200,100.0,1,1,101,0,1,38,1,1,92,1,1,1,0.0854383036494255,-0.2585392892360687,0.05999443680047989,1.0462960448322625e-06
/workspace/ripl/t2/nominal,best_eval_success_once.pt,rgb,1,0,1083,3,0.055082447826862335,0.03750007599592209,0.019999999552965164,-0.4824894082165474,-0.0800851359963417,0.031933389604091644,0.019999999552965164,1.4635382657914433,0.13528216332535448,1.9460276740079907,0.37523134721309415,1,1,200,101.0,1,1,100,0,1,43,1,1,99,1,1,1,-0.08238555490970612,0.019406883046030998,0.05999589338898659,2.972783992313482e-06
/workspace/ripl/t2/nominal,best_eval_success_once.pt,rgb,1,0,1084,4,0.15641137957572937,-0.0308050736784935,0.019999999552965164,-1.700953845836131,-0.002904355525970459,-0.12763836979866028,0.019999999552965164,-2.9416394881150865,0.18643548666627524,-1.2406856422789554,0.33011068451594117,1,1,200,87.0,1,1,114,0,1,53,1,1,107,1,1,1,-0.007844975218176842,-0.11644048988819122,0.059996314346790314,0.000466325636495657
/workspace/ripl/t2/nominal,best_eval_success_once.pt,rgb,1,0,1085,5,-0.17964237928390503,0.1715889573097229,0.019999999552965164,-3.0632629980195016,-0.08551361411809921,-0.04918120801448822,0.019999999552965164,-1.3989252237343486,0.23999935485104731,1.664337774285153,0.0935414474902565,1,1,200,75.0,1,1,126,0,1,63,1,1,120,1,1,1,-0.08619685471057892,-0.06088021770119667,0.05999749153852463,3.8756502308696393e-05
/workspace/ripl/t2/nominal,best_eval_success_once.pt,rgb,1,0,1086,6,0.007701091468334198,-0.05121481418609619,0.019999999552965164,0.3263967372231873,-0.10985925793647766,-0.09039314091205597,0.019999999552965164,0.5710861772867459,0.12391681498984511,0.24468944006355864,0.24468944006355864,0,0,200,0.0,0,0,-1,1,1,39,0,1,88,0,1,1,-0.08086828887462616,0.031160619109869003,0.09732222557067871,0.0064660625639923214
/workspace/ripl/t2/nominal,best_eval_success_once.pt,rgb,1,0,1087,7,-0.1717618852853775,-0.09656474739313126,0.019999999552965164,-3.0733359407991134,-0.0790691003203392,-0.08247154951095581,0.019999999552965164,-2.389878571615583,0.09375804291430674,0.6834573691835306,0.6834573691835306,1,1,200,86.0,1,1,115,0,1,58,1,1,112,1,1,1,-0.07064034044742584,-0.09481162577867508,0.059993643313646317,0.0015367050282097537
/workspace/ripl/t2/nominal,best_eval_success_once.pt,rgb,1,0,1088,8,0.013063795864582062,-0.09682747721672058,0.019999999552965164,0.8392121743407612,0.057783499360084534,-0.15133316814899445,0.019999999552965164,-2.3797186029474826,0.07050334903201562,3.0642545298913424,-0.07733812369845072,0,0,200,0.0,0,0,-1,1,1,48,0,0,-1,0,1,1,0.04943997040390968,-0.09636261314153671,0.09215069562196732,0.0028527089463522715
/workspace/ripl/t2/nominal,best_eval_success_once.pt,rgb,1,0,1089,9,-0.09493626654148102,0.10531849414110184,0.019999999552965164,1.9044874644999592,-0.14581719040870667,0.022901736199855804,0.019999999552965164,2.7921388995497742,0.09685757793341909,0.8876514350498148,-0.6831448917450818,0,0,200,0.0,0,0,-1,0,1,44,0,1,87,1,1,1,-0.01720236986875534,0.04561181366443634,0.019999884068965912,0.08381592541873485
/workspace/ripl/t2/nominal,best_eval_success_once.pt,rgb,1,0,1090,0,0.03717126324772835,-0.03936105966567993,0.019999999552965164,-1.0839403990240548,-0.0026615075767040253,-0.17157909274101257,0.019999999552965164,2.015457622871048,0.13808786297811082,3.099398021895103,-0.04219463169469018,1,0,200,2.0,0,1,87,1,1,45,0,1,84,0,1,1,0.0011605571489781141,-0.1314951479434967,0.05987710505723953,0.0012381156553273427
/workspace/ripl/t2/nominal,best_eval_success_once.pt,rgb,1,0,1091,1,0.010550804436206818,0.2626258432865143,0.019999999552965164,0.46567068884136864,0.16473615169525146,0.028172917664051056,0.019999999552965164,-1.5243089466910087,0.2806087946631831,-1.989979635532377,-0.41918330873748033,0,0,200,0.0,0,0,-1,0,1,41,0,1,98,1,1,1,0.1493929922580719,0.04973658174276352,0.01999993436038494,0.04209922924573684
/workspace/ripl/t2/nominal,best_eval_success_once.pt,rgb,1,0,1092,2,0.10925856977701187,-0.03715869039297104,0.019999999552965164,2.585521730150592,0.025600016117095947,0.03272860497236252,0.019999999552965164,1.1508946790856067,0.10900911729736373,-1.434627051064985,0.13616927572991155,1,1,200,98.0,1,1,103,0,1,49,1,1,99,1,1,1,0.024954285472631454,0.030536837875843048,0.05999710410833359,1.5615410928181963e-06
/workspace/ripl/t2/nominal,best_eval_success_once.pt,rgb,1,0,1093,3,-0.11592449247837067,0.1102934181690216,0.019999999552965164,2.0700278852454463,-0.1058763861656189,-0.20856936275959015,0.019999999552965164,2.3116428729735254,0.3190210612201022,0.2416149877280791,0.2416149877280791,1,1,200,92.0,1,1,109,0,1,44,1,1,104,1,1,1,-0.09474661946296692,-0.1996314376592636,0.05999589338898659,1.488998112885452e-06
/workspace/ripl/t2/nominal,best_eval_success_once.pt,rgb,1,0,1094,4,0.0370013490319252,-0.06177147477865219,0.019999999552965164,2.4717076040856156,0.028226520866155624,0.14394456148147583,0.019999999552965164,0.4825594620548177,0.2059030965865183,-1.989148142030798,-0.41835181523590137,1,1,200,97.0,1,1,95,0,1,47,1,1,85,1,1,1,0.023999590426683426,0.14333680272102356,0.059998560696840286,0.0023717766813910676
/workspace/ripl/t2/nominal,best_eval_success_once.pt,rgb,1,0,1095,5,-0.1553369015455246,0.15878520905971527,0.019999999552965164,2.2509913221918176,-0.06950773298740387,0.03850235044956207,0.019999999552965164,-1.5549422908345587,0.14776539598569216,2.4772516941532103,-0.6643409594365828,0,0,200,0.0,0,0,-1,0,1,50,0,1,106,1,1,1,-0.10786204040050507,0.02655048854649067,0.019999917596578598,0.01783318935517948
/workspace/ripl/t2/nominal,best_eval_success_once.pt,rgb,1,0,1096,6,-0.08272087574005127,-0.008343644440174103,0.019999999552965164,2.1268887653141575,-0.16301462054252625,-0.11735763400793076,0.019999999552965164,2.77325203563254,0.13539252333819596,0.6463632703183824,0.6463632703183824,1,1,200,101.0,1,1,100,0,1,44,1,1,98,1,1,1,-0.16955594718456268,-0.11884458363056183,0.05999784171581268,5.306152646173494e-07
/workspace/ripl/t2/nominal,best_eval_success_once.pt,rgb,1,0,1097,7,-0.07972151041030884,-0.185756117105484,0.019999999552965164,1.0861448704153651,-0.010239101946353912,0.14505824446678162,0.019999999552965164,-2.9423166001280645,0.33803246428178696,2.254723836636156,0.6839275098412596,1,1,200,99.0,1,1,102,0,1,41,1,1,97,1,1,1,-0.000967416272033006,0.1301952600479126,0.05999834090471268,2.2367165379979842e-06
/workspace/ripl/t2/nominal,best_eval_success_once.pt,rgb,1,0,1098,8,0.056036658585071564,0.028740279376506805,0.019999999552965164,1.3093323359038878,-0.034425877034664154,0.05877133458852768,0.019999999552965164,-2.4727047894695806,0.09531702171123162,2.5011481818061174,-0.6404444717836757,1,1,200,105.0,1,1,96,0,1,48,1,1,94,1,1,1,-0.041755497455596924,0.044892508536577225,0.05998845398426056,6.4724171810892345e-06
/workspace/ripl/t2/nominal,best_eval_success_once.pt,rgb,1,0,1099,9,-0.056527696549892426,0.0944935530424118,0.019999999552965164,-2.3799297137693376,-0.036374758929014206,-0.07084177434444427,0.019999999552965164,2.352856247565721,0.16655903270873632,-1.5503993458445278,0.020396980950368793,1,1,200,24.0,1,1,167,0,1,37,1,1,163,1,1,1,-0.02245260216295719,-0.061265282332897186,0.05999463424086571,0.002476350037831505
/workspace/ripl/t2/nominal,best_eval_success_once.pt,rgb,1,0,1100,0,-0.03444456309080124,-0.03063339740037918,0.019999999552965164,2.1696136717135794,0.018592752516269684,0.02197185903787613,0.019999999552965164,-0.052469077251395824,0.07470120381719862,-2.2220827489649757,-0.6512864221700791,1,1,200,105.0,1,1,96,0,1,46,1,1,93,1,1,1,0.016268525272607803,0.017072739079594612,0.059999387711286545,2.934314711903995e-06
/workspace/ripl/t2/nominal,best_eval_success_once.pt,rgb,1,0,1101,1,0.12434381246566772,-0.09914401918649673,0.019999999552965164,-1.6692570770930537,0.07970044016838074,0.22631916403770447,0.019999999552965164,2.0383587294635888,0.32851075222053866,-2.5755695006229438,0.5660231529668494,1,1,200,99.0,1,1,102,0,1,49,1,1,99,1,1,1,0.08384434878826141,0.2103329747915268,0.059986893087625504,7.061484045723978e-06
/workspace/ripl/t2/nominal,best_eval_success_once.pt,rgb,1,0,1102,2,-0.15222284197807312,0.20093677937984467,0.019999999552965164,2.9038283424568143,-0.17292240262031555,0.027464568614959717,0.019999999552965164,-0.2523458702040138,0.1747028325999282,3.1270110945187586,-0.014581559071034533,1,1,200,83.0,1,1,118,0,1,58,1,1,116,1,1,1,-0.1638750582933426,0.03896906226873398,0.059993863105773926,1.4471689001077303e-05
/workspace/ripl/t2/nominal,best_eval_success_once.pt,rgb,1,0,1103,3,-0.14966663718223572,0.014932222664356232,0.019999999552965164,-3.1312843000718313,-0.05865681171417236,-0.21865254640579224,0.019999999552965164,-1.5510538800127982,0.25068831778382084,1.5802304200590331,0.009434093264136578,1,1,200,43.0,1,1,158,0,1,58,1,1,157,1,1,1,-0.05800061672925949,-0.23107855021953583,0.0599970705807209,0.002532393035411018
/workspace/ripl/t2/nominal,best_eval_success_once.pt,rgb,1,0,1104,4,0.01553604006767273,-0.12409897148609161,0.019999999552965164,1.2477957210380193,0.09639105200767517,0.03855086863040924,0.019999999552965164,2.024475270147081,0.18163838648738662,0.7766795491090619,0.7766795491090619,1,0,200,59.0,0,1,82,0,1,36,1,1,80,0,1,1,0.08065495640039444,0.03718497231602669,0.059990521520376205,9.454023487838364e-06
/workspace/ripl/t2/nominal,best_eval_success_once.pt,rgb,1,0,1105,5,0.0005811825394630432,-0.11510781198740005,0.019999999552965164,2.34394290223145,-0.08173877000808716,-0.15809643268585205,0.019999999552965164,1.028195933958993,0.09286870353884721,-1.3157469682724567,0.2550493585224398,1,1,200,92.0,1,1,109,0,1,58,1,1,101,1,1,1,-0.06182584911584854,-0.1548234224319458,0.059999339282512665,0.0003640094269438703
/workspace/ripl/t2/nominal,best_eval_success_once.pt,rgb,1,0,1106,6,-0.15939536690711975,-0.04185441881418228,0.019999999552965164,0.8590783165042271,-0.10831903666257858,-0.2572924792766571,0.019999999552965164,-1.4893187466981335,0.22140991262154996,-2.348397063202361,-0.7776007364074644,0,0,200,0.0,0,0,-1,1,1,53,0,0,-1,0,1,1,-0.022041162475943565,-0.10335315018892288,0.08427360653877258,0.003548635143692543
/workspace/ripl/t2/nominal,best_eval_success_once.pt,rgb,1,0,1107,7,0.035390958189964294,-0.22195351123809814,0.019999999552965164,0.9948899463710035,-0.03497646003961563,-0.18237924575805664,0.019999999552965164,-2.3799507731436336,0.08073224904944382,2.908344587664949,-0.23324806592484393,1,1,200,58.0,1,1,91,0,1,46,1,1,88,1,1,1,-0.03703536093235016,-0.19920696318149567,0.05999875068664551,3.6668363757645833e-06
/workspace/ripl/t2/nominal,best_eval_success_once.pt,rgb,1,0,1108,8,-0.09374898672103882,-0.1406797170639038,0.019999999552965164,1.6692517518714531,0.002824939787387848,0.056251153349876404,0.019999999552965164,-2.071645449320811,0.2193360230404119,2.542288105987322,-0.599304547602471,1,1,200,105.0,1,1,96,0,1,42,1,1,90,1,1,1,0.00397960701957345,0.04585707187652588,0.06000189483165741,0.000529885294989847
/workspace/ripl/t2/nominal,best_eval_success_once.pt,rgb,1,0,1109,9,0.0016842484474182129,0.028913095593452454,0.019999999552965164,-2.3893206169449703,0.10518955439329147,-0.24975281953811646,0.019999999552965164,-1.6424917517551494,0.29726762456591804,0.746828865189821,0.746828865189821,1,0,200,11.0,0,1,98,1,1,37,0,1,92,0,1,1,0.10979798436164856,-0.1639063060283661,0.02042968012392521,0.0037351102420410437
/workspace/ripl/t2/nominal,best_eval_success_once.pt,rgb,1,0,1110,0,0.06255646049976349,0.013070769608020782,0.019999999552965164,1.9125004862343917,0.015105023980140686,0.07041052728891373,0.019999999552965164,-0.9070527706942437,0.07442772762001615,-2.8195532569286357,0.32203939666115744,1,1,200,110.0,1,1,91,0,1,42,1,1,88,1,1,1,0.007385130040347576,0.06168000027537346,0.05999749153852463,2.8205099175038688e-06
/workspace/ripl/t2/nominal,best_eval_success_once.pt,rgb,1,0,1111,1,0.052308663725852966,-0.12413376569747925,0.019999999552965164,-3.0503605123794806,0.08307848870754242,-0.04373021423816681,0.019999999552965164,-0.15329676999291664,0.08609014587439205,2.897063742386564,-0.24452891120322917,1,1,200,118.0,1,1,83,0,1,45,1,1,81,1,1,1,0.07064174860715866,-0.04054104909300804,0.060003526508808136,2.0367697570239087e-05
/workspace/ripl/t2/nominal,best_eval_success_once.pt,rgb,1,0,1112,2,-0.010848522186279297,-0.08615861088037491,0.019999999552965164,-2.7788506398991597,0.010081231594085693,-0.18505354225635529,0.019999999552965164,-1.87795197333406,0.10108541954785849,0.9008986665650998,-0.6698976602297968,1,1,200,110.0,1,1,91,0,1,43,1,1,87,1,1,1,0.01375794317573309,-0.17667768895626068,0.060003604739904404,1.0681794921406426e-06
/workspace/ripl/t2/nominal,best_eval_success_once.pt,rgb,1,0,1113,3,-0.12308433651924133,0.09213542193174362,0.019999999552965164,-1.309348874866794,-0.10122125595808029,-0.02099967747926712,0.019999999552965164,-2.4372137761175603,0.11522823009299024,-1.1278649012507662,0.44293142554413034,1,1,200,98.0,1,1,103,0,1,49,1,1,99,1,1,1,-0.10548868775367737,-0.030698923394083977,0.05999201163649559,9.73534059506048e-06
/workspace/ripl/t2/nominal,best_eval_success_once.pt,rgb,1,0,1114,4,0.02931060642004013,0.033549465239048004,0.019999999552965164,0.9141829189343236,0.06568209081888199,0.22919818758964539,0.019999999552965164,-1.4129780633730462,0.19900077244773784,-2.32716098230737,-0.7563646555124732,1,1,200,101.0,1,1,100,0,1,42,1,1,99,1,1,1,0.06738383322954178,0.2279043048620224,0.0600011944770813,8.294273308789495e-07
/workspace/ripl/t2/nominal,best_eval_success_once.pt,rgb,1,0,1115,5,0.13567422330379486,0.1789805293083191,0.019999999552965164,1.0297194811544905,0.07428193837404251,0.009126856923103333,0.019999999552965164,-0.77634030859927,0.18060809137920733,-1.8060597897537605,-0.2352634629588639,1,1,200,87.0,1,1,114,0,1,55,1,1,111,1,1,1,0.07077758014202118,0.00879437942057848,0.059998877346515656,1.4742283229603305e-05
/workspace/ripl/t2/nominal,best_eval_success_once.pt,rgb,1,0,1116,6,0.009724095463752747,0.1330530047416687,0.019999999552965164,-0.0901721189719562,0.16086387634277344,-0.10364768654108047,0.019999999552965164,-2.8482068510757284,0.2808388338850055,-2.7580347321037717,0.3835579214860214,1,1,200,100.0,1,1,101,0,1,38,1,1,91,1,1,1,0.1469462811946869,-0.0988394096493721,0.05999963358044624,0.0002477410116895913
/workspace/ripl/t2/nominal,best_eval_success_once.pt,rgb,1,0,1117,7,0.1193983182311058,-0.030044585466384888,0.019999999552965164,0.8184555142716339,0.14651794731616974,0.06670902669429779,0.019999999552965164,0.5884614474822278,0.10048251463737981,-0.22999406678940604,-0.22999406678940604,1,0,200,22.0,0,1,101,0,1,50,0,1,100,0,1,1,0.13169744610786438,-0.011046658270061016,0.020000385120511055,0.005166267627741541
/workspace/ripl/t2/nominal,best_eval_success_once.pt,rgb,1,0,1118,8,-0.1159084290266037,-0.05682889372110367,0.019999999552965164,0.9733958119807862,-0.09373847395181656,0.040927521884441376,0.019999999552965164,2.002898543631848,0.10023883329359999,1.0295027316510619,-0.5412935951438347,1,1,200,107.0,1,1,94,0,1,42,1,1,89,1,1,1,-0.09794626384973526,0.04735051468014717,0.05999849736690521,4.5588787021572457e-07
/workspace/ripl/t2/nominal,best_eval_success_once.pt,rgb,1,0,1119,9,-0.07529128342866898,-0.01931440830230713,0.019999999552965164,1.008420851970894,-0.12818200886249542,-0.21618135273456573,0.019999999552965164,1.4059208857375214,0.20384803812401633,0.3975000337666277,0.3975000337666277,1,1,200,93.0,1,1,108,0,1,51,1,1,101,1,1,1,-0.14262789487838745,-0.22253306210041046,0.059993356466293335,2.523757019262061e-06
/workspace/ripl/t2/nominal,best_eval_success_once.pt,rgb,1,0,1120,0,-0.06544245034456253,0.0909368097782135,0.019999999552965164,2.562172628462829,-0.015702255070209503,-0.055207401514053345,0.019999999552965164,2.5003595819077002,0.15437686847507145,-0.06181304655512854,-0.06181304655512854,1,1,200,105.0,1,1,96,0,1,41,1,1,91,1,1,1,-0.003761619096621871,-0.05214250832796097,0.05999790504574776,4.63694688925031e-06
/workspace/ripl/t2/nominal,best_eval_success_once.pt,rgb,1,0,1121,1,-0.03218679875135422,0.26306241750717163,0.019999999552965164,-1.8494777353147915,-0.02589397132396698,0.10704239457845688,0.019999999552965164,-2.487722383889607,0.15614687711160782,-0.6382446485748154,-0.6382446485748154,0,0,200,0.0,0,0,-1,0,1,48,0,1,97,1,1,1,0.015050830319523811,0.039067719131708145,0.0199999138712883,5.32741422045819e-05
/workspace/ripl/t2/nominal,best_eval_success_once.pt,rgb,1,0,1122,2,0.08076875656843185,-0.19382625818252563,0.019999999552965164,2.7793873246105956,0.016974221915006638,0.057947300374507904,0.019999999552965164,-0.5299556800449507,0.2597299894893138,2.97384230252404,-0.1677503510657532,1,1,200,98.0,1,1,103,0,1,47,1,1,100,1,1,1,0.012512465938925743,0.06086002662777901,0.05999891832470894,3.1756186237552546e-05
/workspace/ripl/t2/nominal,best_eval_success_once.pt,rgb,1,0,1123,3,0.03532533347606659,-0.0705084502696991,0.019999999552965164,2.722006334542348,-0.05420336499810219,-0.0006250888109207153,0.019999999552965164,1.8832787242373246,0.11357408181119891,-0.8387276103050234,0.7320687164898732,1,1,200,116.0,1,1,85,0,1,38,1,1,84,1,1,1,-0.05647999793291092,-0.011639519594609737,0.059995245188474655,3.336928764134235e-05
/workspace/ripl/t2/nominal,best_eval_success_once.pt,rgb,1,0,1124,4,-0.0008820369839668274,0.05821298807859421,0.019999999552965164,3.103634591990948,0.09645745158195496,0.246404230594635,0.019999999552965164,0.4867568934240518,0.21187477385004214,-2.6168776985668956,0.5247149550228976,1,1,200,107.0,1,1,94,0,1,38,1,1,87,1,1,1,0.091605544090271,0.2520627975463867,0.05999809876084328,8.539288510021211e-07
/workspace/ripl/t2/nominal,best_eval_success_once.pt,rgb,1,0,1125,5,-0.07598413527011871,-0.2871590852737427,0.019999999552965164,-0.4499910563509917,0.03505774587392807,0.09531381726264954,0.019999999552965164,-0.9476149835198955,0.39826601730830763,-0.4976239271689038,-0.4976239271689038,0,0,200,0.0,0,0,-1,0,1,54,0,1,108,1,1,1,-0.0015011216746643186,0.07770927995443344,0.01999988965690136,0.0226156496467084
/workspace/ripl/t2/nominal,best_eval_success_once.pt,rgb,1,0,1126,6,-0.07050958275794983,0.059068746864795685,0.019999999552965164,2.852877452303795,-0.08042654395103455,-0.08469446748495102,0.019999999552965164,-1.8375740613418277,0.1441048504370216,1.592733793533963,0.02193746673906638,1,1,200,112.0,1,1,89,0,1,41,1,1,86,1,1,1,-0.09141239523887634,-0.07495640218257904,0.06000525876879692,4.0713247559983245e-06
/workspace/ripl/t2/nominal,best_eval_success_once.pt,rgb,1,0,1127,7,-0.01453080028295517,-0.10649646073579788,0.019999999552965164,1.828130688714596,-0.032361216843128204,0.14927634596824646,0.019999999552965164,1.9565868565449547,0.256393549848614,0.1284561678303584,0.1284561678303584,1,1,200,102.0,1,1,99,0,1,45,1,1,95,1,1,1,-0.043013669550418854,0.15328288078308105,0.05999787151813507,2.2090060545375878e-06
/workspace/ripl/t2/nominal,best_eval_success_once.pt,rgb,1,0,1128,8,-0.09862599521875381,0.1430935263633728,0.019999999552965164,-0.9410569552537567,-0.03578948974609375,0.02243737131357193,0.019999999552965164,-0.21074944403477058,0.13603798797180597,0.7303075112189861,0.7303075112189861,0,0,200,0.0,0,0,-1,0,1,46,0,0,-1,1,1,1,-0.06284993886947632,-0.054933324456214905,0.019999943673610687,0.011479033498297373
/workspace/ripl/t2/nominal,best_eval_success_once.pt,rgb,1,0,1129,9,-0.09696173667907715,0.05832897871732712,0.019999999552965164,1.9770125124556377,-0.08892615139484406,0.12927556037902832,0.019999999552965164,2.029150781705092,0.07140019664076998,0.05213826924945453,0.05213826924945453,0,0,200,0.0,0,0,-1,0,1,48,0,1,91,1,1,1,0.0840962752699852,0.18752869963645935,0.020000001415610313,0.08789224626281134
/workspace/ripl/t2/nominal,best_eval_success_once.pt,rgb,1,0,1130,0,-0.0942554622888565,0.212602436542511,0.019999999552965164,-0.5273955462503874,-0.13457638025283813,-0.007673643529415131,0.019999999552965164,1.2530447710543124,0.22393599058059369,1.7804403173046999,0.2096439905098033,1,1,200,10.0,1,1,191,0,1,49,1,1,106,1,1,1,-0.1232215166091919,-6.721399404341355e-05,0.05999809503555298,3.792660678349093e-06
/workspace/ripl/t2/nominal,best_eval_success_once.pt,rgb,1,0,1131,1,-0.024269655346870422,-0.11011848598718643,0.019999999552965164,1.880362106722966,-0.07426144927740097,-0.06898637861013412,0.019999999552965164,2.954918610845611,0.06473816276100204,1.0745565041226453,-0.4962398226722513,0,0,200,0.0,0,0,-1,0,1,42,0,0,-1,1,1,1,0.02423684671521187,-0.02310720831155777,0.019999932497739792,0.03871862056211174
/workspace/ripl/t2/nominal,best_eval_success_once.pt,rgb,1,0,1132,2,0.005963925272226334,0.20623353123664856,0.019999999552965164,-0.1664469882409758,-0.026110202074050903,0.09099457412958145,0.019999999552965164,1.0005438854078914,0.11961925798193894,1.1669908736488672,-0.40380545314602934,1,1,200,109.0,1,1,92,0,1,47,1,1,91,1,1,1,-0.023946557193994522,0.09491576254367828,0.060002125799655914,3.598895975604223e-05
/workspace/ripl/t2/nominal,best_eval_success_once.pt,rgb,1,0,1133,3,-0.052536413073539734,-0.1843547523021698,0.019999999552965164,-0.7783153805493925,0.00955577939748764,0.13170306384563446,0.019999999552965164,2.266542534743885,0.3220993379595468,3.0448579152932775,-0.09673473829651558,1,1,200,98.0,1,1,103,0,1,43,1,1,100,1,1,1,-0.0006161792553029954,0.12897390127182007,0.06000053137540817,3.1017050036257274e-05
/workspace/ripl/t2/nominal,best_eval_success_once.pt,rgb,1,0,1134,4,0.1440955549478531,0.002264469861984253,0.019999999552965164,-2.9620631321241273,0.15780335664749146,-0.10164428502321243,0.019999999552965164,-0.00580341040992538,0.10480903190674215,2.956259721714202,-0.1853329318755912,0,0,200,0.0,0,0,-1,0,1,50,0,1,97,1,1,1,0.13852113485336304,-0.11632957309484482,0.01999991573393345,0.029545093434290206
/workspace/ripl/t2/nominal,best_eval_success_once.pt,rgb,1,0,1135,5,-0.023174822330474854,0.010003291070461273,0.019999999552965164,1.1021701383988916,0.009712278842926025,0.1026608869433403,0.019999999552965164,-2.262562610347077,0.09832085992571095,2.918452558433618,-0.22314009515617528,1,1,200,112.0,1,1,89,0,1,41,1,1,86,1,1,1,0.011056802235543728,0.10794184356927872,0.06000068783760071,6.604594055467936e-07
/workspace/ripl/t2/nominal,best_eval_success_once.pt,rgb,1,0,1136,6,-0.11162672936916351,0.1341569721698761,0.019999999552965164,-1.1243016368258152,-0.04987669363617897,-0.046836428344249725,0.019999999552965164,-1.0744255732451933,0.1912372294891652,0.04987606358062191,0.04987606358062191,1,1,200,96.0,1,1,105,0,1,47,1,1,97,1,1,1,-0.038422562181949615,-0.045929573476314545,0.05999663099646568,0.0025730516208628336
/workspace/ripl/t2/nominal,best_eval_success_once.pt,rgb,1,0,1137,7,-0.119190514087677,0.09363088756799698,0.019999999552965164,2.537825056560695,0.022585876286029816,0.246551513671875,0.019999999552965164,-0.7362668770240388,0.20853120331355632,3.009093373594853,-0.13249927999494027,0,0,200,0.0,0,0,-1,0,1,50,0,0,-1,1,1,1,0.01653980277478695,0.18913410604000092,0.01999989151954651,0.006648996415861363
/workspace/ripl/t2/nominal,best_eval_success_once.pt,rgb,1,0,1138,8,-0.07619193196296692,0.07912227511405945,0.019999999552965164,0.5645906747680907,-0.15023848414421082,0.09874555468559265,0.019999999552965164,1.9272338067486554,0.07660264349924373,1.3626431319805647,-0.2081531948143318,0,0,200,0.0,0,0,-1,1,1,42,0,0,-1,0,1,1,-0.18900643289089203,0.07361000776290894,0.06307560205459595,0.0699063672824083
/workspace/ripl/t2/nominal,best_eval_success_once.pt,rgb,1,0,1139,9,0.015383154153823853,0.002140544354915619,0.019999999552965164,-1.0454609816018285,-0.01359180361032486,0.16005688905715942,0.019999999552965164,-0.5200799411518284,0.16055254623191775,0.5253810404500001,0.5253810404500001,1,0,200,100.0,0,1,93,1,1,43,1,1,92,0,1,1,-0.022428767755627632,0.16584910452365875,0.05984746292233467,0.0010494139835232758
/workspace/ripl/t2/nominal,best_eval_success_once.pt,rgb,1,0,1140,0,-0.13055415451526642,-0.08144816756248474,0.019999999552965164,-0.6064909128299938,-0.03849370777606964,-0.03608350455760956,0.019999999552965164,-1.7264508563833143,0.10263078730754421,-1.1199599435533205,0.45083638324157604,1,1,200,82.0,1,1,119,0,1,57,1,1,109,1,1,1,-0.028556324541568756,-0.019274398684501648,0.060006141662597656,0.002220321985484227
/workspace/ripl/t2/nominal,best_eval_success_once.pt,rgb,1,0,1141,1,-0.06720439344644547,-0.21685674786567688,0.019999999552965164,2.466271698668383,-0.037709206342697144,-0.11036908626556396,0.019999999552965164,-1.796413697569391,0.11049700509672325,2.020499910941812,0.44970358414691525,0,0,200,0.0,0,0,-1,0,1,65,0,0,-1,1,1,1,-0.030655713751912117,-0.11887537688016891,0.01999993994832039,0.056783474737237064
/workspace/ripl/t2/nominal,best_eval_success_once.pt,rgb,1,0,1142,2,0.05630858987569809,-0.11897971481084824,0.019999999552965164,-2.4500867865894342,-0.06055223196744919,-0.07571205496788025,0.019999999552965164,-3.0259481349064776,0.12461357097099253,-0.5758613483170434,-0.5758613483170434,1,1,200,103.0,1,1,98,0,1,44,1,1,97,1,1,1,-0.05725222826004028,-0.06641016900539398,0.059997253119945526,3.3321675331946006e-06
/workspace/ripl/t2/nominal,best_eval_success_once.pt,rgb,1,0,1143,3,-0.11589886248111725,0.07791446149349213,0.019999999552965164,2.061865156540729,-0.09878960251808167,0.014087647199630737,0.019999999552965164,-0.0605600508210995,0.06608017099997397,-2.122425207361829,-0.5516288805669323,1,0,200,2.0,0,1,99,0,1,48,0,1,96,1,1,1,-0.10510601848363876,-0.05014372244477272,0.019999895244836807,0.027433009667851983
/workspace/ripl/t2/nominal,best_eval_success_once.pt,rgb,1,0,1144,4,0.003525383770465851,-0.11356250196695328,0.019999999552965164,-0.859090124700832,-0.12346992641687393,0.10303988307714462,0.019999999552965164,-0.5955994790915051,0.25108644331458896,0.2634906456093269,0.2634906456093269,1,1,200,89.0,1,1,112,0,1,52,1,1,103,1,1,1,-0.13020525872707367,0.11466307193040848,0.05999542772769928,6.521301289928474e-06
/workspace/ripl/t2/nominal,best_eval_success_once.pt,rgb,1,0,1145,5,0.058633990585803986,0.09434758871793747,0.019999999552965164,-0.4670279814535627,0.0014166496694087982,0.0798022672533989,0.019999999552965164,-1.616241326441104,0.059037195716342736,-1.1492133449875412,0.4215829818073553,0,0,200,0.0,0,0,-1,0,0,-1,0,0,-1,1,1,1,0.10746167600154877,0.09486746788024902,0.019999945536255836,0.046223577762495
/workspace/ripl/t2/nominal,best_eval_success_once.pt,rgb,1,0,1146,6,-0.005457822233438492,0.13668346405029297,0.019999999552965164,-0.1572449808665115,-0.14031772315502167,-0.08104198426008224,0.019999999552965164,0.033668558995654685,0.2561084998951286,0.1909135398621662,0.1909135398621662,0,0,200,0.0,0,0,-1,0,1,46,0,1,103,1,1,1,-0.14104583859443665,-0.13269014656543732,0.019999897107481956,0.022145962947926378
/workspace/ripl/t2/nominal,best_eval_success_once.pt,rgb,1,0,1147,7,-0.11183243989944458,-0.2217729091644287,0.019999999552965164,-0.3297751580417194,-0.09005017578601837,0.0958128273487091,0.019999999552965164,0.9536637646333062,0.31833185053729585,1.2834389226750256,-0.287357404119871,0,0,200,0.0,0,0,-1,0,1,71,0,0,-1,1,1,1,-0.11019904911518097,-0.23757204413414001,0.019999999552965164,0.0023940177474696556
/workspace/ripl/t2/nominal,best_eval_success_once.pt,rgb,1,0,1148,8,0.06490097939968109,-0.021546468138694763,0.019999999552965164,-0.8300326707626429,0.02879144251346588,-0.154296413064003,0.019999999552965164,0.3571329192737256,0.13757342233080233,1.1871655900363685,-0.3836307367585281,0,0,200,0.0,0,0,-1,1,1,46,0,1,88,0,1,1,0.05093704164028168,-0.07952552288770676,0.13394294679164886,6.200337319199266e-05
/workspace/ripl/t2/nominal,best_eval_success_once.pt,rgb,1,0,1149,9,0.1489986926317215,-0.22719071805477142,0.019999999552965164,0.7065307546095649,0.01805148646235466,0.13088299334049225,0.019999999552965164,-3.1132076462529508,0.38126625027130484,2.4634469063170705,-0.6781457472727226,1,1,200,37.0,1,1,164,0,1,90,1,1,163,1,1,1,0.02417103946208954,0.11609422415494919,0.06000114604830742,5.310696290969192e-06
/workspace/ripl/t2/nominal,best_eval_success_once.pt,rgb,1,0,1150,0,-0.05137157440185547,-0.20878693461418152,0.019999999552965164,-1.3481791409020696,0.10408765822649002,0.060965120792388916,0.019999999552965164,1.0609616437556193,0.31134184493168193,2.409140784657689,-0.7324518689321042,1,1,200,101.0,1,1,100,0,1,36,1,1,87,1,1,1,0.09789615124464035,0.07353217899799347,0.05999498814344406,2.3168460605738883e-06
/workspace/ripl/t2/nominal,best_eval_success_once.pt,rgb,1,0,1151,1,0.01102340966463089,-0.1563900262117386,0.019999999552965164,0.3539155232726334,-0.022931814193725586,-0.02104814350605011,0.019999999552965164,-1.3579406232036293,0.13953631226885507,-1.7118561464762632,-0.1410598196813666,1,1,200,111.0,1,1,90,0,1,43,1,1,89,1,1,1,-0.03329189866781235,-0.030595742166042328,0.05999647453427315,5.100009495491263e-07
/workspace/ripl/t2/nominal,best_eval_success_once.pt,rgb,1,0,1152,2,0.14410357177257538,0.11404139548540115,0.019999999552965164,0.44750857309778436,0.03755705803632736,0.18627014756202698,0.019999999552965164,-2.8718216988374996,0.12872121898076933,2.9638550352443023,-0.17773761834549084,1,1,200,95.0,1,1,106,0,1,54,1,1,105,1,1,1,0.035353515297174454,0.17949730157852173,0.059998687356710434,1.2414777943788901e-06
/workspace/ripl/t2/nominal,best_eval_success_once.pt,rgb,1,0,1153,3,-0.14514604210853577,0.21563056111335754,0.019999999552965164,-0.9681565653180542,-0.06128780543804169,-0.11311956495046616,0.019999999552965164,1.9175559052285371,0.3392769506530978,2.8857124705465913,-0.2558801830432018,1,1,200,78.0,1,1,123,0,1,61,1,1,115,1,1,1,-0.05500762164592743,-0.12430469691753387,0.059999581426382065,6.7906187277112185e-06
/workspace/ripl/t2/nominal,best_eval_success_once.pt,rgb,1,0,1154,4,-0.07389385998249054,0.11824601888656616,0.019999999552965164,2.501088605745526,0.04000399634242058,-0.009240269660949707,0.019999999552965164,-1.2985757051055096,0.17095460053192651,2.4835209963285507,-0.6580716572612424,0,0,200,0.0,0,0,-1,1,1,45,0,1,156,0,1,1,0.025179479271173477,-0.00988662801682949,0.11100897938013077,0.02980256782190511
/workspace/ripl/t2/nominal,best_eval_success_once.pt,rgb,1,0,1155,5,-0.058339670300483704,0.13151925802230835,0.019999999552965164,2.79325030055252,-0.002185691148042679,0.21294385194778442,0.019999999552965164,1.5623011518085765,0.098910231374623,-1.2309491487439441,0.33984717805095244,1,1,200,102.0,1,1,99,0,1,47,1,1,93,1,1,1,-0.005292546469718218,0.2171093225479126,0.05999944359064102,0.00012610855976499674
/workspace/ripl/t2/nominal,best_eval_success_once.pt,rgb,1,0,1156,6,0.043061450123786926,0.07730754464864731,0.019999999552965164,2.1898466883263303,0.11449597775936127,-0.019145019352436066,0.019999999552965164,1.9211555622018568,0.1200249509098034,-0.26869112612447354,-0.26869112612447354,0,0,200,0.0,0,0,-1,1,1,43,0,1,83,0,1,1,0.11711514741182327,0.0021565714851021767,0.06767410039901733,0.014422574447115973
/workspace/ripl/t2/nominal,best_eval_success_once.pt,rgb,1,0,1157,7,0.06533738970756531,-0.08909014612436295,0.019999999552965164,0.9638724557937977,-0.029441118240356445,0.10578391700983047,0.019999999552965164,-2.729535601061417,0.21669994474218002,2.5897772503243717,-0.5518154032654214,1,1,200,106.0,1,1,95,0,1,41,1,1,92,1,1,1,-0.022496545687317848,0.10322392731904984,0.06000698357820511,8.547755506287996e-07
/workspace/ripl/t2/nominal,best_eval_success_once.pt,rgb,1,0,1158,8,0.049388498067855835,0.10265203565359116,0.019999999552965164,-0.34972030385552655,-0.08869144320487976,0.02366497367620468,0.019999999552965164,1.2631074559944375,0.15907553596232704,1.612827759849964,0.04203143305506751,1,1,200,101.0,1,1,100,0,1,40,1,1,93,1,1,1,-0.08798311650753021,0.030803551897406578,0.05999815836548805,1.7301246421255514e-06
/workspace/ripl/t2/nominal,best_eval_success_once.pt,rgb,1,0,1159,9,-0.1009325236082077,0.14805668592453003,0.019999999552965164,2.334667928861632,-0.004146970808506012,-0.04574449360370636,0.019999999552965164,2.3977538136737864,0.21662488411371292,0.06308588481215427,0.06308588481215427,1,1,200,93.0,1,1,108,0,1,49,1,1,101,1,1,1,0.0062557109631598,-0.036438874900341034,0.05999433994293213,0.00018251899249952533
/workspace/ripl/t2/nominal,best_eval_success_once.pt,rgb,1,0,1160,0,-0.129593163728714,0.02055283635854721,0.019999999552965164,-0.1688097077460733,-0.04406841844320297,0.006744757294654846,0.019999999552965164,2.0191213145182947,0.08663224055503957,2.187931022264368,0.6171346954694714,0,0,200,0.0,0,0,-1,0,1,51,0,1,106,1,1,1,-0.03195629268884659,-0.060118891298770905,0.019999917596578598,0.02823146144100139
/workspace/ripl/t2/nominal,best_eval_success_once.pt,rgb,1,0,1161,1,-0.17954258620738983,-0.17037397623062134,0.019999999552965164,1.0799453054432564,-0.17215514183044434,-0.23223644495010376,0.019999999552965164,0.4407580751553999,0.06230200133616419,-0.6391872302878565,-0.6391872302878565,0,0,200,0.0,0,0,-1,1,1,80,0,0,-1,0,1,1,0.06404851377010345,-0.04319360852241516,0.05226956680417061,1.8262891366316822e-06
/workspace/ripl/t2/nominal,best_eval_success_once.pt,rgb,1,0,1162,2,0.07191085070371628,0.11287875473499298,0.019999999552965164,-0.11480075210001095,0.0406792014837265,-0.23675787448883057,0.019999999552965164,-1.4366071845541422,0.3510287572379191,-1.3218064324541317,0.2489898943407649,1,1,200,65.0,1,1,107,0,1,54,1,1,101,1,1,1,0.04755089059472084,-0.22537225484848022,0.06000000610947609,0.0017129549357330362
/workspace/ripl/t2/nominal,best_eval_success_once.pt,rgb,1,0,1163,3,0.0058160945773124695,-0.21032820641994476,0.019999999552965164,-1.0333927324864733,-0.006013445556163788,0.02917914092540741,0.019999999552965164,1.8850795406450909,0.23979930661321083,2.918472273131564,-0.22312038045822913,0,0,200,0.0,0,0,-1,0,1,51,0,1,102,1,1,1,0.12197238951921463,0.0636056512594223,0.019999908283352852,0.08332020549178985
/workspace/ripl/t2/nominal,best_eval_success_once.pt,rgb,1,0,1164,4,0.012071684002876282,-0.14357511699199677,0.019999999552965164,1.8091827720608293,-0.010904617607593536,-0.2690005898475647,0.019999999552965164,-0.907727004462143,0.12751258634636067,-2.7169097765229724,0.42468287706682073,1,1,200,87.0,1,1,114,0,1,38,1,1,76,1,1,1,-0.0025007661897689104,-0.2772880494594574,0.06000233814120293,0.0002381357943032469
/workspace/ripl/t2/nominal,best_eval_success_once.pt,rgb,1,0,1165,5,-0.11999224126338959,0.05744531750679016,0.019999999552965164,-1.8327497587260204,0.03853968530893326,0.13336965441703796,0.019999999552965164,-0.3355844475284333,0.17577507410891108,1.4971653111975871,-0.07363101559730945,1,1,200,57.0,1,1,144,0,1,46,1,1,98,1,1,1,0.049836963415145874,0.11635984480381012,0.05999914929270744,0.0010497245145756713
/workspace/ripl/t2/nominal,best_eval_success_once.pt,rgb,1,0,1166,6,0.029314637184143066,-0.031885482370853424,0.019999999552965164,1.6834434305674841,-0.11481358855962753,0.07446859031915665,0.019999999552965164,1.7427255828747468,0.17912044616346634,0.059282152307262415,0.059282152307262415,1,1,200,96.0,1,1,105,0,1,51,1,1,98,1,1,1,-0.11668793112039566,0.08114533126354218,0.0600014328956604,9.010610594458743e-05
/workspace/ripl/t2/nominal,best_eval_success_once.pt,rgb,1,0,1167,7,0.08059309422969818,-0.0700024664402008,0.019999999552965164,1.4005458397088202,-0.08442773669958115,-0.2200012505054474,0.019999999552965164,-1.5754505099665366,0.22300562742146723,-2.9759963496753565,0.16559630391443658,1,1,200,99.0,1,1,102,0,1,43,1,1,97,1,1,1,-0.08192984014749527,-0.2311769425868988,0.05999582260847092,2.9203234728297825e-06
/workspace/ripl/t2/nominal,best_eval_success_once.pt,rgb,1,0,1168,8,0.0015259943902492523,0.041082531213760376,0.019999999552965164,-1.814690439902396,0.038023434579372406,-0.0337868332862854,0.019999999552965164,2.8222348899346774,0.08329156548534393,-1.6462599773425133,-0.07546365054761672,1,1,200,89.0,1,1,92,0,1,40,1,1,81,1,1,1,0.028743861243128777,-0.045856282114982605,0.05999451503157616,0.0013554323113077473
/workspace/ripl/t2/nominal,best_eval_success_once.pt,rgb,1,0,1169,9,-0.045605968683958054,0.03349380940198898,0.019999999552965164,2.2875779520717776,0.10263931751251221,-0.057446591556072235,0.019999999552965164,0.002320820328946205,0.1739161332536068,-2.2852571317428314,-0.7144608049479348,1,1,200,92.0,1,1,109,0,1,49,1,1,103,1,1,1,0.0902744010090828,-0.058842506259679794,0.05999980494379997,1.9870469373956627e-06
/workspace/ripl/t2/nominal,best_eval_success_once.pt,rgb,1,0,1170,0,-0.10921651124954224,-0.16179259121418,0.019999999552965164,0.9360791842328884,-0.11998005211353302,-0.05944298207759857,0.019999999552965164,0.2810053356614306,0.10291402383709322,-0.6550738485714578,-0.6550738485714578,1,1,200,99.0,1,1,102,0,1,54,1,1,97,1,1,1,-0.10875390470027924,-0.05444302782416344,0.05999549850821495,3.538651136751984e-05
/workspace/ripl/t2/nominal,best_eval_success_once.pt,rgb,1,0,1171,1,0.1563529223203659,-0.19222697615623474,0.019999999552965164,-1.6097170259362752,0.07834742218255997,-0.12735837697982788,0.019999999552965164,2.1939467837698157,0.10145340413637471,-2.4795214974734954,0.6620711561162977,0,0,200,0.0,0,0,-1,1,1,167,0,0,-1,0,1,1,0.14539296925067902,-0.18777383863925934,0.11654260009527206,1.987518310045857e-06
/workspace/ripl/t2/nominal,best_eval_success_once.pt,rgb,1,0,1172,2,-0.010196767747402191,0.1250585913658142,0.019999999552965164,-2.5569923277860216,-0.06872409582138062,-0.25373998284339905,0.019999999552965164,2.69624875346232,0.38329337061109203,-1.0299442259312448,0.5408521008636518,1,0,200,2.0,0,1,122,0,1,46,0,1,100,1,1,1,-0.10235804319381714,-0.24143074452877045,0.020000016316771507,0.03350133838529156
/workspace/ripl/t2/nominal,best_eval_success_once.pt,rgb,1,0,1173,3,-0.047004155814647675,0.05977509915828705,0.019999999552965164,0.68289854032487,-0.0253726989030838,-0.08435331284999847,0.019999999552965164,1.4237927250302442,0.1457426467309653,0.7408941847053745,0.7408941847053745,1,1,200,105.0,1,1,96,0,1,45,1,1,91,1,1,1,-0.029796121641993523,-0.07931257784366608,0.0599968321621418,5.342123439980552e-07
/workspace/ripl/t2/nominal,best_eval_success_once.pt,rgb,1,0,1174,4,0.0923345610499382,0.17149317264556885,0.019999999552965164,-0.7483085217196308,0.16036248207092285,-0.04744536429643631,0.019999999552965164,-2.7802367760597306,0.2292637803857013,-2.0319282543401,-0.46113192754520327,0,0,200,0.0,0,0,-1,1,1,46,0,0,-1,0,1,1,0.12486603856086731,-0.10448652505874634,0.058661337941884995,2.091852506044678e-06
/workspace/ripl/t2/nominal,best_eval_success_once.pt,rgb,1,0,1175,5,-0.08189068734645844,-0.07645721733570099,0.019999999552965164,1.582268248578131,0.03374724090099335,-0.25103291869163513,0.019999999552965164,1.7916633990133488,0.2094010648332026,0.20939515043521784,0.20939515043521784,0,0,200,0.0,0,0,-1,1,1,47,0,1,105,0,1,1,0.043599653989076614,-0.30855703353881836,0.020190289244055748,0.0005091015110493836
/workspace/ripl/t2/nominal,best_eval_success_once.pt,rgb,1,0,1176,6,0.04706510156393051,0.20466482639312744,0.019999999552965164,3.107337235043383,0.028262518346309662,-0.14976894855499268,0.019999999552965164,-0.6336520559478211,0.3549321596581947,2.542196016188382,-0.5993966374014112,0,0,200,0.0,0,0,-1,1,1,45,1,1,102,0,1,1,0.019492851570248604,-0.17659756541252136,0.06012067198753357,0.014542654822920402
/workspace/ripl/t2/nominal,best_eval_success_once.pt,rgb,1,0,1177,7,0.028522372245788574,-0.14821301400661469,0.019999999552965164,-0.6306870776734046,0.06165400892496109,-0.042555369436740875,0.019999999552965164,-2.478664414558959,0.11073049808022392,-1.8479773368855543,-0.27718101009065776,1,1,200,117.0,1,1,84,0,1,43,1,1,82,1,1,1,0.05126620829105377,-0.046469081193208694,0.06000193580985069,3.436065000542514e-05
/workspace/ripl/t2/nominal,best_eval_success_once.pt,rgb,1,0,1178,8,0.030105270445346832,-0.02421506866812706,0.019999999552965164,-1.9265307132477325,0.12192890048027039,-0.21888883411884308,0.019999999552965164,-0.3305748275931233,0.21524277917633128,1.5959558856546092,0.02515955885971266,0,0,200,0.0,0,0,-1,0,1,42,0,1,104,1,1,1,0.1185152679681778,-0.2842938303947449,0.01999991573393345,0.0002889262667037623
/workspace/ripl/t2/nominal,best_eval_success_once.pt,rgb,1,0,1179,9,-0.06100767105817795,0.04834616929292679,0.019999999552965164,0.07251580249066869,0.010060414671897888,0.19328343868255615,0.019999999552965164,1.645098189804313,0.16142330955428774,1.5725823873136444,0.0017860605187478562,1,1,200,91.0,1,1,98,0,1,40,1,1,92,1,1,1,0.023249227553606033,0.2018730789422989,0.0599912628531456,0.0008608076947664122
/workspace/ripl/t2/nominal,best_eval_success_once.pt,rgb,1,0,1180,0,-0.12695012986660004,0.022751398384571075,0.019999999552965164,0.5684196943312525,0.05589629337191582,0.23901104927062988,0.019999999552965164,-0.04261046901097565,0.28319790093233127,-0.6110301633422281,-0.6110301633422281,0,0,200,0.0,0,0,-1,0,1,43,0,1,109,1,1,1,0.051584791392087936,0.18009597063064575,0.019999882206320763,0.01033866242306397
/workspace/ripl/t2/nominal,best_eval_success_once.pt,rgb,1,0,1181,1,0.013767138123512268,-0.15295729041099548,0.019999999552965164,3.0753653088259334,0.06763771176338196,-0.007098540663719177,0.019999999552965164,-0.7799971698884653,0.15548895003223606,2.427822828465187,-0.7137698251246061,1,1,200,117.0,1,1,84,0,1,39,1,1,80,1,1,1,0.056865088641643524,-0.01108932588249445,0.06000509485602379,4.665331204165424e-06
/workspace/ripl/t2/nominal,best_eval_success_once.pt,rgb,1,0,1182,2,-0.08183956146240234,-0.12016461044549942,0.019999999552965164,-2.1437079758213002,0.004059635102748871,-0.020481817424297333,0.019999999552965164,-0.8716023779227573,0.13158773193214596,1.272105597898543,-0.2986907288963536,1,0,200,7.0,0,1,187,0,1,39,1,1,84,0,1,1,0.01942199096083641,-0.010002910159528255,0.05999179556965828,0.0002620415149734548
/workspace/ripl/t2/nominal,best_eval_success_once.pt,rgb,1,0,1183,3,0.0070834681391716,0.058253176510334015,0.019999999552965164,0.01702246845077715,-0.026174791157245636,-0.0008069947361946106,0.019999999552965164,0.42738143318034627,0.06778064354295414,0.4103589647295691,0.4103589647295691,1,1,200,112.0,1,1,89,0,1,47,1,1,85,1,1,1,-0.03967069461941719,-0.00937891285866499,0.0599956177175045,1.280737575893276e-06
/workspace/ripl/t2/nominal,best_eval_success_once.pt,rgb,1,0,1184,4,0.04230966046452522,-0.02580888569355011,0.019999999552965164,-0.08372098638958159,0.12144257128238678,-0.09817235171794891,0.019999999552965164,-0.0561359550053937,0.10723100666118895,0.027585031384187886,0.027585031384187886,1,0,200,50.0,0,1,101,0,1,39,1,1,94,0,1,1,0.1359333097934723,-0.11248447000980377,0.05999927595257759,4.651363752152952e-05
/workspace/ripl/t2/nominal,best_eval_success_once.pt,rgb,1,0,1185,5,-0.010264880955219269,-0.1829717606306076,0.019999999552965164,3.1267187593394317,-0.07152856886386871,-0.014594629406929016,0.019999999552965164,-2.4403761386195413,0.17917616408240322,0.7160904092206124,0.7160904092206124,1,1,200,111.0,1,1,90,0,1,39,1,1,86,1,1,1,-0.08066382259130478,-0.023478331044316292,0.0599951297044754,4.701723054720646e-06
/workspace/ripl/t2/nominal,best_eval_success_once.pt,rgb,1,0,1186,6,-0.10102267563343048,0.25341400504112244,0.019999999552965164,-3.1136744688610474,0.04343564808368683,0.26612624526023865,0.019999999552965164,0.9020324895795602,0.1450165795436783,-2.2674783487389787,-0.6966820219440821,0,0,200,0.0,0,0,-1,0,1,38,0,1,135,1,1,1,0.03291134908795357,0.20192788541316986,0.01999991200864315,0.023292913856987285
/workspace/ripl/t2/nominal,best_eval_success_once.pt,rgb,1,0,1187,7,-0.05604032427072525,0.009632863104343414,0.019999999552965164,1.3303200631451286,0.04007846117019653,0.17357137799263,0.019999999552965164,-1.9311805847608934,0.19003856866019309,3.021684659273564,-0.1199079943162289,1,1,200,101.0,1,1,100,0,1,42,1,1,94,1,1,1,0.0464807003736496,0.16018231213092804,0.05999660864472389,0.00010788106143391299
/workspace/ripl/t2/nominal,best_eval_success_once.pt,rgb,1,0,1188,8,-0.024486586451530457,0.007992662489414215,0.019999999552965164,1.3448274554901878,-0.07775565981864929,0.25127291679382324,0.019999999552965164,-2.3187859648625473,0.24904392446275297,2.6195718868268507,-0.5220207667629424,1,1,200,112.0,1,1,89,0,1,38,1,1,87,1,1,1,-0.09110857546329498,0.25353768467903137,0.05999638885259628,4.774706188658528e-06
/workspace/ripl/t2/nominal,best_eval_success_once.pt,rgb,1,0,1189,9,-0.07664694637060165,-0.2540796399116516,0.019999999552965164,-1.663360457771212,0.0996374785900116,-0.2627769410610199,0.019999999552965164,-1.1280149327326603,0.17649884286016407,0.5353455250385517,0.5353455250385517,0,0,200,0.0,0,0,-1,1,1,155,0,0,-1,0,1,1,0.04496658593416214,-0.19891972839832306,0.0937810018658638,8.024520884654677e-07
/workspace/ripl/t2/nominal,best_eval_success_once.pt,rgb,1,0,1190,0,0.00873052328824997,-0.0553012415766716,0.019999999552965164,1.5199311067780912,0.10788407921791077,-0.1140657439827919,0.019999999552965164,1.2782046741912658,0.11525924863773532,-0.24172643258682536,-0.24172643258682536,0,0,200,0.0,0,0,-1,0,1,43,0,1,96,1,1,1,0.11274204403162003,-0.1799597293138504,0.01999993436038494,0.03366143977811056
/workspace/ripl/t2/nominal,best_eval_success_once.pt,rgb,1,0,1191,1,0.0624561607837677,-0.10021357238292694,0.019999999552965164,1.0699645072789679,-0.07564125210046768,0.1552356481552124,0.019999999552965164,-0.9642693617171201,0.29038801579759094,-2.034233868996088,-0.4634375422011914,1,1,200,99.0,1,1,102,0,1,42,1,1,94,1,1,1,-0.06358823925256729,0.16325777769088745,0.05999424308538437,0.0040075850966233995
/workspace/ripl/t2/nominal,best_eval_success_once.pt,rgb,1,0,1192,2,0.08245447278022766,0.07562471926212311,0.019999999552965164,-0.4245570441094211,0.09094297885894775,-0.16030395030975342,0.019999999552965164,0.8696019262738708,0.23608132467733267,1.2941589703832919,-0.2766373564116047,1,1,200,105.0,1,1,96,0,1,42,1,1,91,1,1,1,0.08239705860614777,-0.16258130967617035,0.05999923124909401,1.375293225425999e-06
/workspace/ripl/t2/nominal,best_eval_success_once.pt,rgb,1,0,1193,3,0.04414860159158707,-0.07938043028116226,0.019999999552965164,1.21939632202262,0.05132617801427841,-0.15200868248939514,0.019999999552965164,-0.9050977762574579,0.07298205685047701,-2.1244940982800777,-0.5536977714851812,1,1,200,116.0,1,1,85,0,1,41,1,1,81,1,1,1,0.06313258409500122,-0.1581861674785614,0.05999859422445297,0.0008096974176444337
/workspace/ripl/t2/nominal,best_eval_success_once.pt,rgb,1,0,1194,4,-0.03391160070896149,-0.05656895786523819,0.019999999552965164,-0.10026675971789611,-0.051249437034130096,0.19012987613677979,0.019999999552965164,-2.899350472705785,0.24730732958485796,-2.7990837129878887,0.3425089406019044,1,1,200,98.0,1,1,103,0,1,48,1,1,102,1,1,1,-0.0605371817946434,0.18654868006706238,0.05999821051955223,2.261456798566922e-06
/workspace/ripl/t2/nominal,best_eval_success_once.pt,rgb,1,0,1195,5,0.03463117033243179,-0.17469993233680725,0.019999999552965164,-2.1890065618560364,-0.018024228513240814,-0.014038272202014923,0.019999999552965164,-2.133468860583662,0.16907028143604771,0.05553770127237456,0.05553770127237456,0,0,200,0.0,0,0,-1,0,1,53,0,0,-1,1,1,1,0.024417083710432053,-0.20028281211853027,0.01999993994832039,2.9769853930182645e-07
/workspace/ripl/t2/nominal,best_eval_success_once.pt,rgb,1,0,1196,6,-0.133437842130661,-0.14805546402931213,0.019999999552965164,0.2908440427362282,0.026825912296772003,-0.22142033278942108,0.019999999552965164,-0.5445950448516239,0.17625797840485,-0.8354390875878521,0.7353572392070444,0,0,200,0.0,0,0,-1,1,1,49,0,1,153,0,1,1,0.004917326848953962,-0.27688705921173096,0.020003436133265495,0.015617503017725212
/workspace/ripl/t2/nominal,best_eval_success_once.pt,rgb,1,0,1197,7,-0.07690392434597015,0.1824430525302887,0.019999999552965164,-3.000406343516283,0.04965290427207947,-0.11192839592695236,0.019999999552965164,-2.0937539724794476,0.32042343943081397,0.9066523710368353,-0.6641439557580613,1,0,200,19.0,0,1,94,0,1,34,0,1,90,1,1,1,0.07800936698913574,-0.05617327615618706,0.01999993808567524,0.0033505148934798086
/workspace/ripl/t2/nominal,best_eval_success_once.pt,rgb,1,0,1198,8,0.18523336946964264,-0.11384972929954529,0.019999999552965164,1.89529605862979,0.1189744770526886,-0.022572726011276245,0.019999999552965164,-2.387515075927735,0.11279065632226885,2.0003741726220614,0.42957784582716485,0,0,200,0.0,0,0,-1,0,0,-1,0,0,-1,1,1,1,0.1852342188358307,-0.1138514056801796,0.019999906420707703,5.21593857502554e-07
/workspace/ripl/t2/nominal,best_eval_success_once.pt,rgb,1,0,1199,9,0.05271998792886734,-0.07232210040092468,0.019999999552965164,-1.2943437864488923,0.10007331520318985,0.021470360457897186,0.019999999552965164,2.514424098716748,0.10506837448967567,-2.4744174220139463,0.6671752315758468,1,1,200,113.0,1,1,88,0,1,45,1,1,84,1,1,1,0.09351188689470291,0.03201588615775108,0.06000243499875069,1.378362444597794e-06
/workspace/ripl/t2/nominal,best_eval_success_once.pt,rgb,1,0,1200,0,0.04526742547750473,-0.14177635312080383,0.019999999552965164,-0.11124879827808165,0.06354071944952011,0.1700161248445511,0.019999999552965164,0.45157345331638066,0.3123274925272574,0.5628222515944623,0.5628222515944623,1,1,200,104.0,1,1,97,0,1,45,1,1,91,1,1,1,0.05061496049165726,0.17230328917503357,0.060002006590366364,3.5103495678107046e-05
/workspace/ripl/t2/nominal,best_eval_success_once.pt,rgb,1,0,1201,1,0.14499306678771973,0.21970206499099731,0.019999999552965164,-2.133742593499015,0.004073232412338257,-0.1358729898929596,0.019999999552965164,1.2176470153761503,0.38248139742491255,-2.9317956983044207,0.20979695528537246,0,0,200,0.0,0,0,-1,1,1,69,0,0,-1,0,1,1,0.004917331971228123,-0.09754876047372818,0.02387111820280552,0.004843864550065151
/workspace/ripl/t2/nominal,best_eval_success_once.pt,rgb,1,0,1202,2,-0.13217610120773315,-0.0036640167236328125,0.019999999552965164,-2.71445043673401,-0.07496446371078491,0.0407816618680954,0.019999999552965164,-2.9410546027300377,0.07244715184575182,-0.22660416599602762,-0.22660416599602762,1,1,200,98.0,1,1,103,0,1,47,1,1,101,1,1,1,-0.05813185125589371,0.03325185552239418,0.060000088065862656,8.137116218572692e-06
/workspace/ripl/t2/nominal,best_eval_success_once.pt,rgb,1,0,1203,3,0.12844492495059967,-0.13397002220153809,0.019999999552965164,0.6428895560286332,0.15896256268024445,0.07005863636732101,0.019999999552965164,-1.0086224777394568,0.2062983754904675,-1.65151203376809,-0.08071570697319341,1,0,200,4.0,0,1,109,1,1,55,0,1,108,0,1,1,0.15910522639751434,0.13085725903511047,0.05781659856438637,0.0019756935480862606
/workspace/ripl/t2/nominal,best_eval_success_once.pt,rgb,1,0,1204,4,-0.12092804908752441,0.02140539139509201,0.019999999552965164,-2.172090053073209,-0.12888433039188385,-0.15394753217697144,0.019999999552965164,-0.26015789331533457,0.1755333307878137,1.9119321597578742,0.34113583296297767,0,0,200,0.0,0,0,-1,0,1,49,0,1,123,1,1,1,-0.16412732005119324,-0.20677661895751953,0.019999917596578598,0.008787858827519777
/workspace/ripl/t2/nominal,best_eval_success_once.pt,rgb,1,0,1205,5,0.058436423540115356,0.0359969437122345,0.019999999552965164,-2.745869187629432,0.000580132007598877,0.05107569694519043,0.019999999552965164,-3.0466182825691615,0.0597889560784926,-0.30074909493972957,-0.30074909493972957,0,0,200,0.0,0,0,-1,0,0,-1,0,0,-1,1,1,1,0.18169593811035156,0.023337284103035927,0.01999993622303009,0.14383511826040313
/workspace/ripl/t2/nominal,best_eval_success_once.pt,rgb,1,0,1206,6,0.018070340156555176,-0.02261776477098465,0.019999999552965164,-0.43889171345753875,0.12703393399715424,0.16089263558387756,0.019999999552965164,0.08411615562843089,0.21342242576885131,0.5230078690859696,0.5230078690859696,1,1,200,81.0,1,1,108,0,1,48,1,1,97,1,1,1,0.12331124395132065,0.16570612788200378,0.05999894440174103,0.0016597970284435053
/workspace/ripl/t2/nominal,best_eval_success_once.pt,rgb,1,0,1207,7,0.03071518987417221,-0.06464365869760513,0.019999999552965164,-1.8520235029059293,0.009647272527217865,-0.2553770840167999,0.019999999552965164,-1.537559297399742,0.1918934513612462,0.31446420550618726,0.31446420550618726,1,1,200,107.0,1,1,94,0,1,40,1,1,93,1,1,1,-0.007743970490992069,-0.2643413543701172,0.059992317110300064,3.938595650790237e-06
/workspace/ripl/t2/nominal,best_eval_success_once.pt,rgb,1,0,1208,8,-0.0699530839920044,-0.12352713197469711,0.019999999552965164,-2.0181381934492135,-0.13836970925331116,-0.13175106048583984,0.019999999552965164,0.7022186281172518,0.06890912575488435,2.7203568215664653,-0.4212358320233278,0,0,200,0.0,0,0,-1,0,1,39,0,0,-1,1,1,1,0.028010917827486992,-0.12712836265563965,0.01999991573393345,0.12275845165292248
/workspace/ripl/t2/nominal,best_eval_success_once.pt,rgb,1,0,1209,9,-0.025518961250782013,-0.13290755450725555,0.019999999552965164,-2.4532057596597188,-0.040411002933979034,-0.05360109359025955,0.019999999552965164,-2.674031000123337,0.08069255014357331,-0.2208252404636184,-0.2208252404636184,0,0,200,0.0,0,0,-1,1,1,48,0,1,88,0,1,1,0.011950983665883541,-0.011463884264230728,0.088966004550457,0.0026209293606016797
/workspace/ripl/t2/nominal,best_eval_success_once.pt,rgb,1,0,1210,0,0.15774056315422058,-0.1575876772403717,0.019999999552965164,1.67347196864063,0.1900130957365036,0.17452704906463623,0.019999999552965164,2.5864002379234403,0.3336790490694986,0.9129282692828102,-0.6578680575120863,0,0,200,0.0,0,0,-1,1,1,61,1,1,160,0,1,1,0.1685047149658203,0.19316570460796356,0.06007636338472366,0.013688358671463188
/workspace/ripl/t2/nominal,best_eval_success_once.pt,rgb,1,0,1211,1,0.08598031103610992,-0.10361830145120621,0.019999999552965164,1.9668249185740565,-0.0002080276608467102,0.13667874038219452,0.019999999552965164,-1.7947548350026556,0.25528630601977936,2.521605553602874,-0.6199870999869193,1,0,200,50.0,0,1,103,0,1,43,1,1,96,0,1,1,0.01734052039682865,0.14868710935115814,0.05999536067247391,0.0009458227653645621
/workspace/ripl/t2/nominal,best_eval_success_once.pt,rgb,1,0,1212,2,0.13633497059345245,0.1321140080690384,0.019999999552965164,-1.7324268208087679,0.09229230880737305,-0.21948428452014923,0.019999999552965164,-3.110539977971227,0.3543460390759786,-1.378113157162459,0.1926831696324376,1,1,200,88.0,1,1,113,0,1,55,1,1,109,1,1,1,0.07674537599086761,-0.2149333655834198,0.059993647038936615,3.1653658165585084e-06
/workspace/ripl/t2/nominal,best_eval_success_once.pt,rgb,1,0,1213,3,-0.07197615504264832,0.10595465451478958,0.019999999552965164,-0.02491265967300116,0.002872563898563385,0.20879611372947693,0.019999999552965164,1.0912993437386218,0.1271955048755525,1.116212003411623,-0.4545843233832736,1,1,200,88.0,1,1,103,0,1,48,1,1,102,1,1,1,0.012536714784801006,0.21684718132019043,0.05999383702874184,0.001290534684506939
/workspace/ripl/t2/nominal,best_eval_success_once.pt,rgb,1,0,1214,4,-0.18551665544509888,-0.17311657965183258,0.019999999552965164,-0.8191850495835657,-0.18461187183856964,0.09232008457183838,0.019999999552965164,1.6657195082489702,0.26543820626949033,2.484904557832536,-0.6566880957572572,0,0,200,0.0,0,0,-1,0,0,-1,0,0,-1,1,1,1,-0.13131876289844513,-0.21344321966171265,0.019999941810965538,7.277199892446267e-07
/workspace/ripl/t2/nominal,best_eval_success_once.pt,rgb,1,0,1215,5,0.07214789092540741,-0.2153790146112442,0.019999999552965164,0.8165631689478516,0.12642799317836761,-0.0065575093030929565,0.019999999552965164,-1.4059279060832646,0.2157608643377062,-2.222491075031116,-0.6516947482362196,0,0,200,0.0,0,0,-1,1,1,48,0,1,94,0,1,1,0.16751450300216675,0.010167461819946766,0.12072625756263733,0.0902997898954539
/workspace/ripl/t2/nominal,best_eval_success_once.pt,rgb,1,0,1216,6,0.09326602518558502,-0.03072851151227951,0.019999999552965164,0.07033691540062748,0.030624311417341232,0.009343914687633514,0.019999999552965164,1.298697987201499,0.07436251505543677,1.2283610718008715,-0.34243525499402505,1,1,200,104.0,1,1,97,0,1,47,1,1,90,1,1,1,0.029287569224834442,0.0031294156797230244,0.060000140219926834,3.866619502713454e-05
/workspace/ripl/t2/nominal,best_eval_success_once.pt,rgb,1,0,1217,7,-0.18943586945533752,-0.1404215693473816,0.019999999552965164,0.1911266710711832,-0.15845558047294617,0.05247845500707626,0.019999999552965164,-0.09750682684882372,0.1953719470686181,-0.2886334979200069,-0.2886334979200069,0,0,200,0.0,0,0,-1,0,1,66,0,0,-1,1,1,1,-0.03058123216032982,0.05656374245882034,0.019999893382191658,0.07128394434028765
/workspace/ripl/t2/nominal,best_eval_success_once.pt,rgb,1,0,1218,8,-0.029262863099575043,0.27159783244132996,0.019999999552965164,0.6984732115797598,-0.03993222862482071,-0.03726526349782944,0.019999999552965164,-1.3970200373844417,0.3090473222563717,-2.0954932489642015,-0.524696922169305,0,0,200,0.0,0,0,-1,0,1,36,0,1,96,1,1,1,-0.09006359428167343,-0.06204044446349144,0.019999897107481956,0.006869561534372874
/workspace/ripl/t2/nominal,best_eval_success_once.pt,rgb,1,0,1219,9,-0.1478411853313446,-0.08085798472166061,0.019999999552965164,1.6806383487342482,-0.0341467410326004,0.1618328094482422,0.019999999552965164,2.674943222198432,0.26800232879439384,0.9943048734641837,-0.5764914533307128,1,1,200,88.0,1,1,113,0,1,51,1,1,106,1,1,1,-0.033482637256383896,0.165322944521904,0.059998467564582825,0.0013144840959036681
/workspace/ripl/t2/nominal,best_eval_success_once.pt,rgb,1,0,1220,0,-0.13478052616119385,-0.1664658486843109,0.019999999552965164,-0.9571454730446938,-0.0774855986237526,0.012817516922950745,0.019999999552965164,0.2568470322746541,0.18821592362227935,1.2139925053193479,-0.3568038214755487,0,0,200,0.0,0,0,-1,0,1,96,0,0,-1,1,1,1,-0.09461688250303268,-0.13877610862255096,0.019999930635094643,1.075990388074475e-06
/workspace/ripl/t2/nominal,best_eval_success_once.pt,rgb,1,0,1221,1,-0.1514512598514557,0.22825190424919128,0.019999999552965164,-2.947551788358062,-0.13569273054599762,-0.02901385724544525,0.019999999552965164,0.9087667533499726,0.2577479452552167,-2.4268667654715514,0.7147258881182417,0,0,200,0.0,0,0,-1,0,1,57,0,0,-1,0,1,1,-0.17761187255382538,0.07006947696208954,0.02002345211803913,0.0056045290221810855
/workspace/ripl/t2/nominal,best_eval_success_once.pt,rgb,1,0,1222,2,0.004327248781919479,-0.13412752747535706,0.019999999552965164,-1.6583668288661393,-0.08296850323677063,-0.01412326842546463,0.019999999552965164,2.1543783048214,0.1483966661034618,-2.4704401734920474,0.6711524800977458,1,1,200,106.0,1,1,95,0,1,43,1,1,94,1,1,1,-0.07975293695926666,-0.016385771334171295,0.0600019209086895,6.900995094834664e-05
/workspace/ripl/t2/nominal,best_eval_success_once.pt,rgb,1,0,1223,3,0.05247533321380615,0.07119864970445633,0.019999999552965164,1.1793410173051015,0.06597360968589783,0.2676981985569,0.019999999552965164,2.80331974536089,0.19696262632014971,1.6239787280557885,0.05318240126089191,1,0,200,28.0,0,1,88,0,1,38,1,1,82,0,1,1,0.04797879606485367,0.27071619033813477,0.060001060366630554,0.001006514542701311
/workspace/ripl/t2/nominal,best_eval_success_once.pt,rgb,1,0,1224,4,-0.04647084325551987,0.007719486951828003,0.019999999552965164,-0.7260149387435821,0.043875329196453094,0.11442700028419495,0.019999999552965164,2.835368384581706,0.1398174677152283,-2.7218019838542986,0.4197906697354945,1,1,200,105.0,1,1,96,0,1,45,1,1,93,1,1,1,0.03641698881983757,0.10251819342374802,0.05999920889735222,8.094771230863373e-06
/workspace/ripl/t2/nominal,best_eval_success_once.pt,rgb,1,0,1225,5,-0.04315563663840294,-0.02408471703529358,0.019999999552965164,-0.9834483355571129,0.10874509066343307,-0.05423581600189209,0.019999999552965164,1.4511096290664396,0.1548641976820994,2.4345579646235525,-0.7070346889662407,1,1,200,93.0,1,1,108,0,1,47,1,1,107,1,1,1,0.10105602443218231,-0.055703431367874146,0.05999883636832237,6.906270260906209e-07
/workspace/ripl/t2/nominal,best_eval_success_once.pt,rgb,1,0,1226,6,0.00023436546325683594,0.03995407372713089,0.019999999552965164,-0.6619036195751424,-0.07126020640134811,-0.13161256909370422,0.019999999552965164,1.1410929667599374,0.18586712117777898,1.8029965863350799,0.2322002595401833,1,1,200,112.0,1,1,89,0,1,39,1,1,86,1,1,1,-0.07967248558998108,-0.12218915671110153,0.05999321863055229,3.467394869101404e-06
/workspace/ripl/t2/nominal,best_eval_success_once.pt,rgb,1,0,1227,7,0.12522153556346893,0.06922139972448349,0.019999999552965164,-2.964698408043815,-0.0700843408703804,0.1477445363998413,0.019999999552965164,-1.5667356013184737,0.21050004361740865,1.3979628067253413,-0.1728335200695552,1,1,200,49.0,1,1,152,0,1,47,1,1,149,1,1,1,-0.05872451141476631,0.15701371431350708,0.05999724566936493,1.463806830673553e-06
/workspace/ripl/t2/nominal,best_eval_success_once.pt,rgb,1,0,1228,8,-0.07766512036323547,0.033475883305072784,0.019999999552965164,0.4443799178073826,0.0565154030919075,0.18385744094848633,0.019999999552965164,-0.4309128049103359,0.20154162288211208,-0.8752927227177185,0.695503604077178,1,1,200,87.0,1,1,114,0,1,50,1,1,108,1,1,1,0.04654344171285629,0.17965613305568695,0.06000269204378128,3.297270500052477e-05
/workspace/ripl/t2/nominal,best_eval_success_once.pt,rgb,1,0,1229,9,-0.06683200597763062,-0.16067984700202942,0.019999999552965164,2.42081836038006,-0.010241836309432983,-0.08119749277830124,0.019999999552965164,-2.7159417470360223,0.09756993356573324,1.1464251997635042,-0.42437112703139235,0,0,200,0.0,0,0,-1,0,1,54,0,1,107,1,1,1,0.025792861357331276,-0.1216171532869339,0.019999928772449493,0.05263689081018088
/workspace/ripl/t2/nominal,best_eval_success_once.pt,rgb,1,0,1230,0,0.053605906665325165,0.1760765016078949,0.019999999552965164,1.2740459641288535,0.17266353964805603,-0.005070008337497711,0.019999999552965164,-2.9300556592630596,0.21676895081364136,2.0790836837876734,0.5082873569927768,0,0,200,0.0,0,0,-1,1,1,39,0,1,95,0,1,1,0.1328442245721817,-0.00810973346233368,0.0718211978673935,0.011036986667557173
/workspace/ripl/t2/nominal,best_eval_success_once.pt,rgb,1,0,1231,1,-0.08793739974498749,0.09392239898443222,0.019999999552965164,-0.06710798561496123,0.02404322475194931,0.08288387209177017,0.019999999552965164,-0.26571495657348176,0.11252337241073067,-0.19860697095852053,-0.19860697095852053,1,0,200,91.0,0,1,102,1,1,42,1,1,92,0,1,1,0.04487508907914162,0.07147804647684097,0.06050533056259155,0.0016426718996309267
/workspace/ripl/t2/nominal,best_eval_success_once.pt,rgb,1,0,1232,2,-0.09529171884059906,0.018559731543064117,0.019999999552965164,-0.8435176072004058,-0.029645681381225586,0.18862828612327576,0.019999999552965164,0.8465350284026507,0.18229842426943765,1.6900526356030565,0.11925630880815996,0,0,200,0.0,0,0,-1,0,1,47,0,1,101,1,1,1,-0.011083926074206829,0.13464124500751495,0.01999993436038494,0.04776422519861828
/workspace/ripl/t2/nominal,best_eval_success_once.pt,rgb,1,0,1233,3,0.060122013092041016,-0.11386946588754654,0.019999999552965164,-1.5092389900591714,0.022441744804382324,0.1592341661453247,0.019999999552965164,-0.12083417774307348,0.27569076235480916,1.388404812316098,-0.18239151447879864,1,0,200,61.0,0,1,96,1,1,46,1,1,95,0,1,1,0.04682294651865959,0.17501814663410187,0.06016547232866287,0.0029710855319072978
/workspace/ripl/t2/nominal,best_eval_success_once.pt,rgb,1,0,1234,4,-0.14223530888557434,-0.07296374440193176,0.019999999552965164,-2.049536526497654,-0.18254400789737701,0.06063762307167053,0.019999999552965164,-2.7453546968115834,0.13954969224917918,-0.6958181703139292,-0.6958181703139292,1,1,200,92.0,1,1,109,0,1,50,1,1,105,1,1,1,-0.17427228391170502,0.06185542419552803,0.05999651923775673,3.5225412151486033e-06
/workspace/ripl/t2/nominal,best_eval_success_once.pt,rgb,1,0,1235,5,0.02951904386281967,-0.02890320122241974,0.019999999552965164,-1.9703528529978982,-0.011686541140079498,-0.10651340335607529,0.019999999552965164,-0.9315994704495596,0.08787060777448863,1.0387533825483386,-0.532042944246558,1,0,200,1.0,0,1,89,1,1,42,0,1,87,0,1,1,0.02498460002243519,-0.14157451689243317,0.11602228879928589,0.011614724469372369
/workspace/ripl/t2/nominal,best_eval_success_once.pt,rgb,1,0,1236,6,-0.07408003509044647,0.013395726680755615,0.019999999552965164,3.033627265099566,-0.0971861332654953,-0.20352254807949066,0.019999999552965164,2.9827422894917994,0.21814543244779774,-0.0508849756077665,-0.0508849756077665,1,1,200,99.0,1,1,102,0,1,44,1,1,100,1,1,1,-0.10026127099990845,-0.21675674617290497,0.059994105249643326,1.531342101465625e-05
/workspace/ripl/t2/nominal,best_eval_success_once.pt,rgb,1,0,1237,7,-0.06568789482116699,-0.20966359972953796,0.019999999552965164,-1.6924475584219136,-0.13366855680942535,-0.039627961814403534,0.019999999552965164,-2.453142294343359,0.1831215131151131,-0.7606947359214455,-0.7606947359214455,0,0,200,0.0,0,0,-1,0,1,59,0,1,109,1,1,1,-0.04521104320883751,-0.06435035914182663,0.019999884068965912,0.044761076411597905
/workspace/ripl/t2/nominal,best_eval_success_once.pt,rgb,1,0,1238,8,-0.07394808530807495,0.2108084261417389,0.019999999552965164,-1.595413478998334,-0.09058988094329834,0.08393464237451553,0.019999999552965164,-2.7277565897197036,0.127960565680903,-1.1323431107213695,0.43845321607352705,1,1,200,120.0,1,1,81,0,1,39,1,1,80,1,1,1,-0.0802944153547287,0.08824682980775833,0.05999506264925003,8.159140642832254e-05
/workspace/ripl/t2/nominal,best_eval_success_once.pt,rgb,1,0,1239,9,0.03130815178155899,0.08239146322011948,0.019999999552965164,-2.1715921919012926,0.08793151378631592,0.2417612075805664,0.019999999552965164,-1.8159664031247358,0.16912989251529711,0.3556257887765568,0.3556257887765568,1,1,200,107.0,1,1,94,0,1,38,1,1,88,1,1,1,0.07857436686754227,0.246773824095726,0.05999895557761192,3.5325496170311264e-07
/workspace/ripl/t2/nominal,best_eval_success_once.pt,rgb,1,0,1240,0,0.1096242368221283,0.10368568450212479,0.019999999552965164,0.6352737027265793,0.05437108874320984,0.20962479710578918,0.019999999552965164,2.457337552555878,0.11948224115692999,1.8220638498292985,0.2512675230344019,1,1,200,34.0,1,1,101,0,1,54,1,1,96,1,1,1,0.040231853723526,0.20143866539001465,0.0599946491420269,1.688072210527858e-05
/workspace/ripl/t2/nominal,best_eval_success_once.pt,rgb,1,0,1241,1,-0.04018823802471161,-0.03746088594198227,0.019999999552965164,3.0533158743739905,0.03810644894838333,-0.19357311725616455,0.019999999552965164,0.7279263439585595,0.17464560336323293,-2.325389530415431,-0.7545932036205345,0,0,200,0.0,0,0,-1,0,1,47,0,1,103,1,1,1,0.1149568110704422,-0.15920144319534302,0.020000243559479713,0.051016790307784304
/workspace/ripl/t2/nominal,best_eval_success_once.pt,rgb,1,0,1242,2,0.05883324146270752,0.04332329332828522,0.019999999552965164,-0.9274352214397901,0.06970690190792084,-0.06274810433387756,0.019999999552965164,-1.864177564828581,0.10662728493909272,-0.9367423433887909,0.6340539834061056,1,1,200,110.0,1,1,91,0,1,48,1,1,87,1,1,1,0.07895419746637344,-0.06467732042074203,0.059998102486133575,0.000492544487137159
/workspace/ripl/t2/nominal,best_eval_success_once.pt,rgb,1,0,1243,3,-0.047205425798892975,-0.19507209956645966,0.019999999552965164,2.651197134401661,0.06517887860536575,0.1699698269367218,0.019999999552965164,0.18332156845255154,0.381950049066083,-2.467875565949109,0.6737170876406839,0,0,200,0.0,0,0,-1,0,1,49,0,0,-1,1,1,1,-0.03220521658658981,-0.21150554716587067,0.019999910145998,1.0342092930949112e-06
/workspace/ripl/t2/nominal,best_eval_success_once.pt,rgb,1,0,1244,4,-0.10744669288396835,-0.15756380558013916,0.019999999552965164,-2.5153949578655066,-0.16707506775856018,-0.03234686702489853,0.019999999552965164,0.49065475916207113,0.1386896708170142,3.0060497170275777,-0.1355429365622154,1,1,200,103.0,1,1,98,0,1,44,1,1,97,1,1,1,-0.1655745953321457,-0.02485383301973343,0.059998564422130585,1.0994593349514434e-06
/workspace/ripl/t2/nominal,best_eval_success_once.pt,rgb,1,0,1245,5,0.0803607925772667,-0.22827763855457306,0.019999999552965164,1.4225439925199377,-0.0466812364757061,0.022596944123506546,0.019999999552965164,1.5132552973460387,0.2812076339287342,0.09071130482610101,0.09071130482610101,1,1,200,71.0,1,1,130,0,1,62,1,1,129,1,1,1,-0.0405115969479084,0.027127891778945923,0.05999898910522461,1.5863132963736882e-06
/workspace/ripl/t2/nominal,best_eval_success_once.pt,rgb,1,0,1246,6,0.025407738983631134,-0.14103196561336517,0.019999999552965164,-0.13332016591275853,0.07657162845134735,-0.19088582694530487,0.019999999552965164,-2.251885713507928,0.07143634281770697,-2.1185655475951695,-0.5477692208002729,0,0,200,0.0,0,0,-1,0,1,41,0,1,87,1,1,1,0.05619364604353905,-0.2702845335006714,0.019999923184514046,0.0012219631341605479
/workspace/ripl/t2/nominal,best_eval_success_once.pt,rgb,1,0,1247,7,0.0465538315474987,-0.24095918238162994,0.019999999552965164,-0.38653784477547815,0.19298115372657776,0.0267503559589386,0.019999999552965164,-1.307751867115373,0.30513825980865816,-0.9212140223398944,0.6495823044550022,0,0,200,0.0,0,0,-1,1,1,51,0,0,-1,0,1,1,0.09961269050836563,-0.012318935245275497,0.11262133717536926,0.001839170026786952
/workspace/ripl/t2/nominal,best_eval_success_once.pt,rgb,1,0,1248,8,0.023631222546100616,0.05041765049099922,0.019999999552965164,1.5421753666601612,0.06372897326946259,-0.23371854424476624,0.019999999552965164,-1.9260295784578343,0.2869515756569281,2.8149803620615907,-0.32661229152820237,1,0,200,2.0,0,1,99,0,1,37,1,1,85,0,1,1,0.07451023161411285,-0.25624555349349976,0.05999411270022392,7.049156644944277e-05
/workspace/ripl/t2/nominal,best_eval_success_once.pt,rgb,1,0,1249,9,0.014248870313167572,0.01753838360309601,0.019999999552965164,-0.8346216847277308,-0.14155590534210205,0.050901859998703,0.019999999552965164,-0.017666642830858947,0.15933690618996316,0.8169550418968718,-0.7538412848980247,0,0,200,0.0,0,0,-1,0,1,44,0,0,-1,1,1,1,-0.12617133557796478,-0.0062095774337649345,0.019999917596578598,0.004266956527045204
/workspace/ripl/t2/nominal,best_eval_success_once.pt,rgb,1,0,1250,0,-0.10778643190860748,-0.021655678749084473,0.019999999552965164,0.48601652425260244,0.0012241080403327942,0.06521973013877869,0.019999999552965164,-0.7225559402358175,0.13939381080016758,-1.2085724644884195,0.3622238623064771,1,1,200,99.0,1,1,102,0,1,42,1,1,96,1,1,1,0.0018395243678241968,0.07649606466293335,0.05999276787042618,0.0004620555893648998
/workspace/ripl/t2/nominal,best_eval_success_once.pt,rgb,1,0,1251,1,-0.0015943050384521484,-0.18551772832870483,0.019999999552965164,1.9401925772085173,-0.163343608379364,-0.2805057168006897,0.019999999552965164,1.4909519070750683,0.1875781306155498,-0.4492406701334488,-0.4492406701334488,0,0,200,0.0,0,0,-1,1,1,38,0,0,-1,0,1,1,-0.016744110733270645,-0.05107584968209267,0.1267918348312378,0.00014869078729410468
/workspace/ripl/t2/nominal,best_eval_success_once.pt,rgb,1,0,1252,2,0.002290882170200348,-0.0644180029630661,0.019999999552965164,-3.081158475181769,-0.07490749657154083,-0.14405158162117004,0.019999999552965164,-1.1964304153324488,0.11091030849406985,1.8847280598493201,0.31393173305442357,1,1,200,109.0,1,1,92,0,1,45,1,1,87,1,1,1,-0.06729080528020859,-0.12532095611095428,0.059993624687194824,6.8873192829670325e-06
/workspace/ripl/t2/nominal,best_eval_success_once.pt,rgb,1,0,1253,3,0.022293955087661743,0.2342410683631897,0.019999999552965164,0.03840794430846328,0.0034957826137542725,-0.053905583918094635,0.019999999552965164,2.8803916032257804,0.2887591808224808,2.841983658917317,-0.29960899467247604,1,0,200,5.0,0,1,108,1,1,46,0,1,103,0,1,1,-0.01729324832558632,-0.05331481620669365,0.10993089526891708,0.02676012264984575
/workspace/ripl/t2/nominal,best_eval_success_once.pt,rgb,1,0,1254,4,0.008025877177715302,0.07506825029850006,0.019999999552965164,-1.4717973919165628,0.10089850425720215,0.024121299386024475,0.019999999552965164,-2.1988166393421453,0.10592882831374861,-0.7270192474255825,-0.7270192474255825,1,1,200,79.0,1,1,96,0,1,46,1,1,95,1,1,1,0.111390121281147,0.039261095225811005,0.059992704540491104,0.002320626879939913
/workspace/ripl/t2/nominal,best_eval_success_once.pt,rgb,1,0,1255,5,0.0903257504105568,0.09897306561470032,0.019999999552965164,-1.7305717245284447,0.013505212962627411,-0.021388068795204163,0.019999999552965164,2.4497824091244444,0.14278724610492288,-2.102831173526697,-0.5320348467318006,1,1,200,100.0,1,1,101,0,1,47,1,1,96,1,1,1,0.022503472864627838,-0.03397905081510544,0.059992365539073944,1.1384170357830559e-05
/workspace/ripl/t2/nominal,best_eval_success_once.pt,rgb,1,0,1256,6,0.0038811415433883667,0.03526248782873154,0.019999999552965164,0.897274320735908,-0.12701061367988586,0.2077620029449463,0.019999999552965164,-1.322112875083321,0.2165380666320791,-2.2193871958192286,-0.648590869024332,1,1,200,91.0,1,1,110,0,1,50,1,1,109,1,1,1,-0.12671072781085968,0.19763687252998352,0.05999600887298584,2.087918036823558e-06
/workspace/ripl/t2/nominal,best_eval_success_once.pt,rgb,1,0,1257,7,-0.054886624217033386,-0.020943082869052887,0.019999999552965164,0.8410387243345365,-0.1077345460653305,0.07146213203668594,0.019999999552965164,-2.578553535020932,0.10645011313032739,2.863593047824118,-0.2779996057656753,1,1,200,101.0,1,1,100,0,1,49,1,1,99,1,1,1,-0.10652480274438858,0.07632984220981598,0.05999937281012535,8.922361905949951e-06
/workspace/ripl/t2/nominal,best_eval_success_once.pt,rgb,1,0,1258,8,0.057264067232608795,0.029468737542629242,0.019999999552965164,-0.8056205175083031,0.08334588259458542,-0.06702139228582382,0.019999999552965164,-1.6298603444737232,0.09995302019893129,-0.8242398269654201,0.7465564998294765,1,1,200,113.0,1,1,88,0,1,45,1,1,87,1,1,1,0.08273638039827347,-0.07501877099275589,0.05999893322587013,1.4495161517220527e-06
/workspace/ripl/t2/nominal,best_eval_success_once.pt,rgb,1,0,1259,9,0.004645951092243195,-0.005437344312667847,0.019999999552965164,-1.4955734125330586,0.1395712047815323,-0.2665403485298157,0.019999999552965164,1.7013176776677381,0.2939040709046728,-3.0862942169787893,0.055298436611003865,1,0,200,2.0,0,1,124,0,1,45,0,1,102,1,1,1,0.13223837316036224,-0.2953101396560669,0.019999908283352852,0.02652745249157737
/workspace/ripl/t2/nominal,best_eval_success_once.pt,rgb,1,0,1260,0,0.14074327051639557,0.16985297203063965,0.019999999552965164,1.3731255035986298,0.03570312261581421,0.07610955089330673,0.019999999552965164,2.6967618494396346,0.14078800260500665,1.3236363458410048,-0.2471599809538918,1,1,200,94.0,1,1,107,0,1,53,1,1,103,1,1,1,0.04047418758273125,0.06707151234149933,0.059994135051965714,3.1852974830040896e-06
/workspace/ripl/t2/nominal,best_eval_success_once.pt,rgb,1,0,1261,1,-0.057917334139347076,-0.019493289291858673,0.019999999552965164,2.9383177771075824,-0.12126598507165909,0.15744289755821228,0.019999999552965164,2.9003150716935826,0.18793473811934594,-0.03800270541399975,-0.03800270541399975,1,0,200,54.0,0,1,93,0,1,37,1,1,86,0,1,1,-0.13864019513130188,0.14711850881576538,0.05999317765235901,1.1283879101582757e-05
/workspace/ripl/t2/nominal,best_eval_success_once.pt,rgb,1,0,1262,2,-0.009737670421600342,-0.04608241468667984,0.019999999552965164,1.8863402522828894,-0.10579391568899155,0.09756308048963547,0.019999999552965164,-0.5161827329646629,0.17280286612009085,-2.4025229852475523,0.7390696683422409,1,1,200,96.0,1,1,105,0,1,49,1,1,101,1,1,1,-0.10807083547115326,0.10230100154876709,0.05999777838587761,1.8022706520236688e-06
/workspace/ripl/t2/nominal,best_eval_success_once.pt,rgb,1,0,1263,3,-0.022050417959690094,-0.13788461685180664,0.019999999552965164,-0.7385586053485031,0.07302083820104599,-0.22613394260406494,0.019999999552965164,1.5718057114118855,0.12971695048723778,2.3103643167603884,0.7395679899654919,1,1,200,99.0,1,1,102,0,1,41,1,1,95,1,1,1,0.07835549861192703,-0.22665788233280182,0.0599999837577343,8.548709294153763e-07
/workspace/ripl/t2/nominal,best_eval_success_once.pt,rgb,1,0,1264,4,-0.016437575221061707,-0.11396349966526031,0.019999999552965164,2.0439047147268745,0.01666901260614395,0.013167575001716614,0.019999999552965164,0.42557782912317066,0.1313710634178659,-1.6183268856037039,-0.0475305588088073,1,1,200,110.0,1,1,91,0,1,44,1,1,89,1,1,1,0.017616210505366325,0.018954316154122353,0.059997256845235825,6.658194373700553e-07
/workspace/ripl/t2/nominal,best_eval_success_once.pt,rgb,1,0,1265,5,-0.017040230333805084,0.01950232684612274,0.019999999552965164,1.7735793212699225,-0.029037751257419586,0.09570348262786865,0.019999999552965164,-0.9115565228707281,0.07713985124944484,-2.6851358441406505,0.4564568094491426,1,1,200,115.0,1,1,86,0,1,43,1,1,82,1,1,1,-0.025840669870376587,0.10174743086099625,0.05999734252691269,0.00011031881519091172
/workspace/ripl/t2/nominal,best_eval_success_once.pt,rgb,1,0,1266,6,-0.11756844818592072,0.059197865426540375,0.019999999552965164,-0.8727400787962658,0.002557016909122467,-0.007805384695529938,0.019999999552965164,0.5458061140306332,0.13754840199442941,1.418546192826899,-0.15225013396799758,1,0,200,7.0,0,1,159,0,1,45,0,1,97,1,1,1,0.05908640846610069,0.036387547850608826,0.02000000700354576,0.004142075967886803
/workspace/ripl/t2/nominal,best_eval_success_once.pt,rgb,1,0,1267,7,-0.043574705719947815,-0.13939884305000305,0.019999999552965164,1.8607465653038144,-0.019967831671237946,0.07991856336593628,0.019999999552965164,0.04989332534646085,0.22058424526553558,-1.8108532399573534,-0.2400569131624568,1,1,200,104.0,1,1,97,0,1,43,1,1,95,1,1,1,-0.02213156782090664,0.08758623898029327,0.05999793857336044,9.880099161454145e-07
/workspace/ripl/t2/nominal,best_eval_success_once.pt,rgb,1,0,1268,8,-0.09478950500488281,-0.06862778961658478,0.019999999552965164,0.855435807320907,0.023870371282100677,-0.047675520181655884,0.019999999552965164,0.02413697985046781,0.12049549300665184,-0.8312988274704392,0.7394974993244574,1,1,200,96.0,1,1,105,0,1,42,1,1,96,1,1,1,0.03123718500137329,-0.048346105962991714,0.05999823287129402,2.0826478967015694e-05
/workspace/ripl/t2/nominal,best_eval_success_once.pt,rgb,1,0,1269,9,-0.035533711314201355,-0.08658494055271149,0.019999999552965164,1.1505511101682806,-0.08010917901992798,0.18162941932678223,0.019999999552965164,2.0467274584216004,0.27189320544425316,0.89617634825332,-0.6746199785415765,1,1,200,55.0,1,1,93,0,1,35,1,1,91,1,1,1,-0.09426373988389969,0.19122344255447388,0.0599973164498806,3.171349761508522e-05
/workspace/ripl/t2/nominal,best_eval_success_once.pt,rgb,1,0,1270,0,0.08613395690917969,0.0996171087026596,0.019999999552965164,2.7999639729204433,0.15317527949810028,-0.1612764298915863,0.019999999552965164,0.2249030976059574,0.2693695925948194,-2.5750608753144864,0.5665317782753068,0,0,200,0.0,0,0,-1,0,1,46,0,1,90,1,1,1,0.1471887081861496,-0.2365175038576126,0.019999917596578598,0.05760307797068426
/workspace/ripl/t2/nominal,best_eval_success_once.pt,rgb,1,0,1271,1,0.09478811919689178,-0.013627730309963226,0.019999999552965164,-1.0464185460524593,0.07637067139148712,0.19769710302352905,0.019999999552965164,-0.1412094298517803,0.21212587670318087,0.905209116200679,-0.6655872105942175,1,1,200,99.0,1,1,102,0,1,49,1,1,99,1,1,1,0.06929131597280502,0.20287322998046875,0.059999097138643265,5.724839184373184e-07
/workspace/ripl/t2/nominal,best_eval_success_once.pt,rgb,1,0,1272,2,-0.05855993926525116,-0.17491686344146729,0.019999999552965164,-0.45440895452041463,-0.04721621423959732,0.16992412507534027,0.019999999552965164,-1.928612851346303,0.3450275169587299,-1.4742038968258884,0.09659242996900819,1,1,200,109.0,1,1,92,0,1,38,1,1,87,1,1,1,-0.045400988310575485,0.16208292543888092,0.060002196580171585,1.5477897532688252e-06
/workspace/ripl/t2/nominal,best_eval_success_once.pt,rgb,1,0,1273,3,0.04604398459196091,-0.11454175412654877,0.019999999552965164,0.8942486702265473,-0.09650503098964691,-0.037472084164619446,0.019999999552965164,-1.6262001167438802,0.1620492390334684,-2.5204487869704275,0.6211438666193656,1,1,200,70.0,1,1,108,0,1,43,1,1,100,1,1,1,-0.09502869099378586,-0.019284531474113464,0.05998602882027626,0.0007876634039060869
/workspace/ripl/t2/nominal,best_eval_success_once.pt,rgb,1,0,1274,4,0.03318285197019577,0.18771177530288696,0.019999999552965164,-0.003431622163591719,0.050655871629714966,0.07807605713605881,0.019999999552965164,1.7557128416651646,0.1110193546818667,1.7591444638287563,0.18834813703385977,1,1,200,120.0,1,1,81,0,1,38,1,1,79,1,1,1,0.058557093143463135,0.07444220781326294,0.059998560696840286,6.929140096627841e-07
/workspace/ripl/t2/nominal,best_eval_success_once.pt,rgb,1,0,1275,5,-0.014385990798473358,0.0805291160941124,0.019999999552965164,3.1082623061310906,0.1366558074951172,-0.10858229547739029,0.019999999552965164,-2.9739597469578634,0.24202634323215308,0.20096325409063276,0.20096325409063276,1,1,200,98.0,1,1,103,0,1,40,1,1,91,1,1,1,0.1282595545053482,-0.11242169141769409,0.06001164764165878,0.00015582481926864472
/workspace/ripl/t2/nominal,best_eval_success_once.pt,rgb,1,0,1276,6,-0.06772859394550323,0.22585299611091614,0.019999999552965164,1.0525968304264217,-0.040560074150562286,-0.012659355998039246,0.019999999552965164,-2.239171905027214,0.24005472412846704,2.991416571725951,-0.15017608186384201,1,1,200,102.0,1,1,99,0,1,42,1,1,93,1,1,1,-0.046971336007118225,-0.008718181401491165,0.059997811913490295,0.000657891210563081
/workspace/ripl/t2/nominal,best_eval_success_once.pt,rgb,1,0,1277,7,-0.08923725038766861,-0.180487260222435,0.019999999552965164,-3.1309452686553048,-0.012106657028198242,-0.03736380487680435,0.019999999552965164,0.11245547229728503,0.16258367661624798,-3.039784566226997,0.10180808736279623,1,1,200,97.0,1,1,104,0,1,55,1,1,97,1,1,1,-0.006302148103713989,-0.046632152050733566,0.05999651551246643,0.0016079986697028678
/workspace/ripl/t2/nominal,best_eval_success_once.pt,rgb,1,0,1278,8,0.12027227878570557,0.000453360378742218,0.019999999552965164,-1.6394424078268512,-0.03721851855516434,0.16550561785697937,0.019999999552965164,-0.2477391348558906,0.22813504541329296,1.3917032729709606,-0.17909305382393592,1,1,200,86.0,1,1,115,0,1,51,1,1,107,1,1,1,-0.03166436776518822,0.15906934440135956,0.06000225618481636,0.0006776120142263922
/workspace/ripl/t2/nominal,best_eval_success_once.pt,rgb,1,0,1279,9,0.019056536257267,-0.20163537561893463,0.019999999552965164,0.8620541537381952,0.0431462898850441,0.11159046739339828,0.019999999552965164,-1.743806587475456,0.314150831545348,-2.605860741213651,0.5357319123761419,1,1,200,98.0,1,1,103,0,1,46,1,1,102,1,1,1,0.03908076882362366,0.1011585146188736,0.05999890714883804,9.002956164035252e-07
/workspace/ripl/t2/nominal,best_eval_success_once.pt,rgb,1,0,1280,0,-0.027186788618564606,-0.12381166964769363,0.019999999552965164,1.9061446182183996,-0.05146695673465729,0.05856498330831528,0.019999999552965164,0.20940936221874917,0.18398578778585653,-1.6967352559996502,-0.1259389292047537,1,1,200,103.0,1,1,98,0,1,48,1,1,95,1,1,1,-0.05406242609024048,0.055811963975429535,0.059998974204063416,3.511468989930446e-07
/workspace/ripl/t2/nominal,best_eval_success_once.pt,rgb,1,0,1281,1,0.05095146596431732,0.008502937853336334,0.019999999552965164,-2.1497151906197445,-0.019485287368297577,-0.1391666829586029,0.019999999552965164,-2.1668252131392185,0.16360823063275745,-0.017110022519474022,-0.017110022519474022,1,1,200,107.0,1,1,94,0,1,42,1,1,91,1,1,1,-0.030419277027249336,-0.15127910673618317,0.0599832683801651,3.9036354330213184e-06
/workspace/ripl/t2/nominal,best_eval_success_once.pt,rgb,1,0,1282,2,0.16455042362213135,0.03321829438209534,0.019999999552965164,-1.3931533130510232,0.07655338197946548,-0.053693220019340515,0.019999999552965164,-0.46194011069060803,0.12368140795371009,0.9312132023604152,-0.6395831244344814,1,1,200,88.0,1,1,113,0,1,56,1,1,108,1,1,1,0.06878010928630829,-0.046217259019613266,0.05999212712049484,0.00028935342671724927
/workspace/ripl/t2/nominal,best_eval_success_once.pt,rgb,1,0,1283,3,-0.09249626845121384,0.1580161452293396,0.019999999552965164,-2.1322001254626386,0.011321872472763062,0.16408270597457886,0.019999999552965164,2.7626872178689488,0.1039952380841854,-1.3882979638479984,0.18249836294689814,1,1,200,57.0,1,1,144,0,1,46,1,1,143,1,1,1,0.02142062596976757,0.14787070453166962,0.05999883636832237,0.004863091815475618
/workspace/ripl/t2/nominal,best_eval_success_once.pt,rgb,1,0,1284,4,-0.12718689441680908,0.08230242878198624,0.019999999552965164,-2.511321082993657,-0.028415419161319733,-0.054366059601306915,0.019999999552965164,-1.1507585460919012,0.1686240790667812,1.3605625369017558,-0.2102337898931408,1,0,200,18.0,0,1,169,1,1,47,1,1,93,0,1,1,-0.005318446084856987,-0.04728357866406441,0.059886686503887177,0.024773822810308876
/workspace/ripl/t2/nominal,best_eval_success_once.pt,rgb,1,0,1285,5,0.14373941719532013,0.22104448080062866,0.019999999552965164,-2.9332476406047245,0.08709366619586945,0.0260779932141304,0.019999999552965164,1.81929009160842,0.2030287476888629,-1.5306475749664417,0.0401487518284549,1,1,200,14.0,1,1,187,0,1,116,1,1,180,1,1,1,0.0787912979722023,0.017073241993784904,0.05999840423464775,0.00019019860972733553
/workspace/ripl/t2/nominal,best_eval_success_once.pt,rgb,1,0,1286,6,0.1811508685350418,0.056395024061203,0.019999999552965164,-1.4637606722452627,0.17816786468029022,-0.1950257420539856,0.019999999552965164,0.8309281661584444,0.25143846154863786,2.294688838403707,0.7238925116088106,0,0,200,0.0,0,0,-1,0,0,-1,0,0,-1,1,1,1,0.18115019798278809,0.05639598146080971,0.019999923184514046,6.856153649286831e-07
/workspace/ripl/t2/nominal,best_eval_success_once.pt,rgb,1,0,1287,7,-0.1576964259147644,-0.09032045304775238,0.019999999552965164,-1.2088363812695047,-0.026260435581207275,0.028545666486024857,0.019999999552965164,-0.39332274959577385,0.1772133570811781,0.8155136316737308,-0.7552826951211657,0,0,200,0.0,0,0,-1,0,1,62,0,1,116,1,1,1,-0.017327163368463516,0.1298965960741043,0.019999951124191284,0.0007523514463535043
/workspace/ripl/t2/nominal,best_eval_success_once.pt,rgb,1,0,1288,8,-0.07864948362112045,0.03107750415802002,0.019999999552965164,-1.785019713664381,-0.0525745153427124,0.14596688747406006,0.019999999552965164,0.6735205375870654,0.11781118100358712,2.4585402512514465,-0.6830524023383466,1,1,200,114.0,1,1,87,0,1,40,1,1,84,1,1,1,-0.049691200256347656,0.13852530717849731,0.059999119490385056,9.896940251792695e-07
/workspace/ripl/t2/nominal,best_eval_success_once.pt,rgb,1,0,1289,9,0.06919585913419724,0.28683021664619446,0.019999999552965164,-0.9415901695960613,0.06584735959768295,0.004295237362384796,0.019999999552965164,-0.5444009835823049,0.28255482117289876,0.3971891860137564,0.3971891860137564,0,0,200,0.0,0,0,-1,1,1,55,0,1,105,0,1,1,0.12503473460674286,0.05558133125305176,0.11347560584545135,0.029319661988885228
/workspace/ripl/t2/nominal,best_eval_success_once.pt,rgb,1,0,1290,0,-0.00909392535686493,0.18157988786697388,0.019999999552965164,-2.7123920949738913,0.008348297327756882,0.1045057401061058,0.019999999552965164,-3.0437551234026694,0.07902313196301486,-0.3313630284287781,-0.3313630284287781,0,0,200,0.0,0,0,-1,0,1,52,0,0,-1,1,1,1,-0.0044014835730195045,0.01138086337596178,0.020000090822577477,4.39479891390942e-05
/workspace/ripl/t2/nominal,best_eval_success_once.pt,rgb,1,0,1291,1,0.07514570653438568,-0.19317269325256348,0.019999999552965164,-0.22974616977032802,-0.01623740792274475,0.05088052898645401,0.019999999552965164,-1.5870730566940887,0.2606009380127636,-1.3573268869237607,0.21346943987113587,0,0,200,0.0,0,0,-1,0,1,45,0,1,99,1,1,1,0.007637495175004005,-0.029850242659449577,0.019999898970127106,0.0004521107282659906
/workspace/ripl/t2/nominal,best_eval_success_once.pt,rgb,1,0,1292,2,-0.11646164953708649,0.12806567549705505,0.019999999552965164,-2.0066946339062035,-0.07230423390865326,0.013904936611652374,0.019999999552965164,-0.7357824313081167,0.12240323385369886,1.2709122025980868,-0.29988412419680976,1,1,200,100.0,1,1,101,0,1,48,1,1,96,1,1,1,-0.06891827285289764,0.013507501222193241,0.06000084429979324,1.0810805924952377e-06
/workspace/ripl/t2/nominal,best_eval_success_once.pt,rgb,1,0,1293,3,0.024721894413232803,-0.16888856887817383,0.019999999552965164,0.714026884611318,-0.13236044347286224,-0.14588625729084015,0.019999999552965164,0.5316999724978055,0.1587575737220814,-0.18232691211351248,-0.18232691211351248,1,1,200,100.0,1,1,101,0,1,40,1,1,100,1,1,1,-0.13574349880218506,-0.1456579715013504,0.05999760702252388,2.4092463587904918e-06
/workspace/ripl/t2/nominal,best_eval_success_once.pt,rgb,1,0,1294,4,-0.04480859637260437,-0.27682289481163025,0.019999999552965164,1.686038581090792,0.02566436678171158,0.094773069024086,0.019999999552965164,-3.03073435248219,0.37821951149397953,1.566412373606604,-0.004383953188292544,1,0,200,4.0,0,1,128,1,1,64,0,1,117,0,1,1,0.04585665091872215,0.09763317555189133,0.07299929857254028,0.03916224933264467
/workspace/ripl/t2/nominal,best_eval_success_once.pt,rgb,1,0,1295,5,0.0029726289212703705,-0.2902229428291321,0.019999999552965164,-0.3767975256438705,0.14214731752872467,-0.27834150195121765,0.019999999552965164,0.5569432813387878,0.13968093136257806,0.9337408069826583,-0.6370555198122383,0,0,200,0.0,0,0,-1,0,1,54,0,0,-1,0,1,1,0.054505638778209686,-0.34251028299331665,0.020008845254778862,1.8441955464745881e-06
/workspace/ripl/t2/nominal,best_eval_success_once.pt,rgb,1,0,1296,6,0.01403384655714035,0.010194845497608185,0.019999999552965164,0.7312242357245453,0.03835508972406387,0.08836299926042557,0.019999999552965164,3.0403230150526594,0.08186441920561145,2.309098779328114,0.7383024525332176,1,1,200,103.0,1,1,98,0,1,45,1,1,82,1,1,1,0.030184272676706314,0.09263588488101959,0.06000267714262009,0.0001956698252325547
/workspace/ripl/t2/nominal,best_eval_success_once.pt,rgb,1,0,1297,7,-0.06397464871406555,0.04478881135582924,0.019999999552965164,-2.9126754667821393,0.07427036017179489,-0.22689148783683777,0.019999999552965164,-0.13739805932291338,0.3048308833620188,2.775277407459226,-0.3663152461305672,1,1,200,93.0,1,1,108,0,1,45,1,1,98,1,1,1,0.06293707340955734,-0.22617074847221375,0.060005564242601395,1.5435474112723542e-06
/workspace/ripl/t2/nominal,best_eval_success_once.pt,rgb,1,0,1298,8,-0.13045713305473328,0.14635610580444336,0.019999999552965164,-0.7119491539799947,-0.04246721416711807,0.2242412567138672,0.019999999552965164,-0.7316372511172471,0.11750881906492307,-0.01968809713725239,-0.01968809713725239,1,0,200,76.0,0,1,104,0,1,48,1,1,98,0,1,1,-0.03582296520471573,0.20589253306388855,0.05999895557761192,0.001236304336072632
/workspace/ripl/t2/nominal,best_eval_success_once.pt,rgb,1,0,1299,9,0.12315991520881653,-0.045487649738788605,0.019999999552965164,-2.9076185555547003,0.04597855359315872,-0.1639012098312378,0.019999999552965164,2.9787027900806624,0.1413461488496061,-0.39686396154422354,-0.39686396154422354,1,1,200,106.0,1,1,95,0,1,48,1,1,92,1,1,1,0.05212916061282158,-0.15658852458000183,0.05999837815761566,0.00018077163221441158
/workspace/ripl/t2/nominal,best_eval_success_once.pt,rgb,1,0,1300,0,-0.04928061366081238,0.14118346571922302,0.019999999552965164,2.7164403520912304,-0.1737915575504303,0.010255090892314911,0.019999999552965164,2.312031495266048,0.1806798673983876,-0.40440885682518246,-0.40440885682518246,0,0,200,0.0,0,0,-1,0,1,44,0,1,101,1,1,1,-0.20510074496269226,0.08112933486700058,0.01999993808567524,0.018961253912519283
/workspace/ripl/t2/nominal,best_eval_success_once.pt,rgb,1,0,1301,1,0.011240758001804352,-0.0686582550406456,0.019999999552965164,-1.9353021249199642,-0.026131100952625275,-0.15099774301052094,0.019999999552965164,2.087674547317096,0.09042370884259851,-2.2602086349425257,-0.6894123081476291,1,1,200,121.0,1,1,80,0,1,36,1,1,79,1,1,1,-0.028368117287755013,-0.15784324705600739,0.06000218167901039,1.4059911365094996e-06
/workspace/ripl/t2/nominal,best_eval_success_once.pt,rgb,1,0,1302,2,-0.037938546389341354,-0.08947990834712982,0.019999999552965164,-2.9620519396545273,0.09848005324602127,0.19020459055900574,0.019999999552965164,-1.6358693264160218,0.3111807404947316,1.3261826132385055,-0.24461371355639105,1,1,200,95.0,1,1,106,0,1,46,1,1,98,1,1,1,0.09262208640575409,0.17837604880332947,0.05999751761555672,1.3349852097605923e-06
/workspace/ripl/t2/nominal,best_eval_success_once.pt,rgb,1,0,1303,3,0.0166010782122612,0.1254313886165619,0.019999999552965164,1.8356350777904762,-0.09289589524269104,0.12259557098150253,0.019999999552965164,2.2357647552931006,0.1095336891438147,0.4001296775026244,0.4001296775026244,1,1,200,103.0,1,1,98,0,1,41,1,1,95,1,1,1,-0.09502648562192917,0.12116999924182892,0.059989847242832184,9.15572987119664e-07
/workspace/ripl/t2/nominal,best_eval_success_once.pt,rgb,1,0,1304,4,-0.07338295876979828,-0.10666123032569885,0.019999999552965164,-0.43322401517578824,0.01832769066095352,0.1259961873292923,0.019999999552965164,1.9369827416070287,0.25008062141817233,2.370206756782817,-0.7713858968069762,1,1,200,94.0,1,1,107,0,1,47,1,1,105,1,1,1,0.02869735099375248,0.12384310364723206,0.059998366981744766,4.477655941261803e-05
/workspace/ripl/t2/nominal,best_eval_success_once.pt,rgb,1,0,1305,5,0.07561913132667542,-0.020965084433555603,0.019999999552965164,0.0009018129350781834,0.0015138611197471619,-0.2323455661535263,0.019999999552965164,-2.589523193459728,0.22399397117915634,-2.590425006394806,0.5511676471949869,1,0,200,76.0,0,1,100,0,1,45,1,1,93,0,1,1,-0.01369912177324295,-0.24160946905612946,0.059993159025907516,6.623091691515207e-06
/workspace/ripl/t2/nominal,best_eval_success_once.pt,rgb,1,0,1306,6,0.00825432687997818,0.14875179529190063,0.019999999552965164,-0.9005726457879755,0.161092609167099,-0.12286674231290817,0.019999999552965164,0.5841220403886558,0.3116667619478416,1.4846946861766313,-0.08610164061826531,1,1,200,80.0,1,1,121,0,1,42,1,1,99,1,1,1,0.17255300283432007,-0.12202288955450058,0.059997063130140305,6.531489724704158e-05
/workspace/ripl/t2/nominal,best_eval_success_once.pt,rgb,1,0,1307,7,0.14103752374649048,-0.002522692084312439,0.019999999552965164,-0.710818600525049,-0.029886752367019653,-0.1879696100950241,0.019999999552965164,2.559844326363649,0.25220164068577955,-3.0125223802908883,0.12907027329890486,1,1,200,84.0,1,1,117,0,1,53,1,1,116,1,1,1,-0.02073054388165474,-0.1710927039384842,0.059989165514707565,2.1022548313509864e-05
/workspace/ripl/t2/nominal,best_eval_success_once.pt,rgb,1,0,1308,8,0.06117095798254013,0.058980561792850494,0.019999999552965164,-0.2969673389321783,-0.06172513961791992,-0.00572938472032547,0.019999999552965164,-1.7656257501639878,0.13889142516066244,-1.468658411231809,0.10213791556308749,1,1,200,67.0,1,1,101,0,1,43,1,1,96,1,1,1,-0.056558091193437576,-0.023368626832962036,0.05999625101685524,4.664032420333325e-06
/workspace/ripl/t2/nominal,best_eval_success_once.pt,rgb,1,0,1309,9,-0.0653199851512909,0.012714840471744537,0.019999999552965164,2.4933245377364397,0.03748655691742897,-0.015046611428260803,0.019999999552965164,1.205554311898462,0.10648888817019256,-1.2877702258379777,0.2830261009569188,1,1,200,112.0,1,1,89,0,1,39,1,1,80,1,1,1,0.033494334667921066,-0.008419849909842014,0.059998419135808945,0.0008317166831019707
/workspace/ripl/t2/nominal,best_eval_success_once.pt,rgb,1,0,1310,0,-0.04262275993824005,-0.2171543836593628,0.019999999552965164,2.747369675334968,-0.13373789191246033,0.12498048692941666,0.019999999552965164,-0.8697355411237977,0.3540596516796011,2.66608009072082,-0.4755125628689729,0,0,200,0.0,0,0,-1,0,1,69,0,1,132,1,1,1,-0.18368637561798096,0.05437588691711426,0.019999895244836807,0.03787376359857796
/workspace/ripl/t2/nominal,best_eval_success_once.pt,rgb,1,0,1311,1,-0.05044504255056381,0.0637931227684021,0.019999999552965164,-0.8178771320944005,-0.10640081763267517,-0.08933235704898834,0.019999999552965164,-0.826484044738153,0.16302901991469457,-0.008606912643752462,-0.008606912643752462,0,0,200,0.0,0,0,-1,0,1,45,1,1,98,0,1,1,-0.08960806578397751,-0.09032246470451355,0.05999145284295082,0.010900641881347522
/workspace/ripl/t2/nominal,best_eval_success_once.pt,rgb,1,0,1312,2,0.05784335732460022,0.1985531598329544,0.019999999552965164,-1.7837003949787285,0.03358238935470581,0.0408543199300766,0.019999999552965164,2.955672487913356,0.15955412458958787,-1.543812424287502,0.026983902507394575,1,1,200,108.0,1,1,93,0,1,42,1,1,90,1,1,1,0.031232912093400955,0.039331864565610886,0.059998393058776855,5.741420501922994e-07
/workspace/ripl/t2/nominal,best_eval_success_once.pt,rgb,1,0,1313,3,0.0039957016706466675,0.06251838803291321,0.019999999552965164,1.1421778832678118,-0.017288774251937866,0.18752212822437286,0.019999999552965164,-1.1390707766248713,0.12680285476736328,-2.2812486598926833,-0.7104523330977868,1,1,200,111.0,1,1,90,0,1,44,1,1,87,1,1,1,-0.022909462451934814,0.18834848701953888,0.06000341847538948,8.409590160562076e-07
/workspace/ripl/t2/nominal,best_eval_success_once.pt,rgb,1,0,1314,4,0.05264244228601456,0.1870938539505005,0.019999999552965164,-0.9619191496783905,0.10967995226383209,0.09080127626657486,0.019999999552965164,1.3320960550086032,0.11191755028361051,2.2940152046869935,0.7232188778920969,0,0,200,0.0,0,0,-1,1,1,43,0,0,-1,0,1,1,0.10375268012285233,0.0824117511510849,0.07372763752937317,0.00018781181677483645
/workspace/ripl/t2/nominal,best_eval_success_once.pt,rgb,1,0,1315,5,-0.15784135460853577,-0.06294790655374527,0.019999999552965164,2.6197640885308573,-0.05226529389619827,-0.13184896111488342,0.019999999552965164,3.0991683016205798,0.12607005955091838,0.4794042130897225,0.4794042130897225,0,0,200,0.0,0,0,-1,0,1,57,0,0,-1,1,1,1,-0.09494141489267349,-0.2012321799993515,0.019999893382191658,0.019975633307985977
/workspace/ripl/t2/nominal,best_eval_success_once.pt,rgb,1,0,1316,6,0.026542209088802338,-0.1412319839000702,0.019999999552965164,1.9645392190354853,-0.02854963019490242,0.058212168514728546,0.019999999552965164,-1.583899437491775,0.2069132201869156,2.734746650652326,-0.406846002937467,1,1,200,105.0,1,1,96,0,1,45,1,1,91,1,1,1,-0.04083162173628807,0.0523177869617939,0.05999540910124779,1.7700078940075022e-06
/workspace/ripl/t2/nominal,best_eval_success_once.pt,rgb,1,0,1317,7,0.11645467579364777,0.1667652130126953,0.019999999552965164,-0.056437316682088845,0.18123622238636017,0.10162971168756485,0.019999999552965164,0.8522135792895398,0.09186556651879876,0.9086508959716286,-0.6621454308232679,0,0,200,0.0,0,0,-1,1,1,53,0,1,147,0,1,1,0.17532497644424438,0.14907614886760712,0.08162666112184525,2.1132872826137846e-06
/workspace/ripl/t2/nominal,best_eval_success_once.pt,rgb,1,0,1318,8,-0.011923201382160187,-0.11476097255945206,0.019999999552965164,-0.47332650459265047,-0.08639464527368546,0.23533210158348083,0.019999999552965164,-2.724200128533357,0.3579261886452816,-2.2508736239407066,-0.68007729714581,0,0,200,0.0,0,0,-1,0,1,36,0,1,96,1,1,1,-0.069686159491539,0.16304735839366913,0.019999947398900986,0.03324749064469738
/workspace/ripl/t2/nominal,best_eval_success_once.pt,rgb,1,0,1319,9,0.03885737806558609,-0.059961676597595215,0.019999999552965164,0.9096603405683963,0.12086272239685059,-0.11844644695520401,0.019999999552965164,0.36095288462363095,0.10072410268983036,-0.5487074559447653,-0.5487074559447653,1,1,200,108.0,1,1,93,0,1,40,1,1,92,1,1,1,0.11149762570858002,-0.11420276761054993,0.059998925775289536,2.5801501528803695e-06
/workspace/ripl/t2/nominal,best_eval_success_once.pt,rgb,1,0,1320,0,0.03791896253824234,-0.042719386518001556,0.019999999552965164,1.2674319590617567,0.05567954480648041,0.11375334113836288,0.019999999552965164,-2.4075663366920743,0.15747746753973932,2.6081870114257555,-0.5334056421640376,1,1,200,108.0,1,1,93,0,1,46,1,1,86,1,1,1,0.03275967761874199,0.11669351160526276,0.059992432594299316,9.086856659766454e-06
/workspace/ripl/t2/nominal,best_eval_success_once.pt,rgb,1,0,1321,1,0.14036767184734344,-0.09878335893154144,0.019999999552965164,1.7493040218780922,0.11840812861919403,-0.2506038546562195,0.019999999552965164,-0.655383385677295,0.1534004056737659,-2.4046874075553877,0.7369052460344054,0,0,200,0.0,0,0,-1,0,1,55,0,1,100,1,1,1,0.16752323508262634,-0.1957063376903534,0.019999945536255836,6.705783509434522e-05
/workspace/ripl/t2/nominal,best_eval_success_once.pt,rgb,1,0,1322,2,-0.0365639254450798,-0.15392732620239258,0.019999999552965164,-1.8198918645966646,-0.08857032656669617,-0.09507470577955246,0.019999999552965164,-2.4242688767635885,0.07853850449465763,-0.6043770121669239,-0.6043770121669239,1,1,200,105.0,1,1,96,0,1,44,1,1,95,1,1,1,-0.09419018775224686,-0.09810091555118561,0.05999867245554924,8.321001077439414e-07
/workspace/ripl/t2/nominal,best_eval_success_once.pt,rgb,1,0,1323,3,-0.11747054755687714,-0.125015988945961,0.019999999552965164,1.1039202337014467,-0.15263932943344116,-0.19440025091171265,0.019999999552965164,3.0702090223755842,0.07778829620973446,1.9662887886741376,0.39549246187924103,0,0,200,0.0,0,0,-1,0,1,65,0,0,-1,0,1,1,-0.10184584558010101,-0.15999145805835724,0.020239457488059998,0.031747284528303846
/workspace/ripl/t2/nominal,best_eval_success_once.pt,rgb,1,0,1324,4,0.09050923585891724,-0.07901381701231003,0.019999999552965164,-3.0358706050439412,0.04711289703845978,0.07779591530561447,0.019999999552965164,0.8886640011823537,0.16270382408732462,-2.358650700953291,0.7829419526365022,1,1,200,109.0,1,1,92,0,1,46,1,1,91,1,1,1,0.03398537635803223,0.08137337118387222,0.06000107526779175,5.419863556205448e-05
/workspace/ripl/t2/nominal,best_eval_success_once.pt,rgb,1,0,1325,5,-0.06974948197603226,0.0947662964463234,0.019999999552965164,-0.9808133478792929,-0.09085272252559662,0.027521245181560516,0.019999999552965164,2.433149040902533,0.07047867536562648,-2.8692229183977602,0.2723697351920329,1,0,200,1.0,0,1,93,0,1,45,0,1,91,1,1,1,-0.07792998850345612,-0.04143703356385231,0.019999941810965538,0.011406216738369713
/workspace/ripl/t2/nominal,best_eval_success_once.pt,rgb,1,0,1326,6,0.025363929569721222,-0.12521064281463623,0.019999999552965164,-2.3094948899258405,0.1487574279308319,-0.24377968907356262,0.019999999552965164,-1.7325416833475993,0.17112736241917845,0.5769532065782412,0.5769532065782412,1,0,200,29.0,0,1,124,1,1,51,0,1,116,0,1,1,0.1626276820898056,-0.19548778235912323,0.07068155705928802,0.011691654462667346
/workspace/ripl/t2/nominal,best_eval_success_once.pt,rgb,1,0,1327,7,0.07223649322986603,-0.1998521238565445,0.019999999552965164,1.4352894802931246,-0.09001022577285767,-0.192339688539505,0.019999999552965164,-0.36954623728327674,0.16242054830452174,-1.8048357175764016,-0.23403939078150504,0,0,200,0.0,0,0,-1,0,1,48,0,0,-1,1,1,1,0.01309261005371809,-0.11022365093231201,0.019999945536255836,1.8671101460071903e-06
/workspace/ripl/t2/nominal,best_eval_success_once.pt,rgb,1,0,1328,8,-0.011886600404977798,0.2637464106082916,0.019999999552965164,1.443574124616178,-0.10496173799037933,0.1942760944366455,0.019999999552965164,-2.2738320275605357,0.11614261089509699,2.565779155002873,-0.5758134985869203,0,0,200,0.0,0,0,-1,0,1,48,0,1,97,1,1,1,-0.1377873420715332,0.11609118431806564,0.019999898970127106,0.0002710276271743746
/workspace/ripl/t2/nominal,best_eval_success_once.pt,rgb,1,0,1329,9,0.020629949867725372,-0.1269855797290802,0.019999999552965164,3.0197531962684003,-0.04484392702579498,0.15105397999286652,0.019999999552965164,0.9514769925972528,0.285644578673991,-2.0682762036711475,-0.49747987687625095,1,1,200,100.0,1,1,101,0,1,43,1,1,96,1,1,1,-0.05974891409277916,0.13957583904266357,0.0599963441491127,8.967640413023995e-06
/workspace/ripl/t2/nominal,best_eval_success_once.pt,rgb,1,0,1330,0,-0.023836031556129456,0.18085169792175293,0.019999999552965164,-2.1304100175282237,0.10534223914146423,-0.15157899260520935,0.019999999552965164,1.9258788937027007,0.35664715003018566,-2.2268963959486623,-0.6561000691537657,1,1,200,90.0,1,1,111,0,1,46,1,1,103,1,1,1,0.09281899034976959,-0.1560792475938797,0.05999511852860451,1.6919041491058783e-05
/workspace/ripl/t2/nominal,best_eval_success_once.pt,rgb,1,0,1331,1,0.1237109899520874,-0.05649087578058243,0.019999999552965164,0.5217415005356751,-0.020670656114816666,-0.1553741693496704,0.019999999552965164,2.0099878395512882,0.17499704416949216,1.488246339015613,-0.08254998777928346,1,0,200,13.0,0,1,114,0,1,49,1,1,110,0,1,1,-0.04457855597138405,-0.14608833193778992,0.05999310314655304,9.22767040043389e-06
/workspace/ripl/t2/nominal,best_eval_success_once.pt,rgb,1,0,1332,2,-0.006850704550743103,0.13566848635673523,0.019999999552965164,0.19509644840076534,-0.09931270778179169,0.09027612209320068,0.019999999552965164,-1.5431022842841973,0.10300334351336293,-1.7381987326849622,-0.1674024058900656,1,1,200,118.0,1,1,83,0,1,36,1,1,78,1,1,1,-0.09569060057401657,0.10047760605812073,0.059999071061611176,6.865733952436582e-05
/workspace/ripl/t2/nominal,best_eval_success_once.pt,rgb,1,0,1333,3,-0.017650146037340164,-0.17292506992816925,0.019999999552965164,2.6741289711951874,-0.05905037373304367,-0.025654014199972153,0.019999999552965164,1.8742935619858903,0.1529795499684642,-0.7998354092092974,0.7709609175855991,0,0,200,0.0,0,0,-1,0,1,47,0,0,-1,1,1,1,-0.018610620871186256,-0.17907260358333588,0.019999995827674866,2.428409996139119e-06
/workspace/ripl/t2/nominal,best_eval_success_once.pt,rgb,1,0,1334,4,-0.011755451560020447,0.18004345893859863,0.019999999552965164,0.49926207831168634,0.0009309202432632446,0.08570704609155655,0.019999999552965164,-3.007540003346538,0.09518562296050133,2.7763832255213625,-0.3652094280684306,1,1,200,103.0,1,1,98,0,1,49,1,1,97,1,1,1,-0.0035713324323296547,0.07803478837013245,0.05999669060111046,1.990498112807964e-06
/workspace/ripl/t2/nominal,best_eval_success_once.pt,rgb,1,0,1335,5,-0.019719500094652176,0.20644786953926086,0.019999999552965164,-0.3503130117381854,-0.041588328778743744,0.1266016662120819,0.019999999552965164,-2.524228716428844,0.08278684589824249,-2.1739157046906588,-0.6031193778957622,0,0,200,0.0,0,0,-1,0,1,42,1,1,88,0,1,1,-0.04398500546813011,0.10694227367639542,0.0599895641207695,2.495988980651324e-06
/workspace/ripl/t2/nominal,best_eval_success_once.pt,rgb,1,0,1336,6,0.09652938693761826,-0.11471133679151535,0.019999999552965164,1.785007172636136,-0.03839658200740814,0.04900024086236954,0.019999999552965164,2.619967431183718,0.21214734915543537,0.8349602585475822,-0.7358360682473144,0,0,200,0.0,0,0,-1,0,1,45,0,1,98,1,1,1,-0.01764312945306301,0.14440520107746124,0.019999980926513672,1.0414974980350046e-05
/workspace/ripl/t2/nominal,best_eval_success_once.pt,rgb,1,0,1337,7,-0.059716954827308655,-0.031901389360427856,0.019999999552965164,1.1067139962385468,-0.14425890147686005,-0.18941518664360046,0.019999999552965164,-2.6330509971764275,0.17876783009775554,2.543420313764612,-0.5981723398251813,1,1,200,102.0,1,1,99,0,1,46,1,1,98,1,1,1,-0.15547950565814972,-0.1856258064508438,0.05999606475234032,2.4923723372286646e-06
/workspace/ripl/t2/nominal,best_eval_success_once.pt,rgb,1,0,1338,8,0.11011721193790436,-0.2093941569328308,0.019999999552965164,2.521339020495428,-0.01863262802362442,0.17721274495124817,0.019999999552965164,0.7173600081749534,0.4074818006666373,-1.8039790123204744,-0.23318268552557786,0,0,200,0.0,0,0,-1,0,1,71,0,1,128,1,1,1,0.01605052500963211,0.11341944336891174,0.019999928772449493,0.0066597503980845634
/workspace/ripl/t2/nominal,best_eval_success_once.pt,rgb,1,0,1339,9,-0.01587589830160141,0.21189948916435242,0.019999999552965164,1.0653445057207227,0.17660564184188843,0.01443038135766983,0.019999999552965164,-0.200321509207404,0.27575930053939635,-1.2656660149281267,0.30513031186676987,0,0,200,0.0,0,0,-1,1,1,36,1,1,183,0,1,1,0.17132437229156494,0.023944420740008354,0.06076782941818237,0.0035042243156496646
/workspace/ripl/t2/nominal,best_eval_success_once.pt,rgb,1,0,1340,0,-0.01764547824859619,-0.057666368782520294,0.019999999552965164,-0.036127870948579055,0.10341823846101761,0.05663452297449112,0.019999999552965164,-0.21428805003283724,0.16649659864391725,-0.17816017908425819,-0.17816017908425819,1,1,200,104.0,1,1,97,0,1,35,1,1,85,1,1,1,0.10492663085460663,0.06397957354784012,0.05999717488884926,3.24770970597744e-06
/workspace/ripl/t2/nominal,best_eval_success_once.pt,rgb,1,0,1341,1,-0.032429732382297516,0.10031444579362869,0.019999999552965164,1.4251925443896032,-0.04810145124793053,0.03398614376783371,0.019999999552965164,-0.14473992941879876,0.06815457740921381,-1.569932473808402,0.0008638529864946065,1,1,200,121.0,1,1,80,0,1,39,1,1,75,1,1,1,-0.035758718848228455,0.030254386365413666,0.05999749153852463,1.6205012798309326e-06
/workspace/ripl/t2/nominal,best_eval_success_once.pt,rgb,1,0,1342,2,-0.15911170840263367,0.11659745872020721,0.019999999552965164,-2.5233064881045433,-0.03212090581655502,-0.1773824691772461,0.019999999552965164,-0.9976771040796582,0.3202356350377769,1.5256293840248851,-0.04516694277001143,1,1,200,82.0,1,1,119,0,1,49,1,1,111,1,1,1,-0.04645659402012825,-0.17659622430801392,0.060008008033037186,0.00011412724556832571
/workspace/ripl/t2/nominal,best_eval_success_once.pt,rgb,1,0,1343,3,0.03502221032977104,-0.027142629027366638,0.019999999552965164,-1.0426380511785265,-0.11807745695114136,-0.03240226209163666,0.019999999552965164,1.3758835365290758,0.15318998616586152,2.4185215877076023,-0.7230710658821908,1,1,200,97.0,1,1,104,0,1,43,1,1,97,1,1,1,-0.11406375467777252,-0.04997386410832405,0.059996381402015686,5.432142641932572e-06
/workspace/ripl/t2/nominal,best_eval_success_once.pt,rgb,1,0,1344,4,-0.1107039749622345,0.017308302223682404,0.019999999552965164,-0.8834369480754773,-0.15790894627571106,-0.11945448070764542,0.019999999552965164,-0.566687363152667,0.14468022709350312,0.31674958492281036,0.31674958492281036,0,0,200,0.0,0,0,-1,1,1,50,0,1,105,0,1,1,-0.10298511385917664,-0.093112513422966,0.0947265625,0.025278508743085983
/workspace/ripl/t2/nominal,best_eval_success_once.pt,rgb,1,0,1345,5,0.04171409457921982,0.1512971818447113,0.019999999552965164,-1.1045233731205224,-0.06926114857196808,-0.10490602999925613,0.019999999552965164,2.7363656213135275,0.2792052835310072,-2.442296312745537,0.6992963408442563,0,0,200,0.0,0,0,-1,0,1,41,0,1,99,1,1,1,-0.01031778659671545,-0.06345902383327484,0.019999895244836807,6.0023104087994196e-05
/workspace/ripl/t2/nominal,best_eval_success_once.pt,rgb,1,0,1346,6,0.016051672399044037,-0.08889345079660416,0.019999999552965164,1.7536526133479244,0.01168888807296753,0.07547733932733536,0.019999999552965164,-2.7302010378099695,0.1644286791683374,1.7993316560216925,0.22853532922679598,1,0,200,94.0,0,1,88,1,1,36,1,1,86,0,1,1,0.002092754002660513,0.08331513404846191,0.05989453196525574,0.0022641634087786073
/workspace/ripl/t2/nominal,best_eval_success_once.pt,rgb,1,0,1347,7,0.12300266325473785,-0.01909046620130539,0.019999999552965164,1.6513738454151672,0.03431350737810135,-0.08491533249616623,0.019999999552965164,1.7500732700418509,0.11044763190239361,0.09869942462668391,0.09869942462668391,1,1,200,59.0,1,1,142,0,1,48,1,1,141,1,1,1,0.026234202086925507,-0.09063781797885895,0.059997111558914185,0.0007138966756380088
/workspace/ripl/t2/nominal,best_eval_success_once.pt,rgb,1,0,1348,8,-0.05746658891439438,0.0792979970574379,0.019999999552965164,-2.711823335903002,0.026609592139720917,0.06473014503717422,0.019999999552965164,2.199165541525499,0.08532893139568007,-1.3721964297510851,0.19859989704381142,1,1,200,104.0,1,1,97,0,1,42,1,1,91,1,1,1,0.030358048155903816,0.06168082728981972,0.059999506920576096,9.224457442556107e-07
/workspace/ripl/t2/nominal,best_eval_success_once.pt,rgb,1,0,1349,9,-0.1450130194425583,0.08332755416631699,0.019999999552965164,0.051100363245728087,-0.0008702762424945831,-0.03628910332918167,0.019999999552965164,2.6621001459906477,0.18731063815927526,2.6109997827449196,-0.5305928708448735,1,1,200,42.0,1,1,119,0,1,57,1,1,112,1,1,1,-0.014494061470031738,-0.030025234445929527,0.0599992610514164,0.00095541804838398
/workspace/ripl/t2/nominal,best_eval_success_once.pt,rgb,1,0,1350,0,0.014300145208835602,-0.034350745379924774,0.019999999552965164,-2.6075533421519665,0.12710793316364288,-0.14688095450401306,0.019999999552965164,-2.8551001967234146,0.15933814668423818,-0.2475468545714481,-0.2475468545714481,1,1,200,101.0,1,1,98,0,1,36,1,1,93,1,1,1,0.11131571233272552,-0.15038344264030457,0.05999418720602989,7.106994755922968e-06
/workspace/ripl/t2/nominal,best_eval_success_once.pt,rgb,1,0,1351,1,-0.03560134768486023,-0.03740666061639786,0.019999999552965164,2.3181725745230213,0.057671479880809784,-0.2289411723613739,0.019999999552965164,-1.9982731010147399,0.2130382349520423,1.9667396316418255,0.39594330484692897,1,1,200,98.0,1,1,103,0,1,42,1,1,94,1,1,1,0.058013156056404114,-0.23093339800834656,0.05999940633773804,0.00013096031695534503
/workspace/ripl/t2/nominal,best_eval_success_once.pt,rgb,1,0,1352,2,0.030408065766096115,-0.2566725015640259,0.019999999552965164,-1.3441799497063576,0.05552169680595398,0.09950452297925949,0.019999999552965164,-0.4795726112882863,0.35706129344485693,0.8646073384180712,-0.7061889883768253,0,0,200,0.0,0,0,-1,1,1,57,0,0,-1,0,1,1,0.03989006578922272,0.08643458783626556,0.08755242079496384,0.0007537973004358118
/workspace/ripl/t2/nominal,best_eval_success_once.pt,rgb,1,0,1353,3,0.16746464371681213,-0.06268643587827682,0.019999999552965164,0.870279370140643,0.018817372620105743,-0.18006420135498047,0.019999999552965164,1.2950479347408002,0.18940314419988324,0.4247685646001571,0.4247685646001571,1,1,200,33.0,1,1,159,0,1,54,1,1,155,1,1,1,0.0321638286113739,-0.1670651137828827,0.059997230768203735,5.165817221368315e-06
/workspace/ripl/t2/nominal,best_eval_success_once.pt,rgb,1,0,1354,4,-0.17265567183494568,-0.11284247785806656,0.019999999552965164,-3.1386864819766824,-0.18030205368995667,-0.027635201811790466,0.019999999552965164,2.634558916817717,0.08554967590060722,-0.5099399083851868,-0.5099399083851868,0,0,200,0.0,0,0,-1,1,1,74,0,0,-1,0,1,1,-0.07595902681350708,0.0009307435830123723,0.11632690578699112,0.033643562412121644
/workspace/ripl/t2/nominal,best_eval_success_once.pt,rgb,1,0,1355,5,0.14803028106689453,-0.035408422350883484,0.019999999552965164,0.41510437422995583,-0.010251283645629883,0.0827842727303505,0.019999999552965164,1.2189492412843035,0.19754130428447264,0.8038448670543477,-0.7669514597405489,1,1,200,86.0,1,1,115,0,1,49,1,1,107,1,1,1,-0.012420956045389175,0.08565489947795868,0.059999220073223114,1.09157998386694e-06
/workspace/ripl/t2/nominal,best_eval_success_once.pt,rgb,1,0,1356,6,0.07326310873031616,-0.10638172179460526,0.019999999552965164,-2.960357504743442,0.15040504932403564,0.21685472130775452,0.019999999552965164,-2.486123140646879,0.3323141242078495,0.4742343640965627,0.4742343640965627,1,1,200,81.0,1,1,120,0,1,46,1,1,101,1,1,1,0.1396004855632782,0.22012534737586975,0.059995200484991074,4.5857340038460595e-06
/workspace/ripl/t2/nominal,best_eval_success_once.pt,rgb,1,0,1357,7,-0.01965796947479248,0.09978148341178894,0.019999999552965164,0.4511289366446194,-0.02972114086151123,-0.11780645698308945,0.019999999552965164,2.4092825577029977,0.2178205206670015,1.9581536210583783,0.38735729426348176,1,1,200,117.0,1,1,84,0,1,35,1,1,81,1,1,1,-0.01599717326462269,-0.11162271350622177,0.0600036084651947,1.2818950723579143e-06
/workspace/ripl/t2/nominal,best_eval_success_once.pt,rgb,1,0,1358,8,-0.030057348310947418,-0.15236905217170715,0.019999999552965164,-0.8748853559863736,-0.13181054592132568,0.0040796250104904175,0.019999999552965164,-2.4381531346957015,0.18662770913236906,-1.5632677787093279,0.007528548085568687,1,1,200,106.0,1,1,95,0,1,39,1,1,94,1,1,1,-0.14015746116638184,0.00011539798288140446,0.05999872088432312,1.2818234327267867e-06
/workspace/ripl/t2/nominal,best_eval_success_once.pt,rgb,1,0,1359,9,-0.05652407184243202,-0.062177419662475586,0.019999999552965164,-2.0947436444588226,0.024462565779685974,-0.06876957416534424,0.019999999552965164,-0.6530950233759993,0.081254488948771,1.4416486210828232,-0.12914770571207335,0,0,200,0.0,0,0,-1,1,1,148,0,0,-1,0,1,1,0.11849996447563171,-0.06935043632984161,0.05132083222270012,0.0591553186247234
/workspace/ripl/t2/nominal,best_eval_success_once.pt,rgb,1,0,1360,0,-0.051896750926971436,0.1711292862892151,0.019999999552965164,-1.273013867334864,-0.07632023096084595,-0.08017359673976898,0.019999999552965164,-1.1793838798107226,0.25248692123681243,0.09362998752414153,0.09362998752414153,1,0,200,6.0,0,1,128,0,1,44,1,1,93,0,1,1,-0.03853486105799675,-0.06521770358085632,0.059996359050273895,0.031345672564468595
/workspace/ripl/t2/nominal,best_eval_success_once.pt,rgb,1,0,1361,1,0.09483318030834198,0.10041583329439163,0.019999999552965164,-0.38464146500525853,-0.06801308691501617,-0.25152742862701416,0.019999999552965164,3.0120050829131384,0.38779242689931503,-2.886538759261189,0.25505389432860426,1,1,200,91.0,1,1,110,0,1,48,1,1,104,1,1,1,-0.05683273822069168,-0.2585628926753998,0.059999678283929825,0.0012319903588140068
/workspace/ripl/t2/nominal,best_eval_success_once.pt,rgb,1,0,1362,2,0.11714030802249908,-0.10998275130987167,0.019999999552965164,2.0470607263795477,0.01498819887638092,0.1556256115436554,0.019999999552965164,-1.3138477860297044,0.2845748685684162,2.922276794770334,-0.21931585881945903,1,1,200,93.0,1,1,108,0,1,51,1,1,102,1,1,1,0.01697336696088314,0.1669832319021225,0.059988487511873245,0.00020334437252090813
/workspace/ripl/t2/nominal,best_eval_success_once.pt,rgb,1,0,1363,3,-0.06463657319545746,0.1802099049091339,0.019999999552965164,-1.1320317395486459,0.07166217267513275,-0.0028948336839675903,0.019999999552965164,-0.2306626496930284,0.22826452510441425,0.9013690898556175,-0.6694272369392791,1,1,200,100.0,1,1,101,0,1,47,1,1,93,1,1,1,0.06480690836906433,0.0037458674050867558,0.060011304914951324,5.51761713494109e-07
/workspace/ripl/t2/nominal,best_eval_success_once.pt,rgb,1,0,1364,4,-0.04298262298107147,0.15019381046295166,0.019999999552965164,1.2319630325817639,-0.10430781543254852,0.06744169443845749,0.019999999552965164,-2.351846900728363,0.10299850453158066,2.6993753738694597,-0.4422172797203334,1,1,200,108.0,1,1,93,0,1,45,1,1,92,1,1,1,-0.09274324774742126,0.060915905982255936,0.05999191105365753,6.454305995669967e-06
/workspace/ripl/t2/nominal,best_eval_success_once.pt,rgb,1,0,1365,5,0.009841784834861755,-0.004572853446006775,0.019999999552965164,-2.8701971173316903,-0.02501385658979416,0.09425448626279831,0.019999999552965164,1.4492153581176712,0.10479388728854251,-1.9637728317302248,-0.3929765049353282,1,1,200,113.0,1,1,88,0,1,44,1,1,84,1,1,1,-0.020782973617315292,0.10590288043022156,0.059997279196977615,0.00016207540301660186
/workspace/ripl/t2/nominal,best_eval_success_once.pt,rgb,1,0,1366,6,-0.01574511080980301,0.18072107434272766,0.019999999552965164,1.4272530681252023,0.13288767635822296,0.08347735553979874,0.019999999552965164,2.818545093549007,0.17761769694475496,1.3912920254238048,-0.17950430137109175,0,0,200,0.0,0,0,-1,0,1,35,0,1,146,1,1,1,0.07910352945327759,0.10622923821210861,0.02000000886619091,0.0003151419327616842
/workspace/ripl/t2/nominal,best_eval_success_once.pt,rgb,1,0,1367,7,0.11104126274585724,-0.0678674727678299,0.019999999552965164,-0.8171365642458652,0.10633537173271179,0.09690818190574646,0.019999999552965164,0.48131157622358245,0.16484283964835503,1.2984481404694477,-0.2723481863254489,1,1,200,110.0,1,1,91,0,1,47,1,1,90,1,1,1,0.09227614849805832,0.10282102972269058,0.05999457463622093,8.613077412020222e-07
/workspace/ripl/t2/nominal,best_eval_success_once.pt,rgb,1,0,1368,8,0.08108338713645935,0.16771459579467773,0.019999999552965164,-2.224707462868592,0.06354475021362305,-0.13127289712429047,0.019999999552965164,1.8117874375526275,0.2995014602753735,-2.2466904067583666,-0.6758940799634701,1,1,200,98.0,1,1,103,0,1,44,1,1,98,1,1,1,0.06129620596766472,-0.13312597572803497,0.059991929680109024,5.207417534293697e-07
/workspace/ripl/t2/nominal,best_eval_success_once.pt,rgb,1,0,1369,9,-0.09375225007534027,0.15475809574127197,0.019999999552965164,2.7512750335481284,-0.03938247263431549,0.07855992764234543,0.019999999552965164,-2.4611854465742837,0.09360680274755054,1.0707248270571732,-0.5000714997377234,1,1,200,117.0,1,1,84,0,1,39,1,1,80,1,1,1,-0.04809468984603882,0.07844183593988419,0.059998247772455215,0.0004265254710308672
/workspace/ripl/t2/nominal,best_eval_success_once.pt,rgb,1,0,1370,0,0.09010809659957886,0.12148360162973404,0.019999999552965164,-0.708715241963092,-0.020446859300136566,0.08421582728624344,0.019999999552965164,-1.6094559957192445,0.11666741309596848,-0.9007407537561525,0.6700555730387441,1,1,200,105.0,1,1,96,0,1,46,1,1,92,1,1,1,-0.013264438137412071,0.07159078866243362,0.05999651178717613,2.7491083844407015e-06
/workspace/ripl/t2/nominal,best_eval_success_once.pt,rgb,1,0,1371,1,0.013000383973121643,0.09407688677310944,0.019999999552965164,-0.18495065324024695,0.03189560025930405,-0.10971394181251526,0.019999999552965164,2.713554369907926,0.20466492375127956,2.898505023148173,-0.2430876304416203,1,1,200,108.0,1,1,93,0,1,44,1,1,88,1,1,1,0.02720947004854679,-0.11125800758600235,0.06000479310750961,4.943756387591762e-06
/workspace/ripl/t2/nominal,best_eval_success_once.pt,rgb,1,0,1372,2,-0.0801772028207779,-0.2521034777164459,0.019999999552965164,-2.381535785411941,-0.0874861404299736,0.03209242597222328,0.019999999552965164,-0.06571466655050129,0.2842898736191538,2.31582111886144,0.7450247920665434,0,0,200,0.0,0,0,-1,0,1,63,0,0,-1,1,1,1,-0.08503314852714539,-0.27049893140792847,0.01999996230006218,8.144425233557661e-07
/workspace/ripl/t2/nominal,best_eval_success_once.pt,rgb,1,0,1373,3,0.010500822216272354,0.04397882521152496,0.019999999552965164,-1.3254774589766063,0.07371634989976883,-0.11915430426597595,0.019999999552965164,1.2545878648546926,0.17495319623666777,2.580065323831299,-0.5615273297584942,1,0,200,5.0,0,1,89,1,1,36,0,1,83,0,1,1,0.07319842278957367,-0.06281489133834839,0.11308533698320389,0.0025373301644881353
/workspace/ripl/t2/nominal,best_eval_success_once.pt,rgb,1,0,1374,4,-0.015902027487754822,0.10313734412193298,0.019999999552965164,1.465732879274456,0.16340035200119019,0.001937374472618103,0.019999999552965164,0.5252847437645904,0.2058902065359591,-0.9404481355098655,0.6303481912850311,1,0,200,2.0,0,1,106,0,1,33,0,1,99,0,1,1,0.13869155943393707,-0.022272108122706413,0.020000113174319267,0.012876141498028397
/workspace/ripl/t2/nominal,best_eval_success_once.pt,rgb,1,0,1375,5,-0.04058495908975601,-0.04296629875898361,0.019999999552965164,0.04850615285159732,0.00490492582321167,-0.09544602781534195,0.019999999552965164,2.908614195110983,0.06945107336264736,2.8601080422593856,-0.2814846113304075,1,0,200,49.0,0,1,104,0,1,50,1,1,97,0,1,1,0.017668934538960457,-0.11093591153621674,0.059997282922267914,1.3097891573359991e-05
/workspace/ripl/t2/nominal,best_eval_success_once.pt,rgb,1,0,1376,6,0.0027775242924690247,-0.0005360320210456848,0.019999999552965164,-0.4300850034296291,-0.008317425847053528,0.2549087107181549,0.019999999552965164,-0.7041810498893182,0.2556855774416986,-0.2740960464596891,-0.2740960464596891,1,1,200,101.0,1,1,100,0,1,42,1,1,94,1,1,1,-0.015693869441747665,0.25760820508003235,0.060000933706760406,0.00209678512621602
/workspace/ripl/t2/nominal,best_eval_success_once.pt,rgb,1,0,1377,7,-0.14888498187065125,0.09783824533224106,0.019999999552965164,0.9183744242353593,-0.036683812737464905,0.07249555736780167,0.019999999552965164,-3.051375222693185,0.11502762358719243,2.3134356602510415,0.742639333456145,1,1,200,94.0,1,1,107,0,1,52,1,1,105,1,1,1,-0.036520760506391525,0.07268472015857697,0.05999986454844475,1.8391656714155124e-06
/workspace/ripl/t2/nominal,best_eval_success_once.pt,rgb,1,0,1378,8,0.16333900392055511,0.16482555866241455,0.019999999552965164,-1.7849701254287025,-0.0038614943623542786,-0.09143421053886414,0.019999999552965164,-3.05949098669673,0.30598214970345217,-1.2745208612680274,0.2962754655268691,1,1,200,42.0,1,1,128,0,1,64,1,1,124,1,1,1,-0.011173986829817295,-0.09603620320558548,0.05999743938446045,0.000338664760930626
/workspace/ripl/t2/nominal,best_eval_success_once.pt,rgb,1,0,1379,9,-0.02544594556093216,-0.11634249985218048,0.019999999552965164,-3.067392168647612,-0.1030605137348175,0.08556276559829712,0.019999999552965164,2.0603273620651805,0.21630940203663482,-1.1554657764667935,0.41533055032810307,1,1,200,111.0,1,1,90,0,1,40,1,1,85,1,1,1,-0.10428307950496674,0.08069674670696259,0.06000818684697151,1.054118927918519e-06
/workspace/ripl/t2/nominal,best_eval_success_once.pt,rgb,1,0,1380,0,0.1169901192188263,0.0219808891415596,0.019999999552965164,2.0468273060582445,0.05787552148103714,-0.0030912980437278748,0.019999999552965164,-0.5321219411096045,0.06421176088501794,-2.5789492471678486,0.5626434064219445,1,1,200,97.0,1,1,104,0,1,50,1,1,103,1,1,1,0.04141531512141228,-0.015472793020308018,0.06000271812081337,0.0076483831718618615
/workspace/ripl/t2/nominal,best_eval_success_once.pt,rgb,1,0,1381,1,0.0006866529583930969,0.049290843307971954,0.019999999552965164,2.5945367037422455,-0.05424021929502487,0.11714569479227066,0.019999999552965164,0.6097311730584027,0.08729972603335895,-1.9848055306838432,-0.4140092038889467,1,1,200,114.0,1,1,87,0,1,43,1,1,85,1,1,1,-0.057868342846632004,0.11215712875127792,0.059999462217092514,1.4951971346027434e-06
/workspace/ripl/t2/nominal,best_eval_success_once.pt,rgb,1,0,1382,2,-0.02491108328104019,0.12073109298944473,0.019999999552965164,-1.6874259732647303,0.1296696960926056,0.17840036749839783,0.019999999552965164,1.9830553474139434,0.1649877649225928,-2.6127039865009127,0.5288886670888804,1,1,200,98.0,1,1,103,0,1,37,1,1,95,1,1,1,0.12515172362327576,0.16909974813461304,0.05999494343996048,8.956825093715619e-07
/workspace/ripl/t2/nominal,best_eval_success_once.pt,rgb,1,0,1383,3,-0.03113868087530136,-0.15569639205932617,0.019999999552965164,-2.3335365786007394,-0.051176104694604874,0.007868736982345581,0.019999999552965164,2.5729000531676163,0.1647878933409039,-1.3767486754112301,0.19404765138366642,1,1,200,113.0,1,1,88,0,1,39,1,1,81,1,1,1,-0.053331226110458374,-0.0008781614014878869,0.06000155955553055,3.8310766614027146e-07
/workspace/ripl/t2/nominal,best_eval_success_once.pt,rgb,1,0,1384,4,-0.1291244775056839,-0.09417421370744705,0.019999999552965164,-2.4209888336020615,-0.023708108812570572,-0.0275612473487854,0.019999999552965164,3.125058651781154,0.12469923045288848,-0.7371378217963702,-0.7371378217963702,1,1,200,80.0,1,1,121,0,1,59,1,1,113,1,1,1,-0.020117638632655144,-0.015875939279794693,0.05999130383133888,5.936023319302463e-06
/workspace/ripl/t2/nominal,best_eval_success_once.pt,rgb,1,0,1385,5,-0.15054480731487274,0.07539378851652145,0.019999999552965164,-2.643644147945416,-0.12496998906135559,-0.1353529691696167,0.019999999552965164,-3.0005431554066977,0.2122928807188792,-0.35689900746128167,-0.35689900746128167,1,1,200,79.0,1,1,111,0,1,51,1,1,107,1,1,1,-0.12334863841533661,-0.12190507352352142,0.05999644473195076,0.0028156877185240114
/workspace/ripl/t2/nominal,best_eval_success_once.pt,rgb,1,0,1386,6,-0.05029742419719696,-0.045956701040267944,0.019999999552965164,1.6502616376550225,0.043545402586460114,0.10602345317602158,0.019999999552965164,-0.14962084054490976,0.17861814973387954,-1.7998824781999323,-0.22908615140503574,1,1,200,93.0,1,1,108,0,1,50,1,1,106,1,1,1,0.04395212233066559,0.1076914444565773,0.06000307947397232,6.184991680854595e-07
/workspace/ripl/t2/nominal,best_eval_success_once.pt,rgb,1,0,1387,7,0.022405259311199188,0.13633807003498077,0.019999999552965164,-0.2966020909840017,0.14526011049747467,-0.2198934257030487,0.019999999552965164,2.129473159570044,0.37682116848149017,2.4260752505540455,-0.7155174030357476,1,0,200,29.0,0,1,109,1,1,47,0,1,101,0,1,1,0.15389837324619293,-0.26094183325767517,0.08563779294490814,0.0034369260625008325
/workspace/ripl/t2/nominal,best_eval_success_once.pt,rgb,1,0,1388,8,-0.0005665570497512817,0.036986418068408966,0.019999999552965164,-2.0568865337345184,0.01737309992313385,-0.0418367013335228,0.019999999552965164,-2.629040871398371,0.08083882386920271,-0.5721543376638527,-0.5721543376638527,0,0,200,0.0,0,0,-1,0,1,39,0,0,-1,1,1,1,0.01068937499076128,-0.10824887454509735,0.01999996043741703,0.005459112630070722
/workspace/ripl/t2/nominal,best_eval_success_once.pt,rgb,1,0,1389,9,0.07452043890953064,0.15356287360191345,0.019999999552965164,0.7371129620914956,0.12523354589939117,0.22894617915153503,0.019999999552965164,-2.8768165166979136,0.09085406967303473,2.6692558283901775,-0.4723368251996156,0,0,200,0.0,0,0,-1,1,1,46,0,1,97,0,1,1,0.12115191668272018,0.1919962763786316,0.09865740686655045,0.011002720193424041
/workspace/ripl/t2/nominal,best_eval_success_once.pt,rgb,1,0,1390,0,0.12474009394645691,-0.028863228857517242,0.019999999552965164,-0.2384369965444102,-0.0051935091614723206,-0.010754890739917755,0.019999999552965164,0.06723637258220361,0.13118937886121035,0.3056733691266138,0.3056733691266138,1,1,200,91.0,1,1,110,0,1,50,1,1,104,1,1,1,-0.004569387529045343,-0.01700454391539097,0.0599883571267128,5.3655741559222904e-06
/workspace/ripl/t2/nominal,best_eval_success_once.pt,rgb,1,0,1391,1,-0.06716366112232208,0.04616958647966385,0.019999999552965164,-0.6230276652281752,-0.1081138476729393,-0.05503774434328079,0.019999999552965164,1.534925385092235,0.10917802705139579,2.15795305032041,0.5871567235255135,1,1,200,88.0,1,1,95,0,1,46,1,1,93,1,1,1,-0.0916237160563469,-0.04046308249235153,0.06000008061528206,5.168341881654517e-06
/workspace/ripl/t2/nominal,best_eval_success_once.pt,rgb,1,0,1392,2,0.023599781095981598,-0.0023968592286109924,0.019999999552965164,-2.2738393222200717,0.07085289061069489,0.2044803500175476,0.019999999552965164,2.137742057308434,0.21220517445219939,-1.8716039276510807,-0.3008076008561842,1,1,200,101.0,1,1,100,0,1,45,1,1,93,1,1,1,0.06570769846439362,0.20000825822353363,0.0599963441491127,1.5738687998566372e-05
/workspace/ripl/t2/nominal,best_eval_success_once.pt,rgb,1,0,1393,3,-0.045302629470825195,0.04024069011211395,0.019999999552965164,-0.962117482778023,0.010290585458278656,-0.005088672041893005,0.019999999552965164,-2.7417768158577074,0.07173114121107131,-1.7796593330796844,-0.20886300628478782,1,1,200,94.0,1,1,107,0,1,51,1,1,103,1,1,1,0.02162199094891548,-0.0010694703087210655,0.06000146642327309,4.72361117578849e-06
/workspace/ripl/t2/nominal,best_eval_success_once.pt,rgb,1,0,1394,4,0.17952361702919006,0.017852135002613068,0.019999999552965164,-1.8222874500023671,0.11832036077976227,0.07593249529600143,0.019999999552965164,3.0244581851718157,0.0843751552730004,-1.4364396720054033,0.1343566547894932,1,1,200,71.0,1,1,120,0,1,60,1,1,119,1,1,1,0.1225859746336937,0.06467871367931366,0.05999743938446045,0.0032209767962421724
/workspace/ripl/t2/nominal,best_eval_success_once.pt,rgb,1,0,1395,5,0.113442063331604,0.1881559193134308,0.019999999552965164,-0.09311515449963803,0.04505552351474762,-0.03738221526145935,0.019999999552965164,-2.7107727936941535,0.23567810457410704,-2.6176576391945154,0.5239350143952777,0,0,200,0.0,0,0,-1,0,1,51,0,1,110,1,1,1,-0.005866355262696743,-0.10944884270429611,0.019999943673610687,0.00994427037499964
/workspace/ripl/t2/nominal,best_eval_success_once.pt,rgb,1,0,1396,6,0.03932884335517883,-0.0825069472193718,0.019999999552965164,2.4200341823675684,0.04056766629219055,0.01145971566438675,0.019999999552965164,-0.8891967220053525,0.09397482862862369,2.9739544028066653,-0.16763825078312777,1,1,200,110.0,1,1,91,0,1,48,1,1,88,1,1,1,0.04081687703728676,0.023088589310646057,0.06000132858753204,4.034876350816274e-06
/workspace/ripl/t2/nominal,best_eval_success_once.pt,rgb,1,0,1397,7,0.027023591101169586,-0.12070675939321518,0.019999999552965164,-0.7111857398431436,-0.0025924667716026306,-0.04863899201154709,0.019999999552965164,2.4457786124525622,0.07791581340974127,-3.1262209548838804,0.015371698705912706,1,1,200,106.0,1,1,95,0,1,51,1,1,94,1,1,1,-0.004773883149027824,-0.04746672138571739,0.05999842286109924,7.602218233186388e-07
/workspace/ripl/t2/nominal,best_eval_success_once.pt,rgb,1,0,1398,8,-0.060908280313014984,0.1012217327952385,0.019999999552965164,-2.9324015276753457,0.017531007528305054,0.20746061205863953,0.019999999552965164,-1.114992500721515,0.13205840126321747,1.8174090269538308,0.24661270015893422,1,0,200,6.0,0,1,99,1,1,45,0,1,95,0,1,1,0.016986556351184845,0.16232053935527802,0.1118486300110817,0.0014397522444710678
/workspace/ripl/t2/nominal,best_eval_success_once.pt,rgb,1,0,1399,9,-0.008976459503173828,-0.078239805996418,0.019999999552965164,2.7747469252178725,-0.07929625362157822,0.18085521459579468,0.019999999552965164,1.1752808896665707,0.2684680672641234,-1.599466035551302,-0.0286697087564054,1,1,200,99.0,1,1,94,0,1,34,1,1,88,1,1,1,-0.07540805637836456,0.18652527034282684,0.05999946594238281,0.0014072449930973001
/workspace/ripl/t2/nominal,best_eval_success_once.pt,rgb,1,0,1400,0,-0.003983933478593826,-0.10521198809146881,0.019999999552965164,-0.7064188190146421,0.06326094269752502,0.042994432151317596,0.019999999552965164,2.953706991010945,0.1627483221822055,-2.6230594971539993,0.5185331564357938,1,1,200,105.0,1,1,96,0,1,45,1,1,91,1,1,1,0.05954737961292267,0.05423508211970329,0.059991996735334396,5.143719451907576e-06
/workspace/ripl/t2/nominal,best_eval_success_once.pt,rgb,1,0,1401,1,-0.002199750393629074,-0.14759349822998047,0.019999999552965164,-0.4472373255001565,-0.015968479216098785,-0.004606261849403381,0.019999999552965164,-1.0507510805101603,0.14364862568483464,-0.6035137550100038,-0.6035137550100038,1,1,200,111.0,1,1,90,0,1,38,1,1,88,1,1,1,-0.0029694943223148584,-0.004780640825629234,0.05999667942523956,3.573427800143593e-06
/workspace/ripl/t2/nominal,best_eval_success_once.pt,rgb,1,0,1402,2,-0.0575319267809391,-0.037651821970939636,0.019999999552965164,-1.3436879345825945,-0.03555618226528168,0.05913165211677551,0.019999999552965164,2.0958514982818652,0.09924703624544602,-2.8436458743151265,0.2979467792746666,1,0,200,20.0,0,1,95,0,1,45,1,1,90,0,1,1,0.019362622871994972,0.06416171044111252,0.07762053608894348,0.0567089904274126
/workspace/ripl/t2/nominal,best_eval_success_once.pt,rgb,1,0,1403,3,0.0942051038146019,-0.14317473769187927,0.019999999552965164,3.0621795609381506,-0.04284738004207611,0.20573371648788452,0.019999999552965164,-2.7095493141606877,0.3748606310742665,0.5114564320807489,0.5114564320807489,0,0,200,0.0,0,0,-1,0,1,46,0,1,106,1,1,1,-0.018062125891447067,0.14365141093730927,0.019999910145998,0.005753521154190679
/workspace/ripl/t2/nominal,best_eval_success_once.pt,rgb,1,0,1404,4,0.04388361796736717,0.1370926797389984,0.019999999552965164,-1.2558892019633134,0.12283791601657867,0.009639210999011993,0.019999999552965164,0.7294018991803308,0.14992720858569475,1.9852911011436443,0.4144947743487477,1,1,200,47.0,1,1,92,0,1,39,1,1,85,1,1,1,0.13479262590408325,-0.005312297958880663,0.05999170243740082,1.4345379617063754e-05
/workspace/ripl/t2/nominal,best_eval_success_once.pt,rgb,1,0,1405,5,0.06502892076969147,0.0657733753323555,0.019999999552965164,1.1989823602323775,-0.025567878037691116,0.09817907959222794,0.019999999552965164,-3.083063910054328,0.09621803169221284,2.001139036892881,0.4303427100979844,1,1,200,105.0,1,1,96,0,1,42,1,1,95,1,1,1,-0.02746952697634697,0.08906478434801102,0.059996895492076874,1.139603992991901e-06
/workspace/ripl/t2/nominal,best_eval_success_once.pt,rgb,1,0,1406,6,-0.07320749759674072,0.06632668524980545,0.019999999552965164,-1.8177598238322163,-0.017802074551582336,0.2620026469230652,0.019999999552965164,-0.664012260697926,0.2033687362392951,1.1537475631342904,-0.41704876366060617,1,0,200,48.0,0,1,105,0,1,42,1,1,95,0,1,1,-0.039245784282684326,0.2662792205810547,0.059997763484716415,0.0005995984660264962
/workspace/ripl/t2/nominal,best_eval_success_once.pt,rgb,1,0,1407,7,-0.06134762987494469,0.152852863073349,0.019999999552965164,-2.389680862312103,-0.0967898890376091,-0.13643202185630798,0.019999999552965164,-2.1385692044157008,0.29144793425810783,0.2511116578964021,0.2511116578964021,0,0,200,0.0,0,0,-1,1,1,37,0,1,91,0,1,1,-0.02742840349674225,-0.06875304877758026,0.09488128125667572,0.009160451004489058
/workspace/ripl/t2/nominal,best_eval_success_once.pt,rgb,1,0,1408,8,0.14404340088367462,0.17777881026268005,0.019999999552965164,-2.947859356587446,0.0793667808175087,0.17682412266731262,0.019999999552965164,0.0859725887661007,0.0646836657247247,3.0338319453535467,-0.1077607082362464,0,0,200,0.0,0,0,-1,0,0,-1,0,0,-1,1,1,1,0.17393161356449127,0.18256060779094696,0.019999898970127106,0.03822669638266085
/workspace/ripl/t2/nominal,best_eval_success_once.pt,rgb,1,0,1409,9,0.014028646051883698,-0.017870314419269562,0.019999999552965164,2.497822245721018,-0.08589357137680054,0.057648591697216034,0.019999999552965164,-2.5112678065178624,0.12524996892971996,1.2740952549407059,-0.2967010718541907,1,1,200,96.0,1,1,105,0,1,51,1,1,104,1,1,1,-0.09232180565595627,0.05589992180466652,0.05999811738729477,9.461137306856086e-07
/workspace/ripl/t2/nominal,best_eval_success_once.pt,rgb,1,0,1410,0,-0.13329465687274933,0.009428251534700394,0.019999999552965164,0.9625310607222062,-0.10379137098789215,-0.06130228564143181,0.019999999552965164,2.6567462314988455,0.07663715004635697,1.6942151707766393,0.12341884398174274,0,0,200,0.0,0,0,-1,1,1,59,0,0,-1,0,1,1,-0.04174761846661568,-0.02465774677693844,0.08712658286094666,0.026990178600043168
/workspace/ripl/t2/nominal,best_eval_success_once.pt,rgb,1,0,1411,1,0.04494660347700119,-0.022458471357822418,0.019999999552965164,2.829711194163555,-0.10224095731973648,0.0731218084692955,0.019999999552965164,0.6991312034327066,0.1754986266189098,-2.1305799907308485,-0.5597836639359519,0,0,200,0.0,0,0,-1,0,1,45,0,1,96,1,1,1,-0.13046354055404663,0.15578904747962952,0.019999906420707703,0.0011398776724257386
/workspace/ripl/t2/nominal,best_eval_success_once.pt,rgb,1,0,1412,2,-0.05030031129717827,-0.23959822952747345,0.019999999552965164,-0.5199196491072535,-0.09112398326396942,-0.13869914412498474,0.019999999552965164,-2.725112234963662,0.10884483280299015,-2.205192585856409,-0.6343962590615124,1,1,200,112.0,1,1,89,0,1,40,1,1,86,1,1,1,-0.10477244108915329,-0.1453838348388672,0.059995394200086594,9.13080431350725e-06
/workspace/ripl/t2/nominal,best_eval_success_once.pt,rgb,1,0,1413,3,-0.07493769377470016,0.025608867406845093,0.019999999552965164,0.24126680174757675,0.003535650670528412,0.19555142521858215,0.019999999552965164,-1.7953958486873542,0.1871858401269046,-2.0366626504349306,-0.465866323640034,1,1,200,105.0,1,1,96,0,1,38,1,1,90,1,1,1,0.020777281373739243,0.18460187315940857,0.05999378859996796,0.0010059025584601348
/workspace/ripl/t2/nominal,best_eval_success_once.pt,rgb,1,0,1414,4,0.0789894089102745,0.1635427176952362,0.019999999552965164,1.5086506541488791,-0.0007113218307495117,-0.030109837651252747,0.019999999552965164,-1.1068542426711456,0.20941231738576932,-2.615504896820025,0.5260877567697682,1,1,200,99.0,1,1,102,0,1,46,1,1,101,1,1,1,-0.007146300747990608,-0.0374474972486496,0.059997137635946274,1.014799687212399e-06
/workspace/ripl/t2/nominal,best_eval_success_once.pt,rgb,1,0,1415,5,0.10657404363155365,-0.08754053711891174,0.019999999552965164,-2.8106849534344294,-0.010970860719680786,0.0514097586274147,0.019999999552965164,1.35248523201754,0.18199997040365815,-2.120015121727617,-0.5492187949327203,1,1,200,27.0,1,1,174,0,1,50,1,1,104,1,1,1,0.0018084602197632194,0.03855615109205246,0.059990569949150085,0.0013765848534464105
/workspace/ripl/t2/nominal,best_eval_success_once.pt,rgb,1,0,1416,6,-0.08242620527744293,-0.02836109697818756,0.019999999552965164,-1.1537864880082829,0.0013916641473770142,0.13970300555229187,0.019999999552965164,1.4146794378895968,0.18780569159184626,2.56846592589788,-0.5731267276919132,1,1,200,99.0,1,1,102,0,1,44,1,1,95,1,1,1,0.010805073194205761,0.1387632042169571,0.059997040778398514,0.00034936562648522847
/workspace/ripl/t2/nominal,best_eval_success_once.pt,rgb,1,0,1417,7,-0.08489035069942474,-0.02541317045688629,0.019999999552965164,-0.046082320482688566,0.003202468156814575,0.011065825819969177,0.019999999552965164,2.106418191139937,0.09534706027668094,2.1525005116226255,0.5817041848277289,1,1,200,102.0,1,1,99,0,1,45,1,1,93,1,1,1,0.007429399993270636,0.0016472311690449715,0.060004822909832,7.9421265591041e-05
/workspace/ripl/t2/nominal,best_eval_success_once.pt,rgb,1,0,1418,8,-0.12475195527076721,0.02317795902490616,0.019999999552965164,1.9416767002824928,-0.046054646372795105,0.08628854900598526,0.019999999552965164,0.6386824324858562,0.10087721742565425,-1.3029942677966364,0.26780205899826015,1,1,200,101.0,1,1,100,0,1,47,1,1,95,1,1,1,-0.036069516092538834,0.08617058396339417,0.059999678283929825,1.795698124051285e-06
/workspace/ripl/t2/nominal,best_eval_success_once.pt,rgb,1,0,1419,9,0.055061325430870056,0.12895473837852478,0.019999999552965164,-2.1096056425737766,0.1299145370721817,0.08292932063341141,0.019999999552965164,0.6459950615219654,0.08787116917186882,2.755600704095742,-0.38599194949405113,0,0,200,0.0,0,0,-1,1,1,44,0,0,-1,0,1,1,0.07165803015232086,0.03282754123210907,0.11668795347213745,0.014512930246865546
/workspace/ripl/t2/nominal,best_eval_success_once.pt,rgb,1,0,1420,0,0.01261812448501587,-0.08501698821783066,0.019999999552965164,-1.7914369634539318,-0.023645222187042236,0.03704679757356644,0.019999999552965164,-2.9339104263170306,0.12733655450649645,-1.1424734628630988,0.42832286393179775,1,1,200,124.0,1,1,77,0,1,39,1,1,76,1,1,1,-0.025743653997778893,0.025985900312662125,0.05999504402279854,3.064817542747418e-05
/workspace/ripl/t2/nominal,best_eval_success_once.pt,rgb,1,0,1421,1,-0.02081914246082306,-0.10214205831289291,0.019999999552965164,1.484796765392191,-0.03956034034490585,-0.04564078897237778,0.019999999552965164,-2.8870752820483583,0.05952836244362669,1.9113132597390372,0.34051693294414065,1,1,200,102.0,1,1,88,0,1,46,1,1,86,1,1,1,-0.044393304735422134,-0.037070829421281815,0.05999789014458656,0.0025721513491256147
/workspace/ripl/t2/nominal,best_eval_success_once.pt,rgb,1,0,1422,2,-0.1201023980975151,-0.015905413776636124,0.019999999552965164,1.5442389310427866,0.02187097817659378,0.06265226006507874,0.019999999552965164,3.002346058309423,0.16225827464290057,1.4581071272666362,-0.1126891995282604,1,1,200,71.0,1,1,110,0,1,47,1,1,102,1,1,1,0.03399847075343132,0.07316339015960693,0.059993673115968704,0.00040483721617903503
/workspace/ripl/t2/nominal,best_eval_success_once.pt,rgb,1,0,1423,3,-0.0008130371570587158,-0.008256584405899048,0.019999999552965164,-1.6355745298205981,-0.08506876230239868,-0.041302286088466644,0.019999999552965164,-0.7679813506178474,0.09050439558087951,0.8675931792027507,-0.7032031475921459,1,1,200,116.0,1,1,85,0,1,37,1,1,81,1,1,1,-0.08850197494029999,-0.0421706959605217,0.059993334114551544,8.606952498887953e-07
/workspace/ripl/t2/nominal,best_eval_success_once.pt,rgb,1,0,1424,4,0.1359662115573883,0.13715484738349915,0.019999999552965164,0.6172950670364439,0.0052034929394721985,0.07311419397592545,0.019999999552965164,-1.1119048335192927,0.14560252013346914,-1.7291999005557361,-0.15840357376083958,1,1,200,89.0,1,1,112,0,1,53,1,1,107,1,1,1,0.012249973602592945,0.07019197940826416,0.0600021556019783,1.4046224854512674e-06
/workspace/ripl/t2/nominal,best_eval_success_once.pt,rgb,1,0,1425,5,-0.11729049682617188,-0.07767840474843979,0.019999999552965164,-2.1907146174994434,0.027448616921901703,0.12816792726516724,0.019999999552965164,-2.347066938422836,0.2516388750810056,-0.1563523209233928,-0.1563523209233928,1,1,200,90.0,1,1,111,0,1,48,1,1,103,1,1,1,0.03403361514210701,0.11612438410520554,0.05999410152435303,0.00016984033333929623
/workspace/ripl/t2/nominal,best_eval_success_once.pt,rgb,1,0,1426,6,0.0037803128361701965,0.16714423894882202,0.019999999552965164,-1.2352913465035922,-0.05730658024549484,0.041761040687561035,0.019999999552965164,-0.026017489707569563,0.13947241631445786,1.2092738567960226,-0.36152246999887394,1,1,200,99.0,1,1,102,0,1,53,1,1,101,1,1,1,-0.050985269248485565,0.05403708294034004,0.059995535761117935,3.36309750363328e-06
/workspace/ripl/t2/nominal,best_eval_success_once.pt,rgb,1,0,1427,7,-0.06037772446870804,0.17453047633171082,0.019999999552965164,-0.40378219916385394,-0.008648846298456192,0.21592238545417786,0.019999999552965164,-2.6684391825244003,0.06625078850515916,-2.2646569833605463,-0.6938606565656498,0,0,200,0.0,0,0,-1,0,1,60,0,0,-1,1,1,1,-0.0005104969022795558,0.1322823017835617,0.019999997690320015,0.07861154779131808
/workspace/ripl/t2/nominal,best_eval_success_once.pt,rgb,1,0,1428,8,0.014256726950407028,-0.20442239940166473,0.019999999552965164,-1.7747014435039379,0.12968042492866516,-0.17707285284996033,0.019999999552965164,-0.4097879411930916,0.11861967691559439,1.3649135023108463,-0.20588282448405026,1,1,200,101.0,1,1,100,0,1,40,1,1,99,1,1,1,0.13168182969093323,-0.18302421271800995,0.059997156262397766,2.6830367294671007e-06
/workspace/ripl/t2/nominal,best_eval_success_once.pt,rgb,1,0,1429,9,0.025687307119369507,0.03389587253332138,0.019999999552965164,0.4371807704224935,0.14091528952121735,0.21891063451766968,0.019999999552965164,-0.6960934020976537,0.21796318514952384,-1.1332741725201476,0.43752215427474894,1,1,200,95.0,1,1,106,0,1,38,1,1,91,1,1,1,0.136953666806221,0.22383622825145721,0.060004789382219315,0.00037304342815941795
/workspace/ripl/t2/nominal,best_eval_success_once.pt,rgb,1,0,1430,0,0.10982036590576172,0.14831101894378662,0.019999999552965164,2.3873779728837277,0.0947185754776001,-0.13210844993591309,0.019999999552965164,2.7928710535909778,0.2808258225322397,0.4054930807072501,0.4054930807072501,1,1,200,49.0,1,1,106,0,1,50,1,1,102,1,1,1,0.08189325034618378,-0.12917035818099976,0.05999906361103058,0.0002291212504045108
/workspace/ripl/t2/nominal,best_eval_success_once.pt,rgb,1,0,1431,1,-0.0495857298374176,-0.13727407157421112,0.019999999552965164,1.1426764027605545,0.072443887591362,-0.07569563388824463,0.019999999552965164,1.939860254109219,0.1366862521165123,0.7971838513486644,-0.7736124754462321,1,1,200,114.0,1,1,87,0,1,37,1,1,85,1,1,1,0.0740867406129837,-0.06689698249101639,0.06000017747282982,1.3331543530181275e-06
/workspace/ripl/t2/nominal,best_eval_success_once.pt,rgb,1,0,1432,2,0.03999761492013931,0.06252842396497726,0.019999999552965164,2.3708734738603896,-0.028429917991161346,-0.09296724945306778,0.019999999552965164,-0.028947177952661995,0.1698859373581535,-2.3998206518130516,0.7417720017767415,0,0,200,0.0,0,0,-1,1,1,41,0,1,98,0,1,1,-0.08819277584552765,-0.073363296687603,0.02019786834716797,0.02252871264389763
/workspace/ripl/t2/nominal,best_eval_success_once.pt,rgb,1,0,1433,3,-0.08217770606279373,0.16136637330055237,0.019999999552965164,-1.536924671714739,-0.05484898388385773,0.014023296535015106,0.019999999552965164,3.0976290724612157,0.14985606870149928,-1.6486315630036312,-0.07783523620873467,1,1,200,99.0,1,1,102,0,1,48,1,1,97,1,1,1,-0.0571419820189476,0.008464165963232517,0.0599985234439373,6.25017372849673e-07
/workspace/ripl/t2/nominal,best_eval_success_once.pt,rgb,1,0,1434,4,-0.062384091317653656,0.004777107387781143,0.019999999552965164,2.899638442181593,-0.14023326337337494,-0.052662577480077744,0.019999999552965164,1.8256670097905396,0.0967461161364126,-1.073971432391053,0.4968248944038436,1,1,200,104.0,1,1,97,0,1,41,1,1,91,1,1,1,-0.14064432680606842,-0.053262073546648026,0.060001153498888016,1.0777941493871217e-06
/workspace/ripl/t2/nominal,best_eval_success_once.pt,rgb,1,0,1435,5,-0.003855369985103607,0.052267201244831085,0.019999999552965164,-1.6194923899701728,-0.11754224449396133,0.1827239990234375,0.019999999552965164,0.7662182411305776,0.17304242694276156,2.3857106311007503,-0.7558820224890428,1,1,200,101.0,1,1,100,0,1,48,1,1,95,1,1,1,-0.12204249203205109,0.1719856709241867,0.060001153498888016,8.362183952146542e-06
/workspace/ripl/t2/nominal,best_eval_success_once.pt,rgb,1,0,1436,6,-0.01741957664489746,-0.12153588235378265,0.019999999552965164,-1.7702978389074149,-0.07315169274806976,0.1137201115489006,0.019999999552965164,-0.5864046154913618,0.2417673498065378,1.183893223416053,-0.3869031033788435,1,1,200,104.0,1,1,97,0,1,41,1,1,96,1,1,1,-0.08783280849456787,0.11205761879682541,0.05999621003866196,0.00010882104539203928
/workspace/ripl/t2/nominal,best_eval_success_once.pt,rgb,1,0,1437,7,0.03208664059638977,-0.12878695130348206,0.019999999552965164,1.8380790863361032,-0.1040625274181366,-0.11006610840559006,0.019999999552965164,2.22436949426411,0.13743022196684135,0.38629040792800673,0.38629040792800673,1,1,200,101.0,1,1,100,0,1,46,1,1,95,1,1,1,-0.10939396172761917,-0.09756340086460114,0.059990838170051575,4.9582368361631026e-06
/workspace/ripl/t2/nominal,best_eval_success_once.pt,rgb,1,0,1438,8,0.13392896950244904,-0.13165107369422913,0.019999999552965164,-2.4506602516636775,0.008808284997940063,0.1586134135723114,0.019999999552965164,-1.0635884767099029,0.31608330904839715,1.3870717749537746,-0.1837245518411219,1,1,200,86.0,1,1,115,0,1,53,1,1,113,1,1,1,0.00721010472625494,0.15118828415870667,0.06000059098005295,1.099718063192558e-06
/workspace/ripl/t2/nominal,best_eval_success_once.pt,rgb,1,0,1439,9,-0.03102409839630127,0.044461220502853394,0.019999999552965164,0.9634624682838409,-0.04307548701763153,-0.07009851932525635,0.019999999552965164,0.18817257744107918,0.11519188320878569,-0.7752898908427617,-0.7752898908427617,1,0,200,2.0,0,1,88,0,1,44,1,1,86,0,1,1,-0.03790493682026863,-0.05207376182079315,0.05999624729156494,6.542950391799256e-06
/workspace/ripl/t2/nominal,best_eval_success_once.pt,rgb,1,0,1440,0,0.07166270166635513,0.09061095118522644,0.019999999552965164,-1.3425820872012446,0.007107965648174286,-0.24817852675914764,0.019999999552965164,0.3750066360120998,0.3448849435800272,1.7175887232133444,0.14679239641844788,0,0,200,0.0,0,0,-1,0,1,42,0,1,104,1,1,1,-0.03827082738280296,-0.307199090719223,0.019999908283352852,0.004679413825923096
/workspace/ripl/t2/nominal,best_eval_success_once.pt,rgb,1,0,1441,1,-0.025601498782634735,-0.022691570222377777,0.019999999552965164,-2.2566793576526187,0.05396491289138794,0.060202114284038544,0.019999999552965164,2.220015973602415,0.11490072583639033,-1.8064899759245527,-0.23569364912965618,1,1,200,107.0,1,1,94,0,1,43,1,1,87,1,1,1,0.05332885682582855,0.05951118469238281,0.059998515993356705,0.00011663452593093859
/workspace/ripl/t2/nominal,best_eval_success_once.pt,rgb,1,0,1442,2,-0.09199762344360352,0.062299348413944244,0.019999999552965164,-2.2437483965263834,-0.10191775113344193,-0.08708962798118591,0.019999999552965164,-0.12010795082887915,0.14971798556542049,2.123640445697504,0.5528441189026077,1,1,200,97.0,1,1,104,0,1,44,1,1,97,1,1,1,-0.12291280925273895,-0.10256437212228775,0.060000889003276825,1.5489377180664238e-05
/workspace/ripl/t2/nominal,best_eval_success_once.pt,rgb,1,0,1443,3,0.009373404085636139,-0.10650419443845749,0.019999999552965164,-2.211131928483317,0.0006806999444961548,0.13521474599838257,0.019999999552965164,2.509980147968574,0.24187519358378615,-1.5620732307276954,0.00872309606720112,1,0,200,2.0,0,1,96,1,1,40,0,1,88,0,1,1,0.0031788023188710213,0.18083740770816803,0.021544722840189934,0.05153395726539753
/workspace/ripl/t2/nominal,best_eval_success_once.pt,rgb,1,0,1444,4,-0.05119048431515694,-0.022455565631389618,0.019999999552965164,1.2676000126345215,0.09893513470888138,-0.15298858284950256,0.019999999552965164,-2.046726966828639,0.19893860880034037,2.9688583277164255,-0.17273432587336757,1,1,200,88.0,1,1,113,0,1,44,1,1,112,1,1,1,0.0922187939286232,-0.15706641972064972,0.06000027805566788,1.9896956481732615e-06
/workspace/ripl/t2/nominal,best_eval_success_once.pt,rgb,1,0,1445,5,0.03183016926050186,-0.10050416737794876,0.019999999552965164,-3.072187014496304,0.059077680110931396,0.11234290152788162,0.019999999552965164,-1.758393486811653,0.21458401988346565,1.313793527684651,-0.2570027991102455,1,1,200,99.0,1,1,102,0,1,47,1,1,100,1,1,1,0.04505489766597748,0.10985391587018967,0.05999265983700752,4.54423273100237e-06
/workspace/ripl/t2/nominal,best_eval_success_once.pt,rgb,1,0,1446,6,0.13775689899921417,0.21660646796226501,0.019999999552965164,-2.8878153220685254,0.18046064674854279,0.0017701014876365662,0.019999999552965164,2.3804228723995653,0.21903943579150112,-1.0149471127114955,0.555849214083401,0,0,200,0.0,0,0,-1,1,1,57,0,0,-1,0,1,1,0.1489473134279251,-0.015270167961716652,0.07684237509965897,0.020285954122977765
/workspace/ripl/t2/nominal,best_eval_success_once.pt,rgb,1,0,1447,7,0.071171835064888,0.21622243523597717,0.019999999552965164,-2.4081325694422,0.12746575474739075,0.17354151606559753,0.019999999552965164,0.14609968220121683,0.07064464774098991,2.554232251643417,-0.5873604019463761,1,1,200,45.0,1,1,156,0,1,51,1,1,150,1,1,1,0.12569692730903625,0.17697645723819733,0.05999844893813133,1.7961926705007747e-06
/workspace/ripl/t2/nominal,best_eval_success_once.pt,rgb,1,0,1448,8,0.08233577013015747,0.09701748192310333,0.019999999552965164,0.5887040448326473,0.05688795447349548,-0.14127768576145172,0.019999999552965164,-2.2319596655402982,0.2396501163436097,-2.820663710372946,0.3209289432168472,1,1,200,82.0,1,1,100,0,1,44,1,1,95,1,1,1,0.05001910403370857,-0.13313913345336914,0.059997931122779846,0.0010455025990825202
/workspace/ripl/t2/nominal,best_eval_success_once.pt,rgb,1,0,1449,9,0.003315374255180359,0.10835371166467667,0.019999999552965164,-2.652487130072295,0.06825484335422516,-0.05133690685033798,0.019999999552965164,1.8204621848358715,0.17238975691314648,-1.8102359922714193,-0.23943966547652273,1,0,200,2.0,0,1,90,0,1,37,0,1,81,1,1,1,0.018516629934310913,-0.11636176705360413,0.019999925047159195,0.020950710972589645
/workspace/ripl/t2/nominal,best_eval_success_once.pt,rgb,1,0,1450,0,0.0014275237917900085,-0.0883949026465416,0.019999999552965164,-2.2076681336327297,-0.049086734652519226,0.022148825228214264,0.019999999552965164,1.0793536833126658,0.12153849628256284,-2.9961634902341903,0.14542916335560285,0,0,200,0.0,0,0,-1,0,1,47,0,1,87,1,1,1,-0.07153970748186111,-0.02712361328303814,0.01999984309077263,0.033878517314502074
/workspace/ripl/t2/nominal,best_eval_success_once.pt,rgb,1,0,1451,1,-0.09238860756158829,-0.0055160075426101685,0.019999999552965164,0.4642531625539874,-0.026890836656093597,-0.10046680271625519,0.019999999552965164,0.9788344573114234,0.11534995230903287,0.514581294757436,0.514581294757436,1,1,200,98.0,1,1,103,0,1,51,1,1,99,1,1,1,-0.03759022802114487,-0.09939765185117722,0.05999312177300453,7.861923333222089e-06
/workspace/ripl/t2/nominal,best_eval_success_once.pt,rgb,1,0,1452,2,0.048306651413440704,0.16726809740066528,0.019999999552965164,1.2813665168924007,0.12995515763759613,0.21918043494224548,0.019999999552965164,-0.25653347083195355,0.09675416971721118,-1.5378999877243542,0.032896339070542346,0,0,200,0.0,0,0,-1,1,1,42,0,1,98,0,1,1,0.09315357357263565,0.14151303470134735,0.020441660657525063,0.021096895144403327
/workspace/ripl/t2/nominal,best_eval_success_once.pt,rgb,1,0,1453,3,0.07432427257299423,0.05052100867033005,0.019999999552965164,1.9952959770471181,0.035158365964889526,-0.12479036301374435,0.019999999552965164,3.041534913718528,0.1796330851546743,1.0462389366714095,-0.524557390123487,1,1,200,109.0,1,1,92,0,1,42,1,1,88,1,1,1,0.025975191965699196,-0.13921687006950378,0.05999632179737091,5.491947234009342e-06
/workspace/ripl/t2/nominal,best_eval_success_once.pt,rgb,1,0,1454,4,0.04660206288099289,0.029947347939014435,0.019999999552965164,2.9616584881203685,0.04319841414690018,-0.10521746426820755,0.019999999552965164,-1.393812369669047,0.1352076598559367,1.9277144493901712,0.35691812259527467,1,1,200,111.0,1,1,90,0,1,44,1,1,87,1,1,1,0.045056529343128204,-0.11856978386640549,0.0599948987364769,3.6020224688542215e-06
/workspace/ripl/t2/nominal,best_eval_success_once.pt,rgb,1,0,1455,5,0.07172982394695282,-0.07553669065237045,0.019999999552965164,2.0067917726947915,0.10512705147266388,-0.12624192237854004,0.019999999552965164,-1.8696740964765475,0.06071569262397216,2.4067194380082473,-0.7348732155815458,1,1,200,78.0,1,1,123,0,1,39,1,1,117,1,1,1,0.10289863497018814,-0.1278887242078781,0.06000132858753204,1.7667933006402648e-06
/workspace/ripl/t2/nominal,best_eval_success_once.pt,rgb,1,0,1456,6,0.0450076088309288,-0.02469838410615921,0.019999999552965164,-1.4692346457880374,-0.03260061889886856,0.035947851836681366,0.019999999552965164,2.797408863570602,0.09849366957015449,-2.0165417978209472,-0.44574547102605067,1,1,200,109.0,1,1,92,0,1,43,1,1,91,1,1,1,-0.025820406153798103,0.036432959139347076,0.05999891459941864,1.6464139526745267e-06
/workspace/ripl/t2/nominal,best_eval_success_once.pt,rgb,1,0,1457,7,-0.07637850195169449,-0.1670447736978531,0.019999999552965164,-0.8425406049151363,-0.004343211650848389,-0.04532282054424286,0.019999999552965164,-1.3009709858096823,0.14144015316824587,-0.458430380894546,-0.458430380894546,1,1,200,115.0,1,1,86,0,1,39,1,1,82,1,1,1,-0.0038212896324694157,-0.037870436906814575,0.059997934848070145,0.0005829378758560606
/workspace/ripl/t2/nominal,best_eval_success_once.pt,rgb,1,0,1458,8,0.05348369479179382,-0.0507727712392807,0.019999999552965164,1.2788950857310795,-0.04587792605161667,0.16723766922950745,0.019999999552965164,1.0709904964351167,0.2395856503424708,-0.20790458929596278,-0.20790458929596278,1,1,200,100.0,1,1,100,0,1,43,1,1,98,1,1,1,-0.06053083389997482,0.15486931800842285,0.06000170484185219,3.394911724020184e-05
/workspace/ripl/t2/nominal,best_eval_success_once.pt,rgb,1,0,1459,9,0.05808422714471817,0.02886880189180374,0.019999999552965164,0.727301705870353,-0.09928907454013824,0.15827372670173645,0.019999999552965164,-3.1345716162184303,0.2037449156378072,2.421311985090803,-0.7202806684989902,1,1,200,103.0,1,1,98,0,1,43,1,1,94,1,1,1,-0.09803351759910583,0.14403745532035828,0.059994086623191833,2.6384667757000075e-05
/workspace/ripl/t2/nominal,best_eval_success_once.pt,rgb,1,0,1460,0,0.12668144702911377,0.07927191257476807,0.019999999552965164,2.2963569420737864,0.06571587920188904,-0.09174560010433197,0.019999999552965164,-1.9613149295541765,0.1815593294310212,2.0255134355516233,0.4547171087567268,0,0,200,0.0,0,0,-1,1,1,52,0,1,102,0,1,1,0.04930046945810318,-0.06340833753347397,0.13018068671226501,0.00037596524142390167
/workspace/ripl/t2/nominal,best_eval_success_once.pt,rgb,1,0,1461,1,-0.02993263304233551,-0.2084086835384369,0.019999999552965164,-0.012310330117218715,-0.09133028239011765,0.08834177255630493,0.019999999552965164,-2.9491101178113794,0.3030354839583485,-2.936799787694161,0.20479286589563195,1,1,200,91.0,1,1,110,0,1,52,1,1,109,1,1,1,-0.09911034256219864,0.09134706854820251,0.060001105070114136,7.202056630608185e-07
/workspace/ripl/t2/nominal,best_eval_success_once.pt,rgb,1,0,1462,2,0.01647832989692688,-0.12991265952587128,0.019999999552965164,-1.6583110612109069,-0.01820351555943489,0.07941776514053345,0.019999999552965164,-1.1336435200639903,0.21218401705895829,0.5246675411469166,0.5246675411469166,1,1,200,112.0,1,1,89,0,1,38,1,1,88,1,1,1,-0.03149798512458801,0.07579286396503448,0.059998661279678345,1.0791774426996652e-06
/workspace/ripl/t2/nominal,best_eval_success_once.pt,rgb,1,0,1463,3,-0.14023514091968536,0.08004752546548843,0.019999999552965164,-2.1435029362490914,0.014114852994680405,-0.0008489713072776794,0.019999999552965164,-1.8048151559371748,0.1742646372947504,0.3386877803119166,0.3386877803119166,0,0,200,0.0,0,0,-1,0,1,50,0,1,108,1,1,1,-0.00025325160822831094,-0.06518404185771942,0.019999900832772255,0.000619134263047778
/workspace/ripl/t2/nominal,best_eval_success_once.pt,rgb,1,0,1464,4,0.0993834063410759,-0.12318377941846848,0.019999999552965164,0.7619054230922933,-0.05745829641819,-0.04464966803789139,0.019999999552965164,1.7111589844189563,0.17540503520356193,0.949253561326663,-0.6215427654682335,1,1,200,60.0,1,1,141,0,1,47,1,1,101,1,1,1,-0.05991174653172493,-0.04641961306333542,0.0599987655878067,5.2533867985134424e-05
/workspace/ripl/t2/nominal,best_eval_success_once.pt,rgb,1,0,1465,5,-0.12502917647361755,-0.16466622054576874,0.019999999552965164,-2.8993468838420657,-0.018035560846328735,-0.024395987391471863,0.019999999552965164,0.17232116408550047,0.1764181739338689,3.071668047927566,-0.06992460566222691,1,0,200,2.0,0,1,111,1,1,54,0,1,105,0,1,1,-0.025945134460926056,0.0286281555891037,0.03272632509469986,0.0036370516916325456
/workspace/ripl/t2/nominal,best_eval_success_once.pt,rgb,1,0,1466,6,0.15392868220806122,-0.09375334531068802,0.019999999552965164,0.8496785608435977,0.07009247690439224,-0.018071189522743225,0.019999999552965164,-2.243874861062669,0.11294378258421169,-3.0935534219062664,0.04803923168352675,0,0,200,0.0,0,0,-1,0,1,55,0,1,112,1,1,1,0.050352323800325394,-0.06648769229650497,0.019999975338578224,0.05348411455060267
/workspace/ripl/t2/nominal,best_eval_success_once.pt,rgb,1,0,1467,7,-0.15033268928527832,0.2472720742225647,0.019999999552965164,-2.2674673041830404,-0.15396755933761597,0.04532132297754288,0.019999999552965164,-0.5406525534655726,0.20198346023555014,1.7268147507174678,0.15601842392257126,1,1,200,95.0,1,1,106,0,1,53,1,1,104,1,1,1,-0.15077191591262817,0.052095476537942886,0.059996966272592545,2.585995529322972e-06
/workspace/ripl/t2/nominal,best_eval_success_once.pt,rgb,1,0,1468,8,-0.02159348875284195,-0.14981922507286072,0.019999999552965164,0.06517845469325056,-0.032434217631816864,0.12345673143863678,0.019999999552965164,3.0229744822080673,0.27349089529617127,2.9577960275148167,-0.18379662607497638,1,1,200,104.0,1,1,97,0,1,36,1,1,91,1,1,1,-0.04832795262336731,0.11904709041118622,0.05999458208680153,4.747085551290197e-06
/workspace/ripl/t2/nominal,best_eval_success_once.pt,rgb,1,0,1469,9,-0.04783671349287033,0.14633995294570923,0.019999999552965164,-0.25004322500055487,-0.03845386952161789,-0.15410301089286804,0.019999999552965164,-1.949509739998187,0.30058944139988936,-1.6994665149976322,-0.12867018820273568,1,1,200,107.0,1,1,94,0,1,37,1,1,88,1,1,1,-0.0508403480052948,-0.15003138780593872,0.05999142304062843,4.860932880248409e-06
/workspace/ripl/t2/nominal,best_eval_success_once.pt,rgb,1,0,1470,0,0.003914400935173035,0.14950677752494812,0.019999999552965164,-2.9481538208008606,-0.11545983701944351,-0.11736929416656494,0.019999999552965164,-2.7600048839604474,0.2923577369058993,0.18814893684041323,0.18814893684041323,1,1,200,106.0,1,1,95,0,1,37,1,1,91,1,1,1,-0.11510394513607025,-0.11040743440389633,0.06000461056828499,4.848032738267612e-07
/workspace/ripl/t2/nominal,best_eval_success_once.pt,rgb,1,0,1471,1,0.09165668487548828,0.034316882491111755,0.019999999552965164,-0.899493021718266,0.13325226306915283,0.11774642765522003,0.019999999552965164,2.027176341440241,0.09322382276840638,2.926669363158507,-0.21492329043128633,1,1,200,105.0,1,1,96,0,1,46,1,1,90,1,1,1,0.12639068067073822,0.1301494836807251,0.05999542772769928,0.00016926249809099753
/workspace/ripl/t2/nominal,best_eval_success_once.pt,rgb,1,0,1472,2,-0.04942769929766655,0.1150113046169281,0.019999999552965164,-0.8386938947551767,-0.1041034683585167,-0.1637648046016693,0.019999999552965164,2.8357310417041974,0.28408723799821556,-2.608760370720212,0.5328322828695811,0,0,200,0.0,0,0,-1,0,1,43,0,1,98,1,1,1,-0.15005235373973846,-0.22472216188907623,0.01999998837709427,0.1235443784751063
/workspace/ripl/t2/nominal,best_eval_success_once.pt,rgb,1,0,1473,3,-0.06072504445910454,-0.08474774658679962,0.019999999552965164,-1.9800461616550908,-0.12263262271881104,0.19877129793167114,0.019999999552965164,-0.3170169269931282,0.2901992364749575,1.6630292346619626,0.09223290786706606,1,1,200,93.0,1,1,108,0,1,44,1,1,102,1,1,1,-0.1306566596031189,0.192299947142601,0.05999832972884178,1.6967051313805328e-06
/workspace/ripl/t2/nominal,best_eval_success_once.pt,rgb,1,0,1474,4,-0.09629420191049576,-0.05120380222797394,0.019999999552965164,1.1480836178527294,-0.06513155996799469,-0.17572715878486633,0.019999999552965164,-2.9693194045472797,0.1283634550058212,2.165782284779577,0.5949859579846803,1,0,200,9.0,0,1,107,0,1,47,0,1,96,1,1,1,0.08854233473539352,-0.1834615021944046,0.019999878481030464,0.06851661950663407
/workspace/ripl/t2/nominal,best_eval_success_once.pt,rgb,1,0,1475,5,-0.037549398839473724,0.07259698212146759,0.019999999552965164,2.8910505774952564,-0.029332734644412994,-0.09733506292104721,0.019999999552965164,1.636230966500573,0.17013057780077534,-1.2548196109946836,0.3159767158002129,0,0,200,0.0,0,0,-1,0,1,39,0,1,87,1,1,1,-0.03450482338666916,-0.16323256492614746,0.019999943673610687,0.01653175233241153
/workspace/ripl/t2/nominal,best_eval_success_once.pt,rgb,1,0,1476,6,-0.13655081391334534,0.14836567640304565,0.019999999552965164,1.0324042688142336,-0.18384923040866852,-0.17747896909713745,0.019999999552965164,2.8452625453138074,0.32925958331399413,1.8128582764995738,0.2420619497046772,1,1,200,43.0,1,1,115,0,1,53,1,1,110,1,1,1,-0.16483858227729797,-0.1657543182373047,0.06000017374753952,1.402525440734858e-05
/workspace/ripl/t2/nominal,best_eval_success_once.pt,rgb,1,0,1477,7,-0.10149844735860825,-0.1477760672569275,0.019999999552965164,1.5213191003025954,-0.05624041333794594,0.05506378412246704,0.019999999552965164,3.059540989315797,0.2078275606146362,1.5382218890132016,-0.032574437781695,0,0,200,0.0,0,0,-1,0,1,66,0,1,120,1,1,1,0.1371300220489502,0.07947542518377304,0.019999878481030464,0.13276186983970686
/workspace/ripl/t2/nominal,best_eval_success_once.pt,rgb,1,0,1478,8,0.13644739985466003,0.2271469235420227,0.019999999552965164,-2.3479318190332474,0.015099048614501953,0.08670062571763992,0.019999999552965164,2.5711194725448108,0.18560868762339763,-1.364134015601528,0.20666231119336853,1,1,200,43.0,1,1,158,0,1,82,1,1,149,1,1,1,0.009944296441972256,0.09082847088575363,0.059999868273735046,1.270826765503674e-06
/workspace/ripl/t2/nominal,best_eval_success_once.pt,rgb,1,0,1479,9,0.12283860146999359,-0.07738285511732101,0.019999999552965164,-1.1059562792127675,-0.07665988057851791,0.017014138400554657,0.019999999552965164,0.9609723513958728,0.22070441029774218,2.0669286306086403,0.49613230381374374,1,1,200,91.0,1,1,110,0,1,46,1,1,102,1,1,1,-0.06747855991125107,0.02683279663324356,0.06000290438532829,0.00010553686757766856
/workspace/ripl/t2/nominal,best_eval_success_once.pt,rgb,1,0,1480,0,0.12650933861732483,0.09012315422296524,0.019999999552965164,0.9335212536402695,0.10156204551458359,-0.07090314477682114,0.019999999552965164,-0.7474005184393806,0.1629473424230131,-1.6809217720796497,-0.1101254452847531,0,0,200,0.0,0,0,-1,0,1,53,0,1,95,1,1,1,0.09459999203681946,-0.13392871618270874,0.01999991573393345,0.02367258269877355
/workspace/ripl/t2/nominal,best_eval_success_once.pt,rgb,1,0,1481,1,-0.10004373639822006,0.08630861341953278,0.019999999552965164,-2.1663607466583876,0.04348651319742203,0.0971456915140152,0.019999999552965164,2.0594979566135128,0.14393878841581662,-2.0573266039076863,-0.48653027711278973,1,1,200,94.0,1,1,107,0,1,45,1,1,98,1,1,1,0.047370795160532,0.08077051490545273,0.059997882694005966,0.000561886280589337
/workspace/ripl/t2/nominal,best_eval_success_once.pt,rgb,1,0,1482,2,-0.00024453550577163696,-0.08757716417312622,0.019999999552965164,2.3099109899776558,-0.16744089126586914,-0.06894341856241226,0.019999999552965164,-1.0342577427938284,0.16823150078074525,2.939016574408102,-0.20257607918169107,1,1,200,87.0,1,1,114,0,1,49,1,1,106,1,1,1,-0.1672394871711731,-0.08046399801969528,0.05999741330742836,1.255527841791662e-06
/workspace/ripl/t2/nominal,best_eval_success_once.pt,rgb,1,0,1483,3,0.016975902020931244,0.058881424367427826,0.019999999552965164,2.010365701568695,-0.045311570167541504,-0.011262625455856323,0.019999999552965164,-2.559412442550843,0.0938078723628307,1.7134071630600483,0.1426108362651517,1,1,200,108.0,1,1,93,0,1,43,1,1,89,1,1,1,-0.04682854190468788,-0.004375798162072897,0.05999698117375374,3.560832426102565e-07
/workspace/ripl/t2/nominal,best_eval_success_once.pt,rgb,1,0,1484,4,0.024067513644695282,0.19611763954162598,0.019999999552965164,0.6823828323229932,-0.019287243485450745,-0.03238901495933533,0.019999999552965164,-3.0809527105822188,0.23258315957316353,2.5198497642743742,-0.6217428893154189,1,0,200,3.0,0,1,112,0,1,49,0,1,101,1,1,1,-0.06888597458600998,-0.049898646771907806,0.019999906420707703,0.006691348584195858
/workspace/ripl/t2/nominal,best_eval_success_once.pt,rgb,1,0,1485,5,-0.14987000823020935,0.042795054614543915,0.019999999552965164,-0.10703021185567385,0.020958460867404938,-0.03725925087928772,0.019999999552965164,0.9775477009356379,0.18865592405841455,1.0845779127913118,-0.4862184140035848,1,1,200,87.0,1,1,114,0,1,55,1,1,108,1,1,1,0.013445952907204628,-0.031245557591319084,0.0599958635866642,8.362799869294443e-05
/workspace/ripl/t2/nominal,best_eval_success_once.pt,rgb,1,0,1486,6,0.08314581215381622,-0.059454306960105896,0.019999999552965164,0.9031334918764666,0.01896253228187561,-0.04448294639587402,0.019999999552965164,-0.2771905043077041,0.06590625958332103,-1.1803239961841712,0.3904723306107254,1,1,200,105.0,1,1,96,0,1,48,1,1,85,1,1,1,0.030522650107741356,-0.05383440479636192,0.06000112369656563,0.013248384671004844
/workspace/ripl/t2/nominal,best_eval_success_once.pt,rgb,1,0,1487,7,0.02663503587245941,-0.025553472340106964,0.019999999552965164,1.7687082817744633,-0.035556428134441376,0.042049773037433624,0.019999999552965164,2.043640355522615,0.09185846167282358,0.2749320737481513,0.2749320737481513,1,1,200,117.0,1,1,84,0,1,36,1,1,83,1,1,1,-0.036883264780044556,0.038236696273088455,0.059998493641614914,1.0544216862504523e-06
/workspace/ripl/t2/nominal,best_eval_success_once.pt,rgb,1,0,1488,8,0.03589382767677307,0.17995604872703552,0.019999999552965164,2.833910211231504,0.03792257606983185,0.06415467709302902,0.019999999552965164,2.901916511677805,0.11581914130384331,0.06800630044630074,0.06800630044630074,1,1,200,104.0,1,1,97,0,1,50,1,1,96,1,1,1,0.05010649934411049,0.05961258336901665,0.05999647080898285,7.309927097803971e-07
/workspace/ripl/t2/nominal,best_eval_success_once.pt,rgb,1,0,1489,9,-0.09151943773031235,0.09019885957241058,0.019999999552965164,0.10926767595761655,0.04122321307659149,0.14962933957576752,0.019999999552965164,-2.1389831134629365,0.14543931138682215,-2.2482507894205526,-0.677454462625656,1,1,200,93.0,1,1,108,0,1,47,1,1,102,1,1,1,0.04351283982396126,0.14676301181316376,0.060002077370882034,6.07313729935595e-07
/workspace/ripl/t2/nominal,best_eval_success_once.pt,rgb,1,0,1490,0,0.08625996112823486,0.06539712101221085,0.019999999552965164,-2.657658642366595,0.12533436715602875,-0.058992452919483185,0.019999999552965164,0.8246346092805301,0.13038241947951906,-2.8008920555324615,0.34070059805733166,1,0,200,2.0,0,1,91,0,1,45,1,1,85,0,1,1,0.12637832760810852,-0.08455093204975128,0.060000576078891754,1.0740140499375196e-05
/workspace/ripl/t2/nominal,best_eval_success_once.pt,rgb,1,0,1491,1,-0.06485559046268463,0.05743341147899628,0.019999999552965164,-1.097825718712981,0.07605954259634018,-0.14450481534004211,0.019999999552965164,1.6292068132071598,0.2462440297263267,2.7270325319201407,-0.4145601216696524,1,1,200,99.0,1,1,102,0,1,38,1,1,92,1,1,1,0.07357491552829742,-0.1318008005619049,0.059994541108608246,0.0008514118344800529
/workspace/ripl/t2/nominal,best_eval_success_once.pt,rgb,1,0,1492,2,-0.16080889105796814,0.1631798893213272,0.019999999552965164,-1.1327312314413902,-0.008249588310718536,0.18879671394824982,0.019999999552965164,-1.1541203280109453,0.15469506313613718,-0.02138909656955512,-0.02138909656955512,1,1,200,81.0,1,1,120,0,1,60,1,1,115,1,1,1,-0.010800749063491821,0.1794339418411255,0.05999917536973953,0.001025265222853117
/workspace/ripl/t2/nominal,best_eval_success_once.pt,rgb,1,0,1493,3,0.004524681717157364,-0.03017020970582962,0.019999999552965164,2.622575681966653,0.04428311437368393,0.15669777989387512,0.019999999552965164,2.36729961038954,0.19105072233398887,-0.25527607157711296,-0.25527607157711296,1,1,200,103.0,1,1,98,0,1,43,1,1,90,1,1,1,0.04659189283847809,0.15521077811717987,0.060002829879522324,0.00039338914797154925
/workspace/ripl/t2/nominal,best_eval_success_once.pt,rgb,1,0,1494,4,0.08206893503665924,-0.1714215725660324,0.019999999552965164,2.7888512125178653,0.0212196484208107,0.040225282311439514,0.019999999552965164,0.0504112698067023,0.22022040518803734,-2.738439942711163,0.40315271087863014,1,1,200,102.0,1,1,99,0,1,47,1,1,93,1,1,1,0.019910233095288277,0.028568102046847343,0.0599978007376194,1.7569049238501357e-06
/workspace/ripl/t2/nominal,best_eval_success_once.pt,rgb,1,0,1495,5,-0.1016356348991394,0.09361109882593155,0.019999999552965164,2.189642669199813,-0.0676116943359375,0.03209405392408371,0.019999999552965164,-0.5292561347532239,0.07029918452517255,-2.718898803953037,0.42269384963675627,1,0,200,86.0,0,1,97,0,1,45,1,1,93,0,1,1,-0.08326005935668945,0.02187303453683853,0.05999980494379997,5.413829955142362e-06
/workspace/ripl/t2/nominal,best_eval_success_once.pt,rgb,1,0,1496,6,0.11075122654438019,-0.08559125661849976,0.019999999552965164,1.4803687447286724,0.10944782197475433,-0.18620163202285767,0.019999999552965164,2.425648697911963,0.10061881783482625,0.9452799531832907,-0.6255163736116058,0,0,200,0.0,0,0,-1,1,1,47,0,1,88,0,1,1,0.03640911355614662,-0.20443135499954224,0.05959475040435791,0.01902661488317261
/workspace/ripl/t2/nominal,best_eval_success_once.pt,rgb,1,0,1497,7,0.012459807097911835,-0.24966546893119812,0.019999999552965164,-0.2854178523895845,-0.13651306927204132,-0.07220765948295593,0.019999999552965164,-2.206702557870452,0.23169849379766366,-1.9212847054808675,-0.35048837868597094,1,1,200,84.0,1,1,117,0,1,53,1,1,105,1,1,1,-0.12638892233371735,-0.0638413205742836,0.060000307857990265,0.00010030569891804063
/workspace/ripl/t2/nominal,best_eval_success_once.pt,rgb,1,0,1498,8,0.0987074077129364,-0.04425577074289322,0.019999999552965164,1.8173362726813915,-0.049415215849876404,0.0748559907078743,0.019999999552965164,0.602081144722562,0.1900734682354044,-1.2152551279588293,0.3555411988360673,1,1,200,95.0,1,1,106,0,1,44,1,1,102,1,1,1,-0.05269522964954376,0.07346664369106293,0.059998560696840286,1.9462137326392616e-06
/workspace/ripl/t2/nominal,best_eval_success_once.pt,rgb,1,0,1499,9,0.02176426351070404,-0.23202118277549744,0.019999999552965164,0.4430957316231021,-0.053655028343200684,0.07709537446498871,0.019999999552965164,-2.429464961695702,0.31818409065186654,-2.872560693318804,0.26903196027098897,0,0,200,0.0,0,0,-1,0,1,43,0,1,101,1,1,1,-0.11092710494995117,0.0451292060315609,0.01999996416270733,0.00405467944992532
/workspace/ripl/t2/nominal,best_eval_success_once.pt,rgb,1,0,1500,0,-0.06284842640161514,-0.04736855626106262,0.019999999552965164,0.9888973625063056,-0.06240081042051315,-0.21066036820411682,0.019999999552965164,-0.34361963919355754,0.16329242544500439,-1.3325170016998626,0.2382793250950339,1,1,200,98.0,1,1,103,0,1,46,1,1,100,1,1,1,-0.05510886386036873,-0.22751492261886597,0.0599970743060112,4.947544567453178e-06
/workspace/ripl/t2/nominal,best_eval_success_once.pt,rgb,1,0,1501,1,-0.006872303783893585,-0.14504221081733704,0.019999999552965164,2.7612814836796855,0.09415870159864426,0.04677464812994003,0.019999999552965164,-0.3078110717813636,0.21679707429992218,-3.069092555461049,0.07250009812874403,1,1,200,92.0,1,1,109,0,1,49,1,1,98,1,1,1,0.09160441160202026,0.05448700487613678,0.05999935045838356,0.00017016714522710789
/workspace/ripl/t2/nominal,best_eval_success_once.pt,rgb,1,0,1502,2,-0.0012023597955703735,-0.05188014358282089,0.019999999552965164,1.334929925432389,0.09524396061897278,0.05398669093847275,0.019999999552965164,-0.25356750532439687,0.14321200848065674,-1.588497430756786,-0.01770110396188951,1,1,200,76.0,1,1,87,0,1,36,1,1,81,1,1,1,0.09555892646312714,0.05159921944141388,0.06000278517603874,0.0016367075810483868
/workspace/ripl/t2/nominal,best_eval_success_once.pt,rgb,1,0,1503,3,-0.03301446884870529,0.06062036007642746,0.019999999552965164,0.12032985612196256,-0.05962254852056503,0.11819551140069962,0.019999999552965164,2.5404179249743986,0.06342624026250392,2.420088068852436,-0.7215045847373571,1,1,200,107.0,1,1,94,0,1,50,1,1,93,1,1,1,-0.0633944645524025,0.12031500786542892,0.06000092625617981,2.1351471365849822e-07
/workspace/ripl/t2/nominal,best_eval_success_once.pt,rgb,1,0,1504,4,0.08870703727006912,-0.12880904972553253,0.019999999552965164,1.5497669507336265,0.1538170725107193,-0.06737606972455978,0.019999999552965164,-1.9791176933614842,0.0895171923199037,2.754300663084475,-0.38729199050531804,1,1,200,103.0,1,1,98,0,1,48,1,1,94,1,1,1,0.14702379703521729,-0.06681179255247116,0.0599990077316761,2.251850937045554e-06
/workspace/ripl/t2/nominal,best_eval_success_once.pt,rgb,1,0,1505,5,-0.0492548868060112,-0.05707544833421707,0.019999999552965164,-2.44449930003727,0.04116973280906677,0.1630241870880127,0.019999999552965164,0.32155364952394017,0.2379505439067749,2.7660529495612103,-0.37553970402858283,0,0,200,0.0,0,0,-1,1,1,49,0,1,100,0,1,1,0.04900144413113594,0.09578588604927063,0.10060203075408936,0.0024731090746723055
/workspace/ripl/t2/nominal,best_eval_success_once.pt,rgb,1,0,1506,6,0.021830923855304718,0.12363023310899734,0.019999999552965164,-0.1551511903221523,-0.12866342067718506,0.18068185448646545,0.019999999552965164,-2.340213105907668,0.1609454418057924,-2.185061915585516,-0.6142655887906194,0,0,200,0.0,0,0,-1,0,1,40,0,1,168,1,1,1,-0.07881218940019608,0.13488738238811493,0.019999923184514046,0.010337717443201236
/workspace/ripl/t2/nominal,best_eval_success_once.pt,rgb,1,0,1507,7,-0.0068237632513046265,-0.16706840693950653,0.019999999552965164,-3.033028907995863,-0.01294533908367157,0.12983287870883942,0.019999999552965164,2.9869620829254377,0.29696438693943106,-0.2631943162582857,-0.2631943162582857,1,1,200,91.0,1,1,101,0,1,45,1,1,96,1,1,1,-0.019260356202721596,0.1351933777332306,0.060002293437719345,0.000593490262179875
/workspace/ripl/t2/nominal,best_eval_success_once.pt,rgb,1,0,1508,8,0.10704521834850311,-0.034105077385902405,0.019999999552965164,1.7428703829934356,0.030221685767173767,-0.03614603728055954,0.019999999552965164,3.0567297886144353,0.07685063874533621,1.3138594056209998,-0.25693692117389677,1,1,200,102.0,1,1,99,0,1,48,1,1,95,1,1,1,0.024809781461954117,-0.045597441494464874,0.05999606102705002,0.0021578926413225136
/workspace/ripl/t2/nominal,best_eval_success_once.pt,rgb,1,0,1509,9,-0.018356449902057648,0.18809157609939575,0.019999999552965164,1.0052798698418313,-0.1044643223285675,-0.1038685068488121,0.019999999552965164,2.2627021590481315,0.30439325835002407,1.2574222892063003,-0.3133740375885963,0,0,200,0.0,0,0,-1,0,1,44,0,1,99,1,1,1,-0.1479840874671936,-0.15690846741199493,0.019999904558062553,0.018420841551779147
/workspace/ripl/t2/nominal,best_eval_success_once.pt,rgb,1,0,1510,0,-0.03070651739835739,0.14944204688072205,0.019999999552965164,-2.6048977995536164,0.11782601475715637,-0.10877382010221481,0.019999999552965164,-0.4028175683052595,0.2978881452328684,2.202080231248357,0.6312839044534604,0,0,200,0.0,0,0,-1,0,1,40,0,1,93,0,1,1,0.12123192101716995,-0.07388174533843994,0.019987870007753372,0.023013707302727688
/workspace/ripl/t2/nominal,best_eval_success_once.pt,rgb,1,0,1511,1,-0.03789117932319641,-0.02862514555454254,0.019999999552965164,-0.7399065815802395,0.06854396313428879,-0.1484045386314392,0.019999999552965164,1.2187596573356383,0.16023589658941872,1.9586662389158778,0.3878699121209812,1,1,200,101.0,1,1,100,0,1,40,1,1,91,1,1,1,0.07022275775671005,-0.16310086846351624,0.05999622866511345,4.6690158770315934e-05
/workspace/ripl/t2/nominal,best_eval_success_once.pt,rgb,1,0,1512,2,0.17927363514900208,-0.07890067994594574,0.019999999552965164,0.9201795093118825,0.004880852997303009,-0.009033441543579102,0.019999999552965164,2.286157146368559,0.18786770203678732,1.3659776370566763,-0.20481868973822026,1,1,200,70.0,1,1,131,0,1,63,1,1,127,1,1,1,0.0009108318481594324,-0.014700585976243019,0.05999582260847092,3.729267396717628e-06
/workspace/ripl/t2/nominal,best_eval_success_once.pt,rgb,1,0,1513,3,-0.11260060220956802,0.09609411656856537,0.019999999552965164,2.3998185342174647,-0.06648623943328857,-0.13854412734508514,0.019999999552965164,1.4646588695743916,0.23912682819195352,-0.9351596646430735,0.635636662151823,1,1,200,99.0,1,1,102,0,1,45,1,1,98,1,1,1,-0.061996184289455414,-0.13329137861728668,0.060001857578754425,4.2884547803277254e-07
/workspace/ripl/t2/nominal,best_eval_success_once.pt,rgb,1,0,1514,4,0.022529665380716324,-0.15408024191856384,0.019999999552965164,-3.096169780741082,0.004184909164905548,0.19350004196166992,0.019999999552965164,-1.8013975469462977,0.3480640513222838,1.2947722337947845,-0.2760240930001121,1,1,200,91.0,1,1,101,0,1,47,1,1,97,1,1,1,0.0014979909174144268,0.2009679526090622,0.05999620258808136,0.0010878964973897425
/workspace/ripl/t2/nominal,best_eval_success_once.pt,rgb,1,0,1515,5,-0.1104460135102272,-0.06516031920909882,0.019999999552965164,2.768087631430745,-0.0032524392008781433,-0.1477450579404831,0.019999999552965164,-1.9752391719983455,0.13531704048103085,1.5398585037504962,-0.030937823044400403,1,1,200,48.0,1,1,106,0,1,43,1,1,95,1,1,1,-0.006044673267751932,-0.16183783113956451,0.0599977932870388,0.001976668005553185
/workspace/ripl/t2/nominal,best_eval_success_once.pt,rgb,1,0,1516,6,-0.0415719598531723,0.17471179366111755,0.019999999552965164,-1.7631084328707427,-0.03685002028942108,0.0007911026477813721,0.019999999552965164,2.9348385594338406,0.17398477943716822,-1.5852383148750029,-0.014441988080106327,1,1,200,105.0,1,1,96,0,1,50,1,1,93,1,1,1,-0.03745182231068611,0.0042173173278570175,0.06000380590558052,5.477788596348456e-07
/workspace/ripl/t2/nominal,best_eval_success_once.pt,rgb,1,0,1517,7,-0.05764748156070709,-0.024965442717075348,0.019999999552965164,0.684734431408808,-0.09140686690807343,0.057814933359622955,0.019999999552965164,-3.0759294751784,0.08939959039297427,2.522521400592378,-0.619071252997415,1,1,200,109.0,1,1,92,0,1,46,1,1,91,1,1,1,-0.09461112320423126,0.060157254338264465,0.0600011982023716,3.171762565329211e-06
/workspace/ripl/t2/nominal,best_eval_success_once.pt,rgb,1,0,1518,8,0.13404333591461182,0.17588233947753906,0.019999999552965164,2.2100045875809124,0.11960482597351074,-0.1260504573583603,0.019999999552965164,-2.4303052284744915,0.30227782646841256,1.6428754911241823,0.07207916432928574,0,0,200,0.0,0,0,-1,1,1,52,0,1,104,0,1,1,-0.018451273441314697,-0.0729636624455452,0.1004655584692955,0.0012648477450579731
/workspace/ripl/t2/nominal,best_eval_success_once.pt,rgb,1,0,1519,9,0.16286993026733398,-0.19025273621082306,0.019999999552965164,-1.2374046579975921,0.0797896608710289,-0.059488989412784576,0.019999999552965164,-2.4771873512959983,0.15492413833752358,-1.2397826932984062,0.3310136334964904,0,0,200,0.0,0,0,-1,0,1,68,0,1,126,0,1,1,0.10058657079935074,0.052951131016016006,0.020015589892864227,3.6626958922397716e-05
/workspace/ripl/t2/nominal,best_eval_success_once.pt,rgb,1,0,1520,0,0.013983666896820068,-0.234531432390213,0.019999999552965164,3.1175270110063407,0.023882754147052765,-0.12943220138549805,0.019999999552965164,0.25612274320543005,0.10556438928999759,-2.8614042678009106,0.2801883857888825,1,1,200,102.0,1,1,99,0,1,55,1,1,95,1,1,1,0.02009529620409012,-0.12052006274461746,0.0599980466067791,1.0252876039757476e-06
/workspace/ripl/t2/nominal,best_eval_success_once.pt,rgb,1,0,1521,1,-0.06142401695251465,0.13825902342796326,0.019999999552965164,0.9123943296955512,0.011950686573982239,0.023004867136478424,0.019999999552965164,-0.39626441322584904,0.13662857556186161,-1.3086587429214003,0.2621375838734963,1,1,200,101.0,1,1,100,0,1,48,1,1,97,1,1,1,0.01354180183261633,0.021194979548454285,0.05999789759516716,7.897862536867949e-07
/workspace/ripl/t2/nominal,best_eval_success_once.pt,rgb,1,0,1522,2,-0.006212927401065826,-0.04055878520011902,0.019999999552965164,-2.161466133096723,-0.020461775362491608,0.10536821186542511,0.019999999552965164,0.22630374711362355,0.14662100170437778,2.3877698802103464,-0.7538227733794467,1,1,200,119.0,1,1,82,0,1,37,1,1,79,1,1,1,-0.022145528346300125,0.09541311860084534,0.059998854994773865,6.927863184217823e-07
/workspace/ripl/t2/nominal,best_eval_success_once.pt,rgb,1,0,1523,3,-0.0027930624783039093,0.2573920786380768,0.019999999552965164,1.3824650938619027,0.059330444782972336,0.11711233109235764,0.019999999552965164,2.282488033324988,0.15342013468229174,0.900022939463085,-0.6707733873318116,0,0,200,0.0,0,0,-1,0,1,41,1,1,91,0,1,1,0.03875117748975754,0.12185712158679962,0.05999613180756569,1.1869829524473192e-06
/workspace/ripl/t2/nominal,best_eval_success_once.pt,rgb,1,0,1524,4,-0.1603197455406189,0.12217303365468979,0.019999999552965164,-0.923416429632236,-0.004335232079029083,-0.012376971542835236,0.019999999552965164,-1.401490912540214,0.20599726293934806,-0.47807448290797794,-0.47807448290797794,0,0,200,0.0,0,0,-1,0,1,70,0,1,125,1,1,1,-0.03471207618713379,0.040345415472984314,0.019999906420707703,0.000682274051793443
/workspace/ripl/t2/nominal,best_eval_success_once.pt,rgb,1,0,1525,5,0.1539217084646225,-0.25365763902664185,0.019999999552965164,1.326277702012133,0.10850948095321655,-0.15554194152355194,0.019999999552965164,1.318908658004905,0.1081154961329112,-0.007369044007227821,-0.007369044007227821,0,0,200,0.0,0,0,-1,0,0,-1,0,0,-1,1,1,1,0.15392455458641052,-0.2536584436893463,0.019999941810965538,2.1215847137426637e-06
/workspace/ripl/t2/nominal,best_eval_success_once.pt,rgb,1,0,1526,6,-0.026447448879480362,-0.06719698011875153,0.019999999552965164,-2.199076546625312,0.047033242881298065,-0.016946226358413696,0.019999999552965164,0.11320186702329504,0.08901994335610777,2.312278413648607,0.7414820868537104,1,1,200,108.0,1,1,93,0,1,44,1,1,85,1,1,1,0.04802423343062401,-0.02000778168439865,0.06000283733010292,0.00033932255390225607
/workspace/ripl/t2/nominal,best_eval_success_once.pt,rgb,1,0,1527,7,0.00874214619398117,-0.03064965456724167,0.019999999552965164,-0.2240479555866557,-0.04685243219137192,0.08490686863660812,0.019999999552965164,0.9607131531435229,0.12823442283882688,1.1847611087301786,-0.38603521806471797,1,1,200,112.0,1,1,89,0,1,46,1,1,88,1,1,1,-0.059200529009103775,0.0850711464881897,0.05999698117375374,8.103824273994253e-05
/workspace/ripl/t2/nominal,best_eval_success_once.pt,rgb,1,0,1528,8,-0.09949066489934921,0.12865057587623596,0.019999999552965164,0.10705471462149463,0.014915846288204193,0.15399488806724548,0.019999999552965164,3.0544712535510996,0.11718013467539255,2.947416538929605,-0.19417611466018814,1,1,200,92.0,1,1,109,0,1,48,1,1,101,1,1,1,0.024617312476038933,0.16430886089801788,0.059997305274009705,0.0007255672006279972
/workspace/ripl/t2/nominal,best_eval_success_once.pt,rgb,1,0,1529,9,0.15306808054447174,-0.2236163467168808,0.019999999552965164,-2.4243037616273817,0.04659214988350868,0.06461282074451447,0.019999999552965164,-2.564287759395633,0.3072672725586102,-0.1399839977682511,-0.1399839977682511,0,0,200,0.0,0,0,-1,0,1,62,0,0,-1,1,1,1,0.13740241527557373,-0.2450544536113739,0.020000001415610313,6.452822215013094e-07
/workspace/ripl/t2/nominal,best_eval_success_once.pt,rgb,1,0,1530,0,0.08967812359333038,0.1689949333667755,0.019999999552965164,2.0622087734843384,0.12282688915729523,0.02973712980747223,0.019999999552965164,-2.9677401701623385,0.14314879150931106,1.2532363635329098,-0.31755996326198677,1,0,200,2.0,0,1,96,0,1,47,0,1,86,1,1,1,0.13953672349452972,-0.03369589522480965,0.01999996043741703,0.03168887023000272
/workspace/ripl/t2/nominal,best_eval_success_once.pt,rgb,1,0,1531,1,-0.01120641827583313,-0.10926155000925064,0.019999999552965164,-1.6083003769489244,0.09423275291919708,-0.01000870019197464,0.019999999552965164,-0.13506394719634152,0.14480520370188923,1.4732364297525828,-0.09755989704231371,1,1,200,106.0,1,1,95,0,1,44,1,1,90,1,1,1,0.09595519304275513,-0.0034503580536693335,0.05999734252691269,2.4761161407214315e-06
/workspace/ripl/t2/nominal,best_eval_success_once.pt,rgb,1,0,1532,2,-0.004134371876716614,0.09189799427986145,0.019999999552965164,-2.908204398036162,-0.08744337409734726,-0.00769469141960144,0.019999999552965164,0.009680632426071423,0.12984256965968072,2.9178850304622332,-0.22370762312755987,1,1,200,111.0,1,1,90,0,1,40,1,1,86,1,1,1,-0.09367736428976059,-0.021813344210386276,0.059995174407958984,9.594395710380218e-07
/workspace/ripl/t2/nominal,best_eval_success_once.pt,rgb,1,0,1533,3,0.07537928223609924,-0.04014802724123001,0.019999999552965164,2.3143587153884297,0.13102896511554718,-0.10366880148649216,0.019999999552965164,-2.391029274893163,0.08444984289683835,1.5777973168979935,0.00700099010309696,0,0,200,0.0,0,0,-1,0,1,48,0,1,92,1,1,1,0.09766834229230881,-0.16759464144706726,0.01999989151954651,0.054990531523277236
/workspace/ripl/t2/nominal,best_eval_success_once.pt,rgb,1,0,1534,4,0.10056811571121216,0.08830758929252625,0.019999999552965164,-2.5784708036852138,0.0031406059861183167,-0.05874180793762207,0.019999999552965164,-1.9189422373348322,0.1763962722876626,0.6595285663503816,0.6595285663503816,0,0,200,0.0,0,0,-1,0,1,49,0,1,99,1,1,1,0.030235782265663147,-0.13500475883483887,0.02000001259148121,0.043922577886798916
/workspace/ripl/t2/nominal,best_eval_success_once.pt,rgb,1,0,1535,5,0.15282461047172546,0.17064954340457916,0.019999999552965164,2.57285786185908,0.13436125218868256,-0.07652930170297623,0.019999999552965164,1.7348968425635527,0.24786745867054205,-0.8379610192955274,0.7328353074993692,1,1,200,78.0,1,1,123,0,1,57,1,1,110,1,1,1,0.1315578818321228,-0.08077019453048706,0.060001835227012634,0.002715170420254033
/workspace/ripl/t2/nominal,best_eval_success_once.pt,rgb,1,0,1536,6,0.10363738238811493,-0.02171238511800766,0.019999999552965164,-2.4054754631833237,0.0435122475028038,-0.08082696795463562,0.019999999552965164,2.675026704053402,0.08431824090269795,-1.2026831399428604,0.3681131868520362,0,0,200,0.0,0,0,-1,0,1,51,0,1,100,1,1,1,0.014940686523914337,-0.0668991431593895,0.01999993622303009,0.026052760820108684
/workspace/ripl/t2/nominal,best_eval_success_once.pt,rgb,1,0,1537,7,0.14352920651435852,-0.02762492746114731,0.019999999552965164,-2.2902704129529265,0.12434214353561401,0.13076305389404297,0.019999999552965164,0.6541117753560175,0.15954590569338473,2.944382188308944,-0.19721046528084907,1,1,200,95.0,1,1,106,0,1,55,1,1,102,1,1,1,0.11091848462820053,0.13838928937911987,0.059999532997608185,3.7460049249096302e-06
/workspace/ripl/t2/nominal,best_eval_success_once.pt,rgb,1,0,1538,8,0.035732634365558624,-0.11850903183221817,0.019999999552965164,0.4032126096471216,-0.0034991279244422913,-0.20606458187103271,0.019999999552965164,-0.3104198602062893,0.09594324111149516,-0.7136324698534109,-0.7136324698534109,0,0,200,0.0,0,0,-1,0,1,45,0,0,-1,1,1,1,0.026974063366651535,-0.07718199491500854,0.019999530166387558,0.0008294525310701851
/workspace/ripl/t2/nominal,best_eval_success_once.pt,rgb,1,0,1539,9,0.13582134246826172,0.17355668544769287,0.019999999552965164,2.9009981036705286,0.09603991359472275,0.000782109797000885,0.019999999552965164,1.5025133133890805,0.17729527933506048,-1.3984847902814481,0.17231153651344844,1,1,200,72.0,1,1,110,0,1,52,1,1,105,1,1,1,0.09055957943201065,-0.004474841058254242,0.059999510645866394,0.0001389115028364007
/workspace/ripl/t2/nominal,best_eval_success_once.pt,rgb,1,0,1540,0,-0.16352790594100952,0.1493554413318634,0.019999999552965164,-2.20747067322449,-0.15334004163742065,0.04486634582281113,0.019999999552965164,1.0558510869100166,0.10498458772299955,-3.0198635470450794,0.1217291065447137,0,0,200,0.0,0,0,-1,0,1,63,0,0,-1,1,1,1,-0.07697998732328415,0.0015927193453535438,0.019999930635094643,0.05387046281714483
/workspace/ripl/t2/nominal,best_eval_success_once.pt,rgb,1,0,1541,1,0.06882850080728531,-0.026246175169944763,0.019999999552965164,1.8265277333733525,-0.06687156111001968,0.20095497369766235,0.019999999552965164,2.5838747678012375,0.26464101883706725,0.7573470344278848,0.7573470344278848,1,1,200,94.0,1,1,107,0,1,49,1,1,106,1,1,1,-0.07385966926813126,0.2040574997663498,0.059999898076057434,2.5998149499373898e-06
/workspace/ripl/t2/nominal,best_eval_success_once.pt,rgb,1,0,1542,2,0.051610298454761505,-0.19601598381996155,0.019999999552965164,2.2255504294711943,0.010727621614933014,-0.15141984820365906,0.019999999552965164,0.02434932295096104,0.06049965766429999,-2.2012011065202337,-0.6304047797253371,0,0,200,0.0,0,0,-1,1,1,82,0,0,-1,0,1,1,0.07897254079580307,0.04931076616048813,0.13663330674171448,0.0013120198854532368
/workspace/ripl/t2/nominal,best_eval_success_once.pt,rgb,1,0,1543,3,-0.08324579894542694,0.08173517137765884,0.019999999552965164,2.9748909481622405,-0.07991534471511841,0.014785803854465485,0.019999999552965164,-1.39064049870482,0.0670321545016703,1.9176538603125257,0.34685753351762916,0,0,200,0.0,0,0,-1,0,1,43,0,1,92,1,1,1,-0.07325473427772522,-0.05610876902937889,0.019999947398900986,0.03222640283519564
/workspace/ripl/t2/nominal,best_eval_success_once.pt,rgb,1,0,1544,4,-0.03132457658648491,0.21816018223762512,0.019999999552965164,2.2355819524302274,-0.004167277365922928,-0.019218750298023224,0.019999999552965164,2.6592266776287965,0.2389273456779676,0.4236447251985691,0.4236447251985691,1,0,200,6.0,0,1,117,0,1,58,0,1,107,1,1,1,-0.039572663605213165,0.06502553075551987,0.019999910145998,0.024993323283756985
/workspace/ripl/t2/nominal,best_eval_success_once.pt,rgb,1,0,1545,5,-0.0779419019818306,0.2631811797618866,0.019999999552965164,-2.5963695645312495,-0.06001080200076103,-0.08837909251451492,0.019999999552965164,2.207259311722956,0.3520172572326372,-1.4795564309253812,0.09123989586951531,0,0,200,0.0,0,0,-1,1,1,37,0,1,92,0,1,1,-0.052676357328891754,0.0259315837174654,0.020239686593413353,1.2161803421190727e-06
/workspace/ripl/t2/nominal,best_eval_success_once.pt,rgb,1,0,1546,6,-0.11724940687417984,0.035975970327854156,0.019999999552965164,0.13566217802001956,-0.08898885548114777,-0.16010591387748718,0.019999999552965164,-1.8671101044233405,0.19810796066426783,-2.0027722824433596,-0.43197595564846303,1,1,200,83.0,1,1,117,0,1,49,1,1,116,1,1,1,-0.09147337079048157,-0.1717265397310257,0.05999859422445297,2.5173548238078536e-05
/workspace/ripl/t2/nominal,best_eval_success_once.pt,rgb,1,0,1547,7,0.022785194218158722,-0.20591753721237183,0.019999999552965164,1.114462233571249,0.06505032628774643,-0.08666776120662689,0.019999999552965164,-0.7046817032300421,0.12651818235447437,-1.8191439368012912,-0.2483476100063946,1,1,200,70.0,1,1,101,0,1,50,1,1,96,1,1,1,0.06398021429777145,-0.07792950421571732,0.06000753864645958,0.0016159804837796914
/workspace/ripl/t2/nominal,best_eval_success_once.pt,rgb,1,0,1548,8,0.04190783575177193,-0.0005738586187362671,0.019999999552965164,1.4852221303530428,0.16619209945201874,-0.04739304631948471,0.019999999552965164,-1.8207351988763856,0.13281044590118055,2.9772279779501574,-0.16436467563963575,1,1,200,102.0,1,1,99,0,1,35,1,1,93,1,1,1,0.15061162412166595,-0.04921484366059303,0.05999406799674034,4.762767780928915e-05
/workspace/ripl/t2/nominal,best_eval_success_once.pt,rgb,1,0,1549,9,-0.009417075663805008,0.2195691168308258,0.019999999552965164,2.1535971029170073,-0.029447704553604126,0.16368913650512695,0.019999999552965164,2.7113269126371184,0.059361589390121164,0.5577298097201111,0.5577298097201111,1,1,200,100.0,1,1,101,0,1,58,1,1,100,1,1,1,-0.025659244507551193,0.15484708547592163,0.059996530413627625,2.4993345749419775e-06
/workspace/ripl/t2/nominal,best_eval_success_once.pt,rgb,1,0,1550,0,-0.01647220551967621,0.24029454588890076,0.019999999552965164,1.220065722394694,0.08474984019994736,0.04839887470006943,0.019999999552965164,2.557978007575861,0.21695587376394684,1.3379122851811671,-0.23288404161372944,1,1,200,63.0,1,1,138,0,1,39,1,1,86,1,1,1,0.0834760069847107,0.04591810330748558,0.05999729037284851,0.0037989017865237263
/workspace/ripl/t2/nominal,best_eval_success_once.pt,rgb,1,0,1551,1,0.06326694041490555,-0.14118322730064392,0.019999999552965164,-1.5826430179350277,0.17055164277553558,-0.08772186189889908,0.019999999552965164,-0.29548151331233985,0.1198671137186003,1.2871615046226879,-0.2836348221722087,1,1,200,98.0,1,1,103,0,1,44,1,1,94,1,1,1,0.17101015150547028,-0.08646014332771301,0.05999787151813507,7.360630652444642e-07
/workspace/ripl/t2/nominal,best_eval_success_once.pt,rgb,1,0,1552,2,0.11911110579967499,-0.15013094246387482,0.019999999552965164,1.965938085614251,0.038032662123441696,-0.014314323663711548,0.019999999552965164,1.9336745968312852,0.15817669857241615,-0.03226348878296559,-0.03226348878296559,1,1,200,69.0,1,1,109,0,1,49,1,1,103,1,1,1,0.026940863579511642,-0.024497713893651962,0.05999608710408211,1.5722007782643393e-06
/workspace/ripl/t2/nominal,best_eval_success_once.pt,rgb,1,0,1553,3,0.09657008945941925,0.1259780079126358,0.019999999552965164,1.0642759811761318,0.07402302324771881,-0.08748884499073029,0.019999999552965164,2.2750199451045994,0.21465429761181615,1.2107439639284676,-0.36005236286642894,1,1,200,48.0,1,1,120,0,1,49,1,1,100,1,1,1,0.09289047867059708,-0.08652444928884506,0.059999845921993256,0.023991056615238496
/workspace/ripl/t2/nominal,best_eval_success_once.pt,rgb,1,0,1554,4,0.014087371528148651,0.11014968901872635,0.019999999552965164,1.9145386763558592,0.03434372693300247,-0.07884959131479263,0.019999999552965164,0.43556257833072465,0.1900816874422043,-1.478976098025134,0.09182022876976248,1,1,200,114.0,1,1,87,0,1,37,1,1,83,1,1,1,0.034304115921258926,-0.08007675409317017,0.06000564247369766,8.663602908638212e-07
/workspace/ripl/t2/nominal,best_eval_success_once.pt,rgb,1,0,1555,5,-0.016942523419857025,0.12877926230430603,0.019999999552965164,1.6538856084057472,-0.039718396961688995,-0.2004772424697876,0.019999999552965164,-2.68890578745523,0.3300433098119795,1.9403939113186093,0.3695975845237127,1,1,200,106.0,1,1,95,0,1,40,1,1,91,1,1,1,-0.04309535026550293,-0.19151096045970917,0.06000014394521713,7.721422420846543e-07
/workspace/ripl/t2/nominal,best_eval_success_once.pt,rgb,1,0,1556,6,0.06921934336423874,0.15889795124530792,0.019999999552965164,-2.6803710777519605,0.11692692339420319,0.023547440767288208,0.019999999552965164,2.548949192273002,0.14351227779871653,-1.0538650371546243,0.5169312896402722,1,1,200,107.0,1,1,94,0,1,46,1,1,90,1,1,1,0.10687395930290222,0.015107561834156513,0.05999249219894409,2.9243938147435184e-06
/workspace/ripl/t2/nominal,best_eval_success_once.pt,rgb,1,0,1557,7,0.034591153264045715,-0.1296476572751999,0.019999999552965164,2.805961435693379,-0.021811023354530334,-0.10533680021762848,0.019999999552965164,0.03523961302923251,0.06141842800159181,-2.7707218226641466,0.37087083092564654,0,0,200,0.0,0,0,-1,0,1,54,0,1,103,1,1,1,0.039194971323013306,-0.05617823451757431,0.019999904558062553,3.417968871774842e-05
/workspace/ripl/t2/nominal,best_eval_success_once.pt,rgb,1,0,1558,8,0.053102247416973114,-0.0013262555003166199,0.019999999552965164,-1.6008108468314317,0.12652282416820526,0.10769414156675339,0.019999999552965164,-3.124877993841838,0.1314383051745007,-1.5240671470104061,0.04672917978449043,1,1,200,108.0,1,1,93,0,1,38,1,1,82,1,1,1,0.12032069265842438,0.10837982594966888,0.059998027980327606,0.000309432536301331
/workspace/ripl/t2/nominal,best_eval_success_once.pt,rgb,1,0,1559,9,-0.004830189049243927,0.11029739677906036,0.019999999552965164,-0.16066677165622067,-0.03500773757696152,-0.12057790160179138,0.019999999552965164,1.1274223717641045,0.23283918879258722,1.2880891434203252,-0.28270718337457135,1,1,200,113.0,1,1,88,0,1,34,1,1,86,1,1,1,-0.03965819254517555,-0.13120333850383759,0.05999964103102684,3.627032628153608e-05
/workspace/ripl/t2/nominal,best_eval_success_once.pt,rgb,1,0,1560,0,0.148354634642601,-0.22898849844932556,0.019999999552965164,3.048856505883778,0.029946796596050262,-0.08836395293474197,0.019999999552965164,-1.085559680055443,0.18383601092289123,2.148769121240365,0.5779727944454685,1,0,200,10.0,0,1,183,1,1,104,1,1,182,0,1,1,0.03181162104010582,-0.1056172251701355,0.05986705422401428,0.0004850210076068508
/workspace/ripl/t2/nominal,best_eval_success_once.pt,rgb,1,0,1561,1,0.09535884857177734,0.07438962906599045,0.019999999552965164,1.1420011920094724,-0.023312687873840332,-0.13216784596443176,0.019999999552965164,0.22012773498707983,0.23822032670052962,-0.921873457022393,0.6489228697725036,1,1,200,98.0,1,1,103,0,1,47,1,1,101,1,1,1,-0.022671153768897057,-0.12787847220897675,0.05999859794974327,1.0682574412956527e-06
/workspace/ripl/t2/nominal,best_eval_success_once.pt,rgb,1,0,1562,2,-0.1578296422958374,-0.003519020974636078,0.019999999552965164,0.7278724496881592,-0.14173074066638947,0.2386472225189209,0.019999999552965164,1.5356260101850032,0.24270077074755111,0.807753560496844,-0.7630427662980526,1,1,200,85.0,1,1,116,0,1,51,1,1,109,1,1,1,-0.14100685715675354,0.23696184158325195,0.05999941751360893,0.000808257428075883
/workspace/ripl/t2/nominal,best_eval_success_once.pt,rgb,1,0,1563,3,-0.03586715832352638,-0.2531537413597107,0.019999999552965164,0.0015474631618319634,0.10082688927650452,-0.17157024145126343,0.019999999552965164,2.6811606908443406,0.15918897608374497,2.6796132276825086,-0.46197942590728447,0,0,200,0.0,0,0,-1,0,0,-1,0,0,-1,1,1,1,0.059803273528814316,-0.2866985499858856,0.02000001072883606,5.997601687162551e-07
/workspace/ripl/t2/nominal,best_eval_success_once.pt,rgb,1,0,1564,4,0.013480521738529205,-0.0972982719540596,0.019999999552965164,-3.048743314709223,0.12630771100521088,0.11099512130022049,0.019999999552965164,2.7525810874938332,0.23688839632029632,-0.48186090497653034,-0.48186090497653034,1,1,200,60.0,1,1,100,0,1,39,1,1,87,1,1,1,0.13218992948532104,0.09827368706464767,0.05999254807829857,0.0013991824866986682
/workspace/ripl/t2/nominal,best_eval_success_once.pt,rgb,1,0,1565,5,0.01833166927099228,0.06199149042367935,0.019999999552965164,2.4973401560888284,-0.05370147153735161,0.18787333369255066,0.019999999552965164,2.5744320378757495,0.14503451947547996,0.07709188178692106,0.07709188178692106,1,1,200,111.0,1,1,90,0,1,44,1,1,86,1,1,1,-0.05842239409685135,0.18647406995296478,0.05999693274497986,1.3664657309884575e-06
/workspace/ripl/t2/nominal,best_eval_success_once.pt,rgb,1,0,1566,6,0.1454411894083023,0.04592403024435043,0.019999999552965164,1.3608616894208376,-0.02288956195116043,0.07146339863538742,0.019999999552965164,0.4497814464542942,0.17025716193762414,-0.911080242966543,0.6597160838283536,1,1,200,81.0,1,1,120,0,1,49,1,1,113,1,1,1,-0.02179199829697609,0.05933380126953125,0.060001928359270096,1.0932632230840018e-06
/workspace/ripl/t2/nominal,best_eval_success_once.pt,rgb,1,0,1567,7,0.0040540508925914764,0.05693378299474716,0.019999999552965164,-0.22287875444659422,0.10515886545181274,-0.0590549036860466,0.019999999552965164,-0.22894700104678734,0.15386864191572586,-0.006068246600193117,-0.006068246600193117,1,1,200,94.0,1,1,96,0,1,40,1,1,89,1,1,1,0.1134716272354126,-0.07761454582214355,0.05999846011400223,1.1068315823259387e-05
/workspace/ripl/t2/nominal,best_eval_success_once.pt,rgb,1,0,1568,8,0.06747911870479584,-0.052629560232162476,0.019999999552965164,1.6576202806930405,0.06928697228431702,0.24990487098693848,0.019999999552965164,-0.6140387489372547,0.30253983276195207,-2.271659029630295,-0.7008627028353986,1,1,200,100.0,1,1,101,0,1,43,1,1,97,1,1,1,0.07398780435323715,0.24343466758728027,0.06000132113695145,3.440200203840493e-07
/workspace/ripl/t2/nominal,best_eval_success_once.pt,rgb,1,0,1569,9,0.07968411594629288,-0.048583924770355225,0.019999999552965164,0.48302792860706667,-0.01655164361000061,0.12637831270694733,0.019999999552965164,-2.7991867730836066,0.19968251290596467,3.000970605488913,-0.1406220481008802,1,1,200,102.0,1,1,99,0,1,43,1,1,96,1,1,1,-0.014214775525033474,0.12154337018728256,0.0600021593272686,1.2241176947320007e-05
/workspace/ripl/t2/nominal,best_eval_success_once.pt,rgb,1,0,1570,0,-0.06488468497991562,-0.030217669904232025,0.019999999552965164,-1.382584374891234,-0.13323421776294708,0.05680946260690689,0.019999999552965164,1.8080020952290863,0.1106588470244021,-3.092598837059266,0.048993816530527035,0,0,200,0.0,0,0,-1,1,1,45,0,0,-1,0,1,1,-0.10995571315288544,0.05693088099360466,0.03406281769275665,0.031795168081223624
/workspace/ripl/t2/nominal,best_eval_success_once.pt,rgb,1,0,1571,1,-0.09631547331809998,0.0380544438958168,0.019999999552965164,-2.386661318007018,-0.0002058669924736023,0.1465308964252472,0.019999999552965164,-1.4073450766932272,0.14492824839014873,0.979316241313791,-0.5914800854811055,1,1,200,101.0,1,1,100,0,1,41,1,1,95,1,1,1,-0.001297422219067812,0.15782421827316284,0.05999905616044998,0.0001271834336266552
/workspace/ripl/t2/nominal,best_eval_success_once.pt,rgb,1,0,1572,2,0.029579337686300278,0.18147605657577515,0.019999999552965164,-2.3633405420034235,-0.03026895597577095,0.15724754333496094,0.019999999552965164,1.882011341298618,0.06456654790308852,-2.0378334238775446,-0.46703709708264807,1,1,200,104.0,1,1,97,0,1,44,1,1,91,1,1,1,-0.027510324493050575,0.15771810710430145,0.059997882694005966,0.004511990483780363
/workspace/ripl/t2/nominal,best_eval_success_once.pt,rgb,1,0,1573,3,0.15957362949848175,0.10450965166091919,0.019999999552965164,0.6003565181334745,0.1919848918914795,-0.1911873072385788,0.019999999552965164,-1.224019424888393,0.29746795026072836,-1.8243759430218676,-0.253579616226971,0,0,200,0.0,0,0,-1,1,1,56,0,0,-1,0,1,1,0.1362188458442688,-0.22727692127227783,0.05115050822496414,2.159640462310864e-06
/workspace/ripl/t2/nominal,best_eval_success_once.pt,rgb,1,0,1574,4,0.0018063746392726898,-0.02192945033311844,0.019999999552965164,2.4758569508737627,0.041896458715200424,0.1144729033112526,0.019999999552965164,-0.06650525558371889,0.14217178665592908,-2.542362206457481,0.599230447132312,1,1,200,105.0,1,1,96,0,1,49,1,1,94,1,1,1,0.03947930037975311,0.12161767482757568,0.059995148330926895,5.426662485191269e-07
/workspace/ripl/t2/nominal,best_eval_success_once.pt,rgb,1,0,1575,5,-0.08144078403711319,0.18763139843940735,0.019999999552965164,-2.403988625550343,-0.008326821029186249,-0.012605749070644379,0.019999999552965164,-0.28132086422396174,0.21316793105363369,2.1226677613263814,0.5518714345314848,1,0,200,32.0,0,1,107,1,1,51,0,1,103,0,1,1,-0.0018272256711497903,0.009773598052561283,0.11245274543762207,0.0068152781676989
/workspace/ripl/t2/nominal,best_eval_success_once.pt,rgb,1,0,1576,6,-0.06889952719211578,0.03616895526647568,0.019999999552965164,1.5916812460568144,-0.00831284373998642,-0.05738069862127304,0.019999999552965164,-0.8947426955059603,0.11145530025192209,-2.4864239415627747,0.6551687120270184,0,0,200,0.0,0,0,-1,0,1,43,0,1,94,1,1,1,0.04688280075788498,-0.09831943362951279,0.01999995857477188,0.04001780181332234
/workspace/ripl/t2/nominal,best_eval_success_once.pt,rgb,1,0,1577,7,-0.03699253499507904,0.1333847939968109,0.019999999552965164,-3.1144064115350734,0.056160278618335724,0.06312122195959091,0.019999999552965164,-0.6799977261553343,0.11668083064293464,2.434408685379739,-0.707183968210054,1,1,200,107.0,1,1,94,0,1,41,1,1,86,1,1,1,0.06941040605306625,0.06525014340877533,0.05999603867530823,0.0003377064730119889
/workspace/ripl/t2/nominal,best_eval_success_once.pt,rgb,1,0,1578,8,0.003734588623046875,0.12548521161079407,0.019999999552965164,-2.0243842632082174,0.0009061992168426514,0.00012058019638061523,0.019999999552965164,-3.0556967826944836,0.12539653343017448,-1.0313125194862662,0.5394838073086303,1,1,200,115.0,1,1,86,0,1,39,1,1,82,1,1,1,-0.011531154625117779,0.00521642854437232,0.059998076409101486,2.605874544550377e-06
/workspace/ripl/t2/nominal,best_eval_success_once.pt,rgb,1,0,1579,9,0.01396634429693222,0.14424608647823334,0.019999999552965164,2.574371802813451,0.020233534276485443,0.00840236246585846,0.019999999552965164,-2.2661341554644796,0.13598821648874615,1.442679348901656,-0.1281169778932405,1,1,200,27.0,1,1,89,0,1,46,1,1,88,1,1,1,0.03505662456154823,0.02835603803396225,0.06000056862831116,0.01613829976298101
/workspace/ripl/t2/nominal,best_eval_success_once.pt,rgb,1,0,1580,0,-0.1068388968706131,0.09706120938062668,0.019999999552965164,1.6611996064623167,0.05700007826089859,-0.09916127473115921,0.019999999552965164,0.6110257686309448,0.25562956214636867,-1.0501738378313714,0.5206224889635251,1,1,200,85.0,1,1,116,0,1,42,1,1,103,1,1,1,0.04261656478047371,-0.09866003692150116,0.059992264956235886,0.0005713699284191366
/workspace/ripl/t2/nominal,best_eval_success_once.pt,rgb,1,0,1581,1,0.02764296531677246,-0.12642723321914673,0.019999999552965164,0.693507636057944,0.1677573174238205,-0.1797688752412796,0.019999999552965164,-3.0143669366166357,0.14992452247712917,2.575310734505006,-0.566281919084787,1,0,200,5.0,0,1,110,1,1,46,0,1,97,0,1,1,0.17084051668643951,-0.18421220779418945,0.042302489280700684,0.05000603427550489
/workspace/ripl/t2/nominal,best_eval_success_once.pt,rgb,1,0,1582,2,0.0176599882543087,0.025946542620658875,0.019999999552965164,1.1154115880265518,0.07272966206073761,0.12884265184402466,0.019999999552965164,-3.131765907295706,0.11670594786236606,2.0360078118573286,0.46521148506243204,1,1,200,107.0,1,1,94,0,1,41,1,1,90,1,1,1,0.0752379521727562,0.12100035697221756,0.05999872833490372,1.4975481660844222e-07
/workspace/ripl/t2/nominal,best_eval_success_once.pt,rgb,1,0,1583,3,-0.07835134863853455,-0.21756723523139954,0.019999999552965164,1.055397106382447,-0.07150646299123764,0.04200118035078049,0.019999999552965164,-1.2870343099286874,0.25965865059221094,-2.3424314163111344,-0.7716350895162378,0,0,200,0.0,0,0,-1,0,1,52,0,1,108,1,1,1,-0.10424526780843735,0.016794901341199875,0.01999996416270733,0.02152190951619752
/workspace/ripl/t2/nominal,best_eval_success_once.pt,rgb,1,0,1584,4,0.11566612124443054,0.09153884649276733,0.019999999552965164,1.4726951440948186,0.17683348059654236,0.07212331891059875,0.019999999552965164,-2.807270594293019,0.06417482809797256,2.0032195687917485,0.4324232419968519,0,0,200,0.0,0,0,-1,1,1,129,0,0,-1,0,1,1,0.17756254971027374,0.04120023548603058,0.1115012988448143,0.05979595553649156
/workspace/ripl/t2/nominal,best_eval_success_once.pt,rgb,1,0,1585,5,0.19346298277378082,-0.1101403757929802,0.019999999552965164,-1.236437697814809,0.0664592832326889,0.2034776210784912,0.019999999552965164,-0.4212859463933758,0.33835807609513063,0.8151517514214333,-0.7556445753734633,0,0,200,0.0,0,0,-1,0,0,-1,0,0,-1,1,1,1,0.19346261024475098,-0.11013951152563095,0.019999919459223747,6.488852611125411e-07
/workspace/ripl/t2/nominal,best_eval_success_once.pt,rgb,1,0,1586,6,0.036217592656612396,0.10956045985221863,0.019999999552965164,-2.269428476116551,-0.03162597119808197,-0.1946665644645691,0.019999999552965164,1.9566058476456072,0.3116999061295228,-2.0571509834174275,-0.48635465662253097,1,1,200,98.0,1,1,103,0,1,45,1,1,98,1,1,1,-0.039578232914209366,-0.1909937709569931,0.0599978007376194,2.0267770452403194e-07
/workspace/ripl/t2/nominal,best_eval_success_once.pt,rgb,1,0,1587,7,0.09379811584949493,0.15296173095703125,0.019999999552965164,-2.129943215158642,0.014034196734428406,0.024592868983745575,0.019999999552965164,0.6713771865172475,0.15113188782289244,2.8013204016758895,-0.34027225191390365,1,1,200,103.0,1,1,98,0,1,47,1,1,95,1,1,1,0.01929190568625927,0.011611327528953552,0.05999360978603363,4.00173390599975e-06
/workspace/ripl/t2/nominal,best_eval_success_once.pt,rgb,1,0,1588,8,0.004356104880571365,0.12385296076536179,0.019999999552965164,1.0604046971768293,-0.004966955631971359,0.22455060482025146,0.019999999552965164,-2.0461467255085655,0.10112830946636947,-3.1065514226853947,0.03504123090439837,1,1,200,117.0,1,1,84,0,1,44,1,1,81,1,1,1,-0.011017927899956703,0.21611766517162323,0.05999838188290596,2.9539028403670816e-06
/workspace/ripl/t2/nominal,best_eval_success_once.pt,rgb,1,0,1589,9,-0.033765919506549835,0.03768830746412277,0.019999999552965164,-1.3125179585162998,0.09655614197254181,0.23537197709083557,0.019999999552965164,-2.0007990359033183,0.23677557506052746,-0.6882810773870185,-0.6882810773870185,1,1,200,99.0,1,1,102,0,1,37,1,1,95,1,1,1,0.08700675517320633,0.23936815559864044,0.059995394200086594,2.992500445551598e-06
/workspace/ripl/t2/nominal,best_eval_success_once.pt,rgb,1,0,1590,0,-0.06546063721179962,-0.2709023952484131,0.019999999552965164,-2.6279164145590332,0.006830878555774689,-0.01274515688419342,0.019999999552965164,-0.5298426795638473,0.2680880880826561,2.098073734995186,0.5272774082002893,1,0,200,69.0,0,1,108,0,1,49,1,1,101,0,1,1,0.017226992174983025,-0.0063338931649923325,0.05999807268381119,0.0007622326555318247
/workspace/ripl/t2/nominal,best_eval_success_once.pt,rgb,1,0,1591,1,-0.012514330446720123,0.17297163605690002,0.019999999552965164,-1.5448596702051383,-0.059388887137174606,-0.04796592891216278,0.019999999552965164,2.179917737338636,0.22585533351990048,-2.558407899635812,0.5831847539539812,1,1,200,87.0,1,1,98,0,1,48,1,1,97,1,1,1,-0.07473544776439667,-0.03862515836954117,0.06000074744224548,4.1882586602523795e-05
/workspace/ripl/t2/nominal,best_eval_success_once.pt,rgb,1,0,1592,2,-0.001532815396785736,0.0016361996531486511,0.019999999552965164,1.3692912844749916,0.005659021437168121,0.08033391088247299,0.019999999552965164,1.1347795703706476,0.07902564311525935,-0.23451171410434402,-0.23451171410434402,1,1,200,123.0,1,1,78,0,1,38,1,1,75,1,1,1,0.007900910452008247,0.0666474923491478,0.059999749064445496,0.000423607284989394
/workspace/ripl/t2/nominal,best_eval_success_once.pt,rgb,1,0,1593,3,0.09575727581977844,-0.16893377900123596,0.019999999552965164,1.9341482513280042,0.05360904335975647,-0.22448386251926422,0.019999999552965164,-0.04439670246377636,0.06973008875918606,-1.978544953791781,-0.4077486269968844,0,0,200,0.0,0,0,-1,1,1,50,0,0,-1,0,1,1,0.08673697710037231,-0.14423727989196777,0.020404361188411713,0.0006164000633797352
/workspace/ripl/t2/nominal,best_eval_success_once.pt,rgb,1,0,1594,4,0.00897328183054924,-0.028819262981414795,0.019999999552965164,-2.7565663229522475,0.11510568857192993,-0.1899532675743103,0.019999999552965164,-0.4881346963364557,0.19294624950193032,2.268431626615792,0.6976352998208952,1,1,200,104.0,1,1,97,0,1,38,1,1,89,1,1,1,0.1165594756603241,-0.1889992356300354,0.060001421719789505,8.318332165149627e-07
/workspace/ripl/t2/nominal,best_eval_success_once.pt,rgb,1,0,1595,5,0.08268360793590546,0.06250546127557755,0.019999999552965164,2.7346201300241217,0.04851798713207245,0.21694263815879822,0.019999999552965164,3.0774209575975493,0.15817120865875212,0.34280082757342756,0.34280082757342756,1,0,200,4.0,0,1,94,1,1,45,0,1,88,0,1,1,0.05096821486949921,0.2297517955303192,0.022634433582425117,0.0439170139283291
/workspace/ripl/t2/nominal,best_eval_success_once.pt,rgb,1,0,1596,6,0.12394434213638306,-0.006692364811897278,0.019999999552965164,1.0910123389296569,0.17031016945838928,0.16007289290428162,0.019999999552965164,-1.3777955248313845,0.17309084644890285,-2.4688078637610413,0.6727847898287518,1,1,200,94.0,1,1,107,0,1,47,1,1,98,1,1,1,0.16290780901908875,0.16555073857307434,0.0599958635866642,9.820306146502745e-06
/workspace/ripl/t2/nominal,best_eval_success_once.pt,rgb,1,0,1597,7,-0.07158222794532776,-0.0027507543563842773,0.019999999552965164,-3.139583412974602,-0.041888415813446045,0.11795461177825928,0.019999999552965164,-0.047105137728455926,0.12430409443225046,3.092478275246146,-0.04911437834364696,1,0,200,104.0,0,1,90,1,1,40,1,1,88,0,1,1,-0.020155897364020348,0.12817198038101196,0.0597502775490284,0.000928287926249807
/workspace/ripl/t2/nominal,best_eval_success_once.pt,rgb,1,0,1598,8,-0.1820051074028015,0.1645589917898178,0.019999999552965164,2.1373085562518046,-0.06929974257946014,0.13355426490306854,0.019999999552965164,-1.0151294397765813,0.11689222535859425,3.1307473111512003,-0.010845342438592809,1,1,200,87.0,1,1,114,0,1,58,1,1,109,1,1,1,-0.0669371485710144,0.12309401482343674,0.0599953755736351,0.00016276143721126156
/workspace/ripl/t2/nominal,best_eval_success_once.pt,rgb,1,0,1599,9,0.1192627102136612,0.28089404106140137,0.019999999552965164,1.5040089381852901,0.09530137479305267,0.031852029263973236,0.019999999552965164,-2.9545591573673775,0.250192064692806,1.8246172116269186,0.25382088483202203,0,0,200,0.0,0,0,-1,1,1,91,0,1,156,0,1,1,0.06259231269359589,-0.016632935032248497,0.02193310298025608,0.0021242186393851024
/workspace/ripl/t2/nominal,best_eval_success_once.pt,rgb,1,0,1600,0,-0.09610353410243988,-0.1887008249759674,0.019999999552965164,-0.051710433629748476,-0.055344358086586,-0.26031410694122314,0.019999999552965164,0.28741355443580874,0.08240007635510165,0.3391239880655572,0.3391239880655572,0,0,200,0.0,0,0,-1,0,1,40,0,1,84,1,1,1,0.043352045118808746,-0.22419193387031555,0.019999904558062553,0.07101532387280492
/workspace/ripl/t2/nominal,best_eval_success_once.pt,rgb,1,0,1601,1,0.09451734274625778,0.1676114797592163,0.019999999552965164,-1.5536335157096524,-0.0027636662125587463,-0.09009233117103577,0.019999999552965164,1.3071369343375814,0.27545389609156096,2.8607704500472337,-0.2808222035425594,1,1,200,101.0,1,1,100,0,1,45,1,1,99,1,1,1,-0.010131978429853916,-0.0900740846991539,0.05999870225787163,1.2442900265104192e-06
/workspace/ripl/t2/nominal,best_eval_success_once.pt,rgb,1,0,1602,2,0.05954582989215851,0.11992377042770386,0.019999999552965164,-2.2338079948153364,0.07015432417392731,-0.13140399754047394,0.019999999552965164,-1.5726158413726328,0.2515515595316247,0.6611921534427037,0.6611921534427037,1,1,200,69.0,1,1,132,0,1,47,1,1,90,1,1,1,0.05870915576815605,-0.12192189693450928,0.059998370707035065,0.0003934029668449325
/workspace/ripl/t2/nominal,best_eval_success_once.pt,rgb,1,0,1603,3,0.04147060960531235,0.010639436542987823,0.019999999552965164,1.7395231515825635,0.024893544614315033,-0.0480317696928978,0.019999999552965164,2.724474189730498,0.06096810252000281,0.9849510381479343,-0.5858452886469623,1,1,200,115.0,1,1,86,0,1,42,1,1,85,1,1,1,0.037048108875751495,-0.05925266444683075,0.05999421328306198,9.610389804604434e-06
/workspace/ripl/t2/nominal,best_eval_success_once.pt,rgb,1,0,1604,4,-0.0350520983338356,-0.061476659029722214,0.019999999552965164,-1.4722898876023534,0.039232492446899414,-0.14925234019756317,0.019999999552965164,0.8857222848808908,0.11499030668686701,2.358012172483244,-0.783580481106549,0,0,200,0.0,0,0,-1,0,1,47,0,1,96,1,1,1,0.08234386146068573,-0.06522003561258316,0.01999993622303009,4.609292217241405e-06
/workspace/ripl/t2/nominal,best_eval_success_once.pt,rgb,1,0,1605,5,0.028729312121868134,-0.22719714045524597,0.019999999552965164,-1.5493058525329575,-0.011800698935985565,0.05623951554298401,0.019999999552965164,-1.154791646310251,0.28631978583361767,0.3945142062227065,0.3945142062227065,1,1,200,93.0,1,1,108,0,1,51,1,1,107,1,1,1,-0.02028157189488411,0.058482613414525986,0.05999883636832237,9.006158961905823e-07
/workspace/ripl/t2/nominal,best_eval_success_once.pt,rgb,1,0,1606,6,-0.10113643109798431,-0.020480647683143616,0.019999999552965164,-3.0403226078927172,0.07188457995653152,-0.011787816882133484,0.019999999552965164,0.06005894733585837,0.1732392437459304,3.1003815552285756,-0.0412110983612175,1,1,200,92.0,1,1,109,0,1,43,1,1,95,1,1,1,0.06770504266023636,-0.01730583794414997,0.0599997341632843,0.000286088852250124
/workspace/ripl/t2/nominal,best_eval_success_once.pt,rgb,1,0,1607,7,-0.07108371704816818,-0.026979945600032806,0.019999999552965164,-1.2696607300563567,-0.0788719430565834,0.18802589178085327,0.019999999552965164,2.479245682995448,0.2151468488549488,-2.534278894127782,0.607313759462011,1,1,200,102.0,1,1,99,0,1,46,1,1,94,1,1,1,-0.0881006047129631,0.18731583654880524,0.05999821424484253,1.6783001294837742e-06
/workspace/ripl/t2/nominal,best_eval_success_once.pt,rgb,1,0,1608,8,0.1364925056695938,0.0526723638176918,0.019999999552965164,-0.872426377958921,-0.0007674433290958405,-0.12511181831359863,0.019999999552965164,-0.6045444664049571,0.22460522926952242,0.2678819115539639,0.2678819115539639,1,1,200,92.0,1,1,109,0,1,49,1,1,102,1,1,1,0.006117449142038822,-0.1283525824546814,0.05999809131026268,2.2793229170864032e-06
/workspace/ripl/t2/nominal,best_eval_success_once.pt,rgb,1,0,1609,9,0.007133863866329193,-0.02802351862192154,0.019999999552965164,0.48711230054014587,-0.15165048837661743,0.07194223254919052,0.019999999552965164,1.0480962429409706,0.18763161227367003,0.5609839424008247,0.5609839424008247,1,1,200,97.0,1,1,104,0,1,46,1,1,101,1,1,1,-0.1493874043226242,0.07796047627925873,0.05999921262264252,1.0553736238350825e-05
/workspace/ripl/t2/nominal,best_eval_success_once.pt,rgb,1,0,1610,0,-0.05590912327170372,-0.16151052713394165,0.019999999552965164,0.93232176934904,-0.03663342446088791,0.08912541717290878,0.019999999552965164,-0.9732430680131481,0.2513760711428833,-1.9055648373621885,-0.33476851056729195,0,0,200,0.0,0,0,-1,0,1,45,0,0,-1,1,1,1,-0.05821530520915985,-0.18614256381988525,0.01999993808567524,1.4011697839247404e-06
/workspace/ripl/t2/nominal,best_eval_success_once.pt,rgb,1,0,1611,1,-0.1411600410938263,0.18059265613555908,0.019999999552965164,0.8484768141436669,-0.032872021198272705,0.19583961367607117,0.019999999552965164,-2.7612956645095963,0.10935613822343028,2.673412828526323,-0.4681798250634701,1,1,200,83.0,1,1,118,0,1,59,1,1,110,1,1,1,-0.035887956619262695,0.18783950805664062,0.059996020048856735,0.0007324061025246367
/workspace/ripl/t2/nominal,best_eval_success_once.pt,rgb,1,0,1612,2,0.020363129675388336,0.17490822076797485,0.019999999552965164,-1.3938081642620483,0.10518509149551392,-0.11833412200212479,0.019999999552965164,-1.407185294209091,0.30526355301658836,-0.013377129947042654,-0.013377129947042654,1,1,200,105.0,1,1,96,0,1,38,1,1,89,1,1,1,0.10246673971414566,-0.12327016890048981,0.060001667588949203,3.9796144846301204e-07
/workspace/ripl/t2/nominal,best_eval_success_once.pt,rgb,1,0,1613,3,-0.07909976691007614,0.07889314740896225,0.019999999552965164,1.0966936264071814,0.011524301022291183,0.168594628572464,0.019999999552965164,-1.5836623771282952,0.12751108740629727,-2.6803560035354765,0.4612366500543166,1,1,200,88.0,1,1,101,0,1,42,1,1,92,1,1,1,0.014020540751516819,0.17527012526988983,0.05999955162405968,0.003854763681356646
/workspace/ripl/t2/nominal,best_eval_success_once.pt,rgb,1,0,1614,4,-0.009333126246929169,-0.12611326575279236,0.019999999552965164,-0.04512674060075028,-0.03878895193338394,-0.03587005287408829,0.019999999552965164,-0.17184335473572032,0.09492883196132727,-0.12671661413497004,-0.12671661413497004,1,1,200,113.0,1,1,88,0,1,45,1,1,87,1,1,1,-0.03072330541908741,-0.025260185822844505,0.059994280338287354,4.497468473995651e-06
/workspace/ripl/t2/nominal,best_eval_success_once.pt,rgb,1,0,1615,5,0.1340646594762802,0.12277337163686752,0.019999999552965164,-2.3357194582303276,0.06773626059293747,0.19502988457679749,0.019999999552965164,2.510043676209145,0.09808394445915238,-1.4374221727401135,0.13337415405478303,1,1,200,100.0,1,1,101,0,1,51,1,1,97,1,1,1,0.06043513864278793,0.1866311877965927,0.05999403074383736,4.366097443778608e-06
/workspace/ripl/t2/nominal,best_eval_success_once.pt,rgb,1,0,1616,6,0.10590861737728119,0.25722959637641907,0.019999999552965164,1.7489463901763245,0.06043984740972519,-0.044861696660518646,0.019999999552965164,-3.0412774631876864,0.30549395799441187,1.4929614538155755,-0.07783487297932101,0,0,200,0.0,0,0,-1,1,1,51,0,1,106,0,1,1,0.09190648049116135,-0.0016204098938032985,0.06963293254375458,6.615013203427107e-06
/workspace/ripl/t2/nominal,best_eval_success_once.pt,rgb,1,0,1617,7,0.010671064257621765,0.0008871108293533325,0.019999999552965164,3.071226117633024,-0.018260229378938675,-0.1754855215549469,0.019999999552965164,2.383816876190349,0.1787297546735081,-0.6874092414426749,-0.6874092414426749,0,0,200,0.0,0,0,-1,0,1,38,0,1,92,1,1,1,0.012802915647625923,-0.25720277428627014,0.020000023767352104,0.11732652495324121
/workspace/ripl/t2/nominal,best_eval_success_once.pt,rgb,1,0,1618,8,0.0009180903434753418,0.2304912805557251,0.019999999552965164,0.5568789227131532,0.12057602405548096,0.2519223988056183,0.019999999552965164,2.792322910133399,0.12156197567359472,2.2354439874202456,0.6646476606253491,0,0,200,0.0,0,0,-1,0,1,38,0,1,99,1,1,1,0.09222178906202316,0.17707891762256622,0.01999991200864315,2.0048305195337747e-05
/workspace/ripl/t2/nominal,best_eval_success_once.pt,rgb,1,0,1619,9,-0.12635445594787598,-0.23320287466049194,0.019999999552965164,-0.34230407770326243,-0.14348077774047852,0.10167372226715088,0.019999999552965164,1.0388544476136485,0.3353142497240204,1.381158525316911,-0.1896378014779856,1,1,200,80.0,1,1,121,0,1,59,1,1,116,1,1,1,-0.1451699137687683,0.10024727135896683,0.0600011870265007,1.308017275152969e-06
/workspace/ripl/t2/nominal,best_eval_success_once.pt,rgb,1,0,1620,0,-0.0778215155005455,0.06332570314407349,0.019999999552965164,-1.6392719251296706,0.04325017333030701,-0.13032284379005432,0.019999999552965164,0.912285241737516,0.22838150880939087,2.5515571668671866,-0.5900354867226065,1,1,200,94.0,1,1,107,0,1,44,1,1,98,1,1,1,0.043778080493211746,-0.14258812367916107,0.059997957199811935,0.0004614341746602343
/workspace/ripl/t2/nominal,best_eval_success_once.pt,rgb,1,0,1621,1,-0.02892838791012764,-0.05638710409402847,0.019999999552965164,2.6330822307987307,-0.005240000784397125,0.14925512671470642,0.019999999552965164,0.43060407534527734,0.20700209365272484,-2.202478155453454,-0.6316818286585573,1,0,200,85.0,0,1,91,1,1,39,1,1,86,0,1,1,-0.0008823768584989011,0.1583915799856186,0.05988598242402077,0.004627041181657994
/workspace/ripl/t2/nominal,best_eval_success_once.pt,rgb,1,0,1622,2,-0.003254912793636322,0.1272205412387848,0.019999999552965164,-0.0762618212269941,-0.05259021371603012,0.25417134165763855,0.019999999552965164,0.5018139357596185,0.1362001381940958,0.5780757569866126,0.5780757569866126,0,0,200,0.0,0,0,-1,0,1,53,0,1,92,1,1,1,-0.03551202267408371,0.18504393100738525,0.01999996416270733,0.031167418076720774
/workspace/ripl/t2/nominal,best_eval_success_once.pt,rgb,1,0,1623,3,-0.17163480818271637,-0.020315058529376984,0.019999999552965164,-1.9486202279494114,-0.004884488880634308,0.15178367495536804,0.019999999552965164,0.2689754374039248,0.2396323080354559,2.217595665353336,0.6467993385584396,1,1,200,88.0,1,1,113,0,1,52,1,1,106,1,1,1,-0.015792449936270714,0.15336236357688904,0.059997133910655975,0.0004499004785443298
/workspace/ripl/t2/nominal,best_eval_success_once.pt,rgb,1,0,1624,4,-0.04953881353139877,0.15194988250732422,0.019999999552965164,2.0110703874961438,0.003051765263080597,-0.2297864854335785,0.019999999552965164,-1.610435805691635,0.3853419566912622,2.6616791139918075,-0.47991353959798566,1,0,200,20.0,0,1,122,0,1,39,1,1,89,0,1,1,-0.008006671443581581,-0.24861720204353333,0.06000136956572533,0.0022743861226349263
/workspace/ripl/t2/nominal,best_eval_success_once.pt,rgb,1,0,1625,5,-0.014964118599891663,-0.21078424155712128,0.019999999552965164,-1.8020550983916888,-0.07193710654973984,0.0070893168449401855,0.019999999552965164,1.2517107782890937,0.22519948669282094,3.0537658766807825,-0.08782677690901064,1,1,200,50.0,1,1,137,0,1,81,1,1,136,1,1,1,-0.08027810603380203,-0.0032145630102604628,0.05999796837568283,0.000413713901144328
/workspace/ripl/t2/nominal,best_eval_success_once.pt,rgb,1,0,1626,6,-0.0034376271069049835,0.025327123701572418,0.019999999552965164,1.9286375270179767,0.06396213918924332,-0.10580068081617355,0.019999999552965164,2.5947825848644683,0.1474355100185149,0.6661450578464914,0.6661450578464914,1,1,200,104.0,1,1,97,0,1,43,1,1,92,1,1,1,0.07028104364871979,-0.1034085676074028,0.05999799072742462,4.881108721444312e-05
/workspace/ripl/t2/nominal,best_eval_success_once.pt,rgb,1,0,1627,7,-0.0171072855591774,-0.053094372153282166,0.019999999552965164,0.3471212100716867,-0.08150678873062134,0.009670384228229523,0.019999999552965164,-1.0077779493427803,0.08992613998365175,-1.354899159414467,0.21589716738042952,1,1,200,105.0,1,1,96,0,1,48,1,1,95,1,1,1,-0.0847380980849266,0.008918591775000095,0.05999911576509476,1.119941244234761e-06
/workspace/ripl/t2/nominal,best_eval_success_once.pt,rgb,1,0,1628,8,-0.00884198397397995,-0.08119405061006546,0.019999999552965164,0.7853341522009334,0.07899030297994614,-0.09961653500795364,0.019999999552965164,1.586973962352399,0.08974351543675592,0.8016398101514657,-0.7691565166434309,1,1,200,105.0,1,1,96,0,1,42,1,1,95,1,1,1,0.07351624965667725,-0.09146330505609512,0.05999823659658432,4.713217557905165e-05
/workspace/ripl/t2/nominal,best_eval_success_once.pt,rgb,1,0,1629,9,0.08053840696811676,0.12822994589805603,0.019999999552965164,-0.6979020529497015,0.046401605010032654,0.2622561454772949,0.019999999552965164,1.0430267478265751,0.13830525449735967,1.7409288007762767,0.1701324739813801,1,1,200,113.0,1,1,88,0,1,43,1,1,83,1,1,1,0.03391634300351143,0.2579897344112396,0.06000209599733353,1.2481446022613003e-06
/workspace/ripl/t2/nominal,best_eval_success_once.pt,rgb,1,0,1630,0,-0.09617912024259567,0.1627253293991089,0.019999999552965164,-3.0791977055784727,-0.10838688910007477,0.0905817374587059,0.019999999552965164,2.6756611993406576,0.0731691702736953,-0.5283264022604559,-0.5283264022604559,1,1,200,116.0,1,1,85,0,1,40,1,1,82,1,1,1,-0.10181532055139542,0.08435286581516266,0.05999891459941864,1.255969897942882e-06
/workspace/ripl/t2/nominal,best_eval_success_once.pt,rgb,1,0,1631,1,-0.10119327157735825,-0.10475936532020569,0.019999999552965164,-1.797568816956625,0.02811843901872635,-0.11419506371021271,0.019999999552965164,-3.017026973249024,0.12965550856555505,-1.219458156292399,0.3513381705024976,1,0,200,29.0,0,1,104,0,1,48,0,1,96,1,1,1,0.037928011268377304,-0.06226375326514244,0.01999991573393345,0.010056390638694087
/workspace/ripl/t2/nominal,best_eval_success_once.pt,rgb,1,0,1632,2,0.0607726126909256,-0.12475929409265518,0.019999999552965164,-0.15908748681521523,0.0990985557436943,0.16928806900978088,0.019999999552965164,2.0127125419573564,0.2965345336691495,2.1718000287725716,0.601003701977675,1,1,200,98.0,1,1,103,0,1,45,1,1,98,1,1,1,0.1044059544801712,0.16818870604038239,0.06000145897269249,9.477185378168729e-07
/workspace/ripl/t2/nominal,best_eval_success_once.pt,rgb,1,0,1633,3,0.11153070628643036,0.22309893369674683,0.019999999552965164,-2.791064654523627,-0.04042038321495056,0.028375141322612762,0.019999999552965164,-2.2060806084707023,0.24699491678417504,0.5849840460529245,0.5849840460529245,0,0,200,0.0,0,0,-1,0,1,55,0,0,-1,1,1,1,-0.007978091016411781,-0.028516186401247978,0.019999921321868896,5.064648275041284e-07
/workspace/ripl/t2/nominal,best_eval_success_once.pt,rgb,1,0,1634,4,-0.07846131175756454,-0.20841345191001892,0.019999999552965164,0.8827587755302444,-0.0973297655582428,0.07829688489437103,0.019999999552965164,-0.857635307396392,0.28733053401842806,-1.7403940829266364,-0.16959775613173989,1,1,200,92.0,1,1,109,0,1,50,1,1,104,1,1,1,-0.09275492280721664,0.07441500574350357,0.05999920144677162,8.335664820286707e-07
/workspace/ripl/t2/nominal,best_eval_success_once.pt,rgb,1,0,1635,5,0.05912487953901291,-0.12759947776794434,0.019999999552965164,0.4121157787588974,-0.028858661651611328,-0.172224760055542,0.019999999552965164,2.912651323438738,0.09865353181559214,2.5005355446798405,-0.6410571089099526,0,0,200,0.0,0,0,-1,1,1,46,0,1,91,0,1,1,0.020292913541197777,-0.09440140426158905,0.04178187623620033,0.0001956122033091919
/workspace/ripl/t2/nominal,best_eval_success_once.pt,rgb,1,0,1636,6,-0.033900413662195206,0.044406138360500336,0.019999999552965164,2.9341187316971786,0.02793208509683609,-0.09154393523931503,0.019999999552965164,-0.2745660045112941,0.14935086345442006,3.0745005709711135,-0.0670920826186796,1,0,200,1.0,0,1,101,0,1,47,0,1,93,1,1,1,0.05868692696094513,-0.11935257166624069,0.052586134523153305,0.0008466679697582078
/workspace/ripl/t2/nominal,best_eval_success_once.pt,rgb,1,0,1637,7,-0.008184947073459625,0.07814057916402817,0.019999999552965164,-0.7992727995490525,-0.09533437341451645,-0.053003884851932526,0.019999999552965164,0.8883887136237392,0.1574607663947083,1.6876615131727917,0.11686518637789511,1,1,200,106.0,1,1,95,0,1,42,1,1,94,1,1,1,-0.10805029422044754,-0.05153951048851013,0.05999664217233658,2.6677864793419217e-06
/workspace/ripl/t2/nominal,best_eval_success_once.pt,rgb,1,0,1638,8,0.13024838268756866,-0.26341867446899414,0.019999999552965164,-2.077530827935096,0.07373898476362228,-0.22527936100959778,0.019999999552965164,2.61742045810065,0.0681756502343836,-1.5882340211438404,-0.017437694348943822,0,0,200,0.0,0,0,-1,0,1,131,0,0,-1,1,1,1,0.12048514932394028,-0.27946963906288147,0.019999941810965538,0.0010248582557424867
/workspace/ripl/t2/nominal,best_eval_success_once.pt,rgb,1,0,1639,9,0.011850222945213318,-0.1613164246082306,0.019999999552965164,-2.6143675756072717,0.0424376055598259,0.22406339645385742,0.019999999552965164,-0.5812023016172625,0.38659176718737776,2.0331652739900092,0.4623689471951127,1,1,200,101.0,1,1,100,0,1,44,1,1,96,1,1,1,0.04370070993900299,0.2135685831308365,0.06000276654958725,1.6116046728636335e-06
/workspace/ripl/t2/nominal,best_eval_success_once.pt,rgb,1,0,1640,0,0.0379001647233963,-0.06999413669109344,0.019999999552965164,-1.1696011980183805,0.0920436829328537,0.015984155237674713,0.019999999552965164,-0.5451724624866108,0.10160603942230169,0.6244287355317697,0.6244287355317697,1,1,200,110.0,1,1,91,0,1,42,1,1,86,1,1,1,0.08289052546024323,0.018232999369502068,0.060004524886608124,0.0005812122856856862
/workspace/ripl/t2/nominal,best_eval_success_once.pt,rgb,1,0,1641,1,0.003938660025596619,0.08633130043745041,0.019999999552965164,2.738094306134191,-0.011939004063606262,-0.14470016956329346,0.019999999552965164,-2.772148160177684,0.23157642442104112,0.7729428408677101,0.7729428408677101,0,0,200,0.0,0,0,-1,0,1,45,0,0,-1,0,1,1,-0.028957679867744446,-0.19946181774139404,0.02101215533912182,0.00341876975634756
/workspace/ripl/t2/nominal,best_eval_success_once.pt,rgb,1,0,1642,2,0.016112159937620163,-0.1905379444360733,0.019999999552965164,1.2178881059075377,-0.05958359315991402,-0.26676440238952637,0.019999999552965164,-0.3319457206670404,0.10742588109544368,-1.5498338265745781,0.020962500220318425,1,0,200,13.0,0,1,83,0,1,39,0,1,80,1,1,1,-0.025463154539465904,-0.20175546407699585,0.019999822601675987,0.021480003638206104
/workspace/ripl/t2/nominal,best_eval_success_once.pt,rgb,1,0,1643,3,-0.045050300657749176,0.014984481036663055,0.019999999552965164,2.2765942487819557,-0.015010938048362732,0.123142309486866,0.019999999552965164,1.036110711322495,0.11225185593584515,-1.2404835374594612,0.3303127893354354,1,1,200,108.0,1,1,93,0,1,43,1,1,86,1,1,1,-0.016764594241976738,0.12485180795192719,0.05999920889735222,3.3163632840904796e-05
/workspace/ripl/t2/nominal,best_eval_success_once.pt,rgb,1,0,1644,4,-0.04479070007801056,-0.13274335861206055,0.019999999552965164,2.0928382886025862,-0.12601588666439056,-0.10810308158397675,0.019999999552965164,0.219642764602201,0.08488035219067461,-1.8731955240003852,-0.3023991972054887,0,0,200,0.0,0,0,-1,1,1,44,0,0,-1,0,1,1,-0.037325307726860046,-0.027280017733573914,0.040867798030376434,0.0018990248664024333
/workspace/ripl/t2/nominal,best_eval_success_once.pt,rgb,1,0,1645,5,-0.041861582547426224,0.17314252257347107,0.019999999552965164,-1.6900384500260284,-0.0589628629386425,0.01198374480009079,0.019999999552965164,-0.3351376638849213,0.16206358457231768,1.354900786141107,-0.21589554065378946,1,1,200,104.0,1,1,97,0,1,55,1,1,93,1,1,1,-0.04852534830570221,0.013924720697104931,0.059997472912073135,2.011722513193304e-06
/workspace/ripl/t2/nominal,best_eval_success_once.pt,rgb,1,0,1646,6,-0.05265001207590103,0.09765118360519409,0.019999999552965164,-0.04185229953500125,-0.00916248932480812,-0.22814017534255981,0.019999999552965164,1.4440395016523138,0.3286809611158685,1.485891801187315,-0.08490452560758155,1,1,200,98.0,1,1,103,0,1,44,1,1,97,1,1,1,-0.018117191269993782,-0.23972027003765106,0.059999171644449234,0.0006784635857087725
/workspace/ripl/t2/nominal,best_eval_success_once.pt,rgb,1,0,1647,7,0.09338755905628204,0.14537152647972107,0.019999999552965164,2.7434554972057112,0.17740462720394135,-0.031915947794914246,0.019999999552965164,-0.6056230590700675,0.1961879615950171,2.9341067509038075,-0.20748590268598566,1,1,200,99.0,1,1,102,0,1,44,1,1,94,1,1,1,0.17013977468013763,-0.03068218007683754,0.060000378638505936,3.8404834177672484e-07
/workspace/ripl/t2/nominal,best_eval_success_once.pt,rgb,1,0,1648,8,-0.03953307121992111,-0.051373034715652466,0.019999999552965164,-0.05019933147336264,-0.04112931340932846,0.09126453101634979,0.019999999552965164,0.6537009514952921,0.14264649714268665,0.7039002829686547,0.7039002829686547,1,1,200,109.0,1,1,92,0,1,46,1,1,89,1,1,1,-0.037383127957582474,0.08426882326602936,0.060002975165843964,8.534086384341927e-07
/workspace/ripl/t2/nominal,best_eval_success_once.pt,rgb,1,0,1649,9,0.029836498200893402,0.1811600625514984,0.019999999552965164,-2.9093461745602855,-0.05133536085486412,-0.12359941750764847,0.019999999552965164,-0.41009836383338216,0.31538422818601647,2.4992478107269034,-0.6423448428628897,1,1,200,98.0,1,1,103,0,1,41,1,1,99,1,1,1,-0.06603476405143738,-0.1278984099626541,0.059997912496328354,4.4333208451555115e-06
/workspace/ripl/t2/nominal,best_eval_success_once.pt,rgb,1,0,1650,0,-0.031931452453136444,0.027961842715740204,0.019999999552965164,-2.3400230793959675,0.04880071431398392,-0.11367424577474594,0.019999999552965164,1.8682052570497016,0.16302902905249406,-2.0749569707339166,-0.50416064393902,1,1,200,102.0,1,1,99,0,1,41,1,1,90,1,1,1,0.05171189084649086,-0.11585327982902527,0.059998445212841034,0.00022161906748309398
/workspace/ripl/t2/nominal,best_eval_success_once.pt,rgb,1,0,1651,1,0.11210298538208008,0.08053454756736755,0.019999999552965164,1.6435479974767755,-0.00414719432592392,0.008645236492156982,0.019999999552965164,0.7027145434014113,0.13668276163807788,-0.9408334540753645,0.6299628727195321,1,1,200,93.0,1,1,108,0,1,48,1,1,107,1,1,1,-0.00526717072352767,0.0023696988355368376,0.060003720223903656,7.441552940204727e-07
/workspace/ripl/t2/nominal,best_eval_success_once.pt,rgb,1,0,1652,2,-0.0041390880942344666,-0.05032537132501602,0.019999999552965164,1.2126403164324069,-0.0865115076303482,0.2548282742500305,0.019999999552965164,-0.09797221339288509,0.31607588156639643,-1.310612529825292,0.2601837969696046,1,1,200,110.0,1,1,91,0,1,35,1,1,90,1,1,1,-0.09179374575614929,0.2475186288356781,0.059999555349349976,5.434839792500998e-07
/workspace/ripl/t2/nominal,best_eval_success_once.pt,rgb,1,0,1653,3,0.09949707984924316,-0.04625854641199112,0.019999999552965164,0.3351373724640445,0.12238000333309174,0.013984180986881256,0.019999999552965164,0.3260012444163811,0.06444233384680072,-0.009136128047663394,-0.009136128047663394,0,0,200,0.0,0,0,-1,0,1,44,0,1,87,1,1,1,0.08662687987089157,-0.052222829312086105,0.019999941810965538,0.0215594916573715
/workspace/ripl/t2/nominal,best_eval_success_once.pt,rgb,1,0,1654,4,-0.08216319233179092,0.0752561017870903,0.019999999552965164,-2.5831456842462153,-0.13331004977226257,-0.1728152483701706,0.019999999552965164,-0.8891981085672409,0.2532891545149185,1.6939475756789744,0.1231512488840778,1,1,200,95.0,1,1,106,0,1,44,1,1,100,1,1,1,-0.14497560262680054,-0.18057110905647278,0.059996508061885834,1.1399475966845834e-05
/workspace/ripl/t2/nominal,best_eval_success_once.pt,rgb,1,0,1655,5,-0.009850561618804932,0.03859725594520569,0.019999999552965164,0.7040878434007332,0.10892634838819504,0.11786496639251709,0.019999999552965164,2.956636923154578,0.14279819421256618,2.252549079753845,0.6817527529589484,1,1,200,91.0,1,1,110,0,1,51,1,1,104,1,1,1,0.09976129233837128,0.11208158731460571,0.05999892204999924,4.919640427595132e-07
/workspace/ripl/t2/nominal,best_eval_success_once.pt,rgb,1,0,1656,6,0.01671764627099037,0.12103353440761566,0.019999999552965164,-1.2742899260732248,0.09812624752521515,-0.13423646986484528,0.019999999552965164,0.026451808060274473,0.2679368124006696,1.3007417341334992,-0.2700545926613973,1,1,200,102.0,1,1,99,0,1,37,1,1,94,1,1,1,0.10277082026004791,-0.13545353710651398,0.06000266224145889,7.003545761108398e-07
/workspace/ripl/t2/nominal,best_eval_success_once.pt,rgb,1,0,1657,7,0.086872898042202,-0.0811728835105896,0.019999999552965164,1.1974765167273684,-0.09610458463430405,0.0754612535238266,0.019999999552965164,0.28009643730781875,0.2408630566341533,-0.9173800794195497,0.6534162473753469,0,0,200,0.0,0,0,-1,0,1,43,0,1,101,1,1,1,-0.09413715451955795,0.012933986261487007,0.019999882206320763,1.0570375830512166e-06
/workspace/ripl/t2/nominal,best_eval_success_once.pt,rgb,1,0,1658,8,-0.010429665446281433,0.03502630442380905,0.019999999552965164,1.7730615734166641,0.1610618233680725,-0.011958442628383636,0.019999999552965164,0.5661389186842207,0.17781140905836784,-1.206922654732443,0.3638736720624536,0,0,200,0.0,0,0,-1,0,1,34,0,1,93,1,1,1,0.1194201335310936,-0.0600883811712265,0.019999932497739792,0.0018501759107701782
/workspace/ripl/t2/nominal,best_eval_success_once.pt,rgb,1,0,1659,9,0.09374861419200897,-0.01602901518344879,0.019999999552965164,1.6012506467504874,0.01150038093328476,-0.12014620006084442,0.019999999552965164,1.0875752069754143,0.13268443790051374,-0.5136754397750734,-0.5136754397750734,1,1,200,91.0,1,1,102,0,1,49,1,1,101,1,1,1,0.008241898380219936,-0.12866894900798798,0.05999847874045372,0.00015632874336800342
/workspace/ripl/t2/nominal,best_eval_success_once.pt,rgb,1,0,1660,0,-0.12208281457424164,-0.22931835055351257,0.019999999552965164,-2.0742685378536994,0.02477673441171646,-0.08558231592178345,0.019999999552965164,-1.5774253569284626,0.20549397747869075,0.4968431809252367,0.4968431809252367,0,0,200,0.0,0,0,-1,0,1,89,0,0,-1,1,1,1,-0.13623647391796112,-0.24814501404762268,0.019999919459223747,1.7029100212051455e-06
/workspace/ripl/t2/nominal,best_eval_success_once.pt,rgb,1,0,1661,1,-0.052289023995399475,0.021354541182518005,0.019999999552965164,-0.8123639392254463,-0.12670785188674927,0.1703772395849228,0.019999999552965164,3.0176990090278633,0.1665710856777263,-2.4531223589262767,0.6884702946635164,1,1,200,108.0,1,1,93,0,1,44,1,1,92,1,1,1,-0.12956993281841278,0.17258882522583008,0.060000136494636536,9.906751000043548e-07
/workspace/ripl/t2/nominal,best_eval_success_once.pt,rgb,1,0,1662,2,0.008193492889404297,-0.09602359682321548,0.019999999552965164,1.6317727130157642,-0.0035221725702285767,-0.009365953505039215,0.019999999552965164,1.07299834004246,0.08744600598439185,-0.5587743729733043,-0.5587743729733043,1,1,200,120.0,1,1,81,0,1,40,1,1,79,1,1,1,-0.002824971918016672,-0.006031317170709372,0.06000782921910286,9.97036385085837e-07
/workspace/ripl/t2/nominal,best_eval_success_once.pt,rgb,1,0,1663,3,-0.07659200578927994,-0.13363999128341675,0.019999999552965164,-0.6786626488147283,0.06234782189130783,0.19070136547088623,0.019999999552965164,-2.5877588825510927,0.35284783039879025,-1.9090962337363644,-0.33829990694146783,1,1,200,90.0,1,1,111,0,1,44,1,1,102,1,1,1,0.06407501548528671,0.18880800902843475,0.05999916419386864,6.006850114687196e-08
/workspace/ripl/t2/nominal,best_eval_success_once.pt,rgb,1,0,1664,4,-0.05807952955365181,-0.14180144667625427,0.019999999552965164,-0.4182637357613457,-0.03628436475992203,-0.021265186369419098,0.019999999552965164,-1.4725001476934594,0.12249089458871205,-1.0542364119321137,0.5165599148627829,1,1,200,100.0,1,1,101,0,1,46,1,1,88,1,1,1,-0.03735306113958359,-0.024013638496398926,0.06000052019953728,2.9066473171428816e-05
/workspace/ripl/t2/nominal,best_eval_success_once.pt,rgb,1,0,1665,5,0.04176761209964752,0.1509314328432083,0.019999999552965164,-2.686074893078043,0.07974664121866226,-0.10636486113071442,0.019999999552965164,1.8910539886251523,0.26008419703153485,-1.7060564254763904,-0.1352600986814938,1,1,200,20.0,1,1,86,0,1,38,1,1,84,1,1,1,0.061719730496406555,-0.10986833274364471,0.0599917471408844,4.0960414372950226e-05
/workspace/ripl/t2/nominal,best_eval_success_once.pt,rgb,1,0,1666,6,0.03209371119737625,0.20807689428329468,0.019999999552965164,0.6601630595114578,-0.15172532200813293,0.05711459368467331,0.019999999552965164,-2.6882563820525682,0.23786351794808006,2.93476586561556,-0.20682678797423293,1,0,200,57.0,0,1,115,0,1,52,1,1,111,0,1,1,-0.14862903952598572,0.042825669050216675,0.05999098718166351,2.9362874250355413e-06
/workspace/ripl/t2/nominal,best_eval_success_once.pt,rgb,1,0,1667,7,-0.11772193014621735,-0.0893656387925148,0.019999999552965164,-0.035768333089372994,-0.03727222979068756,0.14594386518001556,0.019999999552965164,1.1077202100123946,0.24868195943230947,1.1434885431017676,-0.42730778369312894,1,1,200,92.0,1,1,109,0,1,48,1,1,102,1,1,1,-0.03516561537981033,0.14098596572875977,0.060003578662872314,0.00011071169329522616
/workspace/ripl/t2/nominal,best_eval_success_once.pt,rgb,1,0,1668,8,-0.035095252096652985,0.0025564655661582947,0.019999999552965164,1.257526158645416,-0.12290292978286743,-0.029499292373657227,0.019999999552965164,1.2473357317321887,0.09347598556710793,-0.010190426913227135,-0.010190426913227135,1,1,200,113.0,1,1,88,0,1,40,1,1,86,1,1,1,-0.11543053388595581,-0.03916066512465477,0.059997882694005966,5.330551980263199e-06
/workspace/ripl/t2/nominal,best_eval_success_once.pt,rgb,1,0,1669,9,-0.04098813980817795,-0.03892664611339569,0.019999999552965164,-2.5490443943387966,0.004381239414215088,-0.27753788232803345,0.019999999552965164,2.141257142661653,0.24288619273005818,-1.592883770179137,-0.0220874433842404,0,0,200,0.0,0,0,-1,1,1,42,0,0,-1,0,1,1,-0.11552272737026215,-0.04758646339178085,0.11049290001392365,0.0008597115272492368
/workspace/ripl/t2/nominal,best_eval_success_once.pt,rgb,1,0,1670,0,0.04534531384706497,-0.12493684142827988,0.019999999552965164,1.6054516593637222,-0.12447227537631989,-0.045267097651958466,0.019999999552965164,0.5238316075991474,0.18757740184528354,-1.0816200517645749,0.4891762750303217,0,0,200,0.0,0,0,-1,0,1,76,0,1,128,1,1,1,-0.07322698831558228,0.018714439123868942,0.01999993808567524,0.0007993676725228072
/workspace/ripl/t2/nominal,best_eval_success_once.pt,rgb,1,0,1671,1,-0.025042511522769928,-0.07356578856706619,0.019999999552965164,-1.478422951526797,-0.02589859813451767,0.06813769787549973,0.019999999552965164,0.34124783213271304,0.14170607239728747,1.81967078365951,0.2488744568646135,1,1,200,111.0,1,1,90,0,1,46,1,1,89,1,1,1,-0.036348678171634674,0.06360150128602982,0.0599956139922142,7.131633866501353e-05
/workspace/ripl/t2/nominal,best_eval_success_once.pt,rgb,1,0,1672,2,0.04652067646384239,0.011665277183055878,0.019999999552965164,0.4120120480808964,-0.1072695255279541,0.1581333875656128,0.019999999552965164,-2.9017733253729467,0.21237780860465258,2.969399933725743,-0.17219271986405005,1,1,200,94.0,1,1,107,0,1,46,1,1,97,1,1,1,-0.10157445818185806,0.17149806022644043,0.05999908223748207,3.0625511625415427e-06
/workspace/ripl/t2/nominal,best_eval_success_once.pt,rgb,1,0,1673,3,0.08252209424972534,-0.12271827459335327,0.019999999552965164,1.081681654810959,0.03603576123714447,0.13513760268688202,0.019999999552965164,0.8380872095399718,0.2620126573372293,-0.24359444527098706,-0.24359444527098706,1,1,200,69.0,1,1,101,0,1,46,1,1,96,1,1,1,0.05278068408370018,0.1287463903427124,0.05999843776226044,0.020306066024031053
/workspace/ripl/t2/nominal,best_eval_success_once.pt,rgb,1,0,1674,4,0.10867296904325485,0.046386368572711945,0.019999999552965164,1.0252430252065245,-0.0690375566482544,-0.01611512154340744,0.019999999552965164,1.2987590487589895,0.188381175302332,0.27351602355246474,0.27351602355246474,1,1,200,82.0,1,1,119,0,1,49,1,1,107,1,1,1,-0.06643018871545792,-0.032632701098918915,0.05999961867928505,0.0016775149533037298
/workspace/ripl/t2/nominal,best_eval_success_once.pt,rgb,1,0,1675,5,0.07641513645648956,-0.11307733505964279,0.019999999552965164,1.3997159892197995,0.09250400960445404,0.08394495397806168,0.019999999552965164,0.48434769756809537,0.19767810758105728,-0.9153682916517045,0.655428035143192,1,1,200,105.0,1,1,96,0,1,43,1,1,89,1,1,1,0.09814080595970154,0.08521045744419098,0.06000029668211937,2.8662955852853273e-07
/workspace/ripl/t2/nominal,best_eval_success_once.pt,rgb,1,0,1676,6,-0.06193440407514572,-0.20846393704414368,0.019999999552965164,0.8611400372779237,0.0368679016828537,-0.13090676069259644,0.019999999552965164,-0.37424833233735866,0.1256065731827845,-1.2353883696152828,0.3354079571796138,0,0,200,0.0,0,0,-1,0,1,46,0,0,-1,1,1,1,-0.03847400099039078,-0.19679686427116394,0.0199999138712883,3.91921962773002e-06
/workspace/ripl/t2/nominal,best_eval_success_once.pt,rgb,1,0,1677,7,0.029457591474056244,-0.09158340841531754,0.019999999552965164,-1.2354214960092502,-0.04904177784919739,-0.07039094716310501,0.019999999552965164,2.18868493878794,0.08130972511375932,-2.859078872382396,0.28251378120739723,0,0,200,0.0,0,0,-1,0,1,44,0,1,92,1,1,1,-0.05049113184213638,-0.015061595477163792,0.020000023767352104,0.0008558057285487132
/workspace/ripl/t2/nominal,best_eval_success_once.pt,rgb,1,0,1678,8,0.1598561853170395,-0.07567998766899109,0.019999999552965164,-0.5256308224769848,0.06473562866449356,0.09793407469987869,0.019999999552965164,0.1471820162423887,0.19796404458919303,0.6728128387193735,0.6728128387193735,0,0,200,0.0,0,0,-1,0,1,57,0,0,-1,1,1,1,0.03578303009271622,0.018894826993346214,0.019999910145998,0.007791218015669297
/workspace/ripl/t2/nominal,best_eval_success_once.pt,rgb,1,0,1679,9,-0.01600373536348343,0.034326545894145966,0.019999999552965164,-0.6783249411616046,-0.13503968715667725,-0.11950082331895828,0.019999999552965164,-1.9583915898383335,0.19450557148404837,-1.280066648676729,0.29072967811816763,0,0,200,0.0,0,0,-1,0,1,39,1,1,92,0,1,1,-0.1474655419588089,-0.13537967205047607,0.05999276414513588,0.00016481329962277246
/workspace/ripl/t2/nominal,best_eval_success_once.pt,rgb,1,0,1680,0,0.0795392245054245,-0.16621938347816467,0.019999999552965164,-2.143559222892928,-0.054544396698474884,-0.08002111315727234,0.019999999552965164,-1.3886198326989945,0.1594006250974707,0.7549393901939334,0.7549393901939334,0,0,200,0.0,0,0,-1,0,1,45,0,1,100,1,1,1,-0.058890968561172485,-0.15247821807861328,0.019999880343675613,0.05136074437102207
/workspace/ripl/t2/nominal,best_eval_success_once.pt,rgb,1,0,1681,1,0.15690550208091736,-0.14310501515865326,0.019999999552965164,-1.2551805734317592,0.08273627609014511,-0.20073935389518738,0.019999999552965164,-0.8788611828117414,0.09392971353979422,0.37631939062001774,0.37631939062001774,1,1,200,83.0,1,1,118,0,1,62,1,1,117,1,1,1,0.06792329251766205,-0.19837768375873566,0.06000204011797905,1.7190980857291435e-05
/workspace/ripl/t2/nominal,best_eval_success_once.pt,rgb,1,0,1682,2,0.04859573394060135,0.06533779948949814,0.019999999552965164,2.215011025028451,-0.02326318621635437,0.25077274441719055,0.019999999552965164,-0.11064511914714403,0.1988713735218321,-2.3256561441755945,-0.754859817380698,1,1,200,113.0,1,1,88,0,1,40,1,1,87,1,1,1,-0.03402705490589142,0.24994099140167236,0.059999532997608185,2.3839017498145002e-05
/workspace/ripl/t2/nominal,best_eval_success_once.pt,rgb,1,0,1683,3,0.03591572493314743,-0.24545854330062866,0.019999999552965164,-1.5109936501751982,0.146377831697464,0.09448926150798798,0.019999999552965164,2.2055888984722842,0.3574442432394297,-2.5666027585321043,0.5749898950576888,0,0,200,0.0,0,0,-1,0,1,52,0,1,107,1,1,1,0.19001631438732147,0.03179817274212837,0.01999993436038494,0.002703564775785569
/workspace/ripl/t2/nominal,best_eval_success_once.pt,rgb,1,0,1684,4,0.04745686799287796,0.04057181626558304,0.019999999552965164,-0.36137946170124247,-0.019076913595199585,0.011016912758350372,0.019999999552965164,-0.6622679906041,0.07280272257087533,-0.30088852890285755,-0.30088852890285755,1,1,200,118.0,1,1,83,0,1,39,1,1,81,1,1,1,-0.012845812365412712,0.01600075699388981,0.05999718979001045,0.0015253142029351503
/workspace/ripl/t2/nominal,best_eval_success_once.pt,rgb,1,0,1685,5,-0.18643265962600708,-0.1439703404903412,0.019999999552965164,-1.8629628871485,-0.022488467395305634,0.09452454745769501,0.019999999552965164,-2.1883075788649764,0.2894088971395377,-0.3253446917164764,-0.3253446917164764,0,0,200,0.0,0,0,-1,0,0,-1,0,0,-1,1,1,1,-0.11869068443775177,-0.14325419068336487,0.019999895244836807,3.2444263055627054e-07
/workspace/ripl/t2/nominal,best_eval_success_once.pt,rgb,1,0,1686,6,-0.03180365264415741,-0.053362853825092316,0.019999999552965164,-1.4829391581058236,0.005161799490451813,0.10843158513307571,0.019999999552965164,-2.119937259070012,0.16596350541400492,-0.6369981009641883,-0.6369981009641883,1,1,200,106.0,1,1,95,0,1,45,1,1,90,1,1,1,-0.010874979197978973,0.10645245015621185,0.059994131326675415,0.00015087726182132124
/workspace/ripl/t2/nominal,best_eval_success_once.pt,rgb,1,0,1687,7,-0.09344616532325745,0.18395647406578064,0.019999999552965164,-2.778609787517662,-0.0035310834646224976,-0.14016833901405334,0.019999999552965164,-0.5561254723147568,0.3363653020150597,2.2224843152029052,0.6516879884080087,1,1,200,74.0,1,1,101,0,1,35,1,1,97,1,1,1,-0.019555458799004555,-0.14873747527599335,0.05999889224767685,4.400614962902286e-06
/workspace/ripl/t2/nominal,best_eval_success_once.pt,rgb,1,0,1688,8,0.038543008267879486,0.054484643042087555,0.019999999552965164,-0.9892719201414888,-0.055053047835826874,-0.016734503209590912,0.019999999552965164,1.6033210427097047,0.11761117511098218,2.5925929628511932,-0.5489996907385999,1,1,200,107.0,1,1,94,0,1,45,1,1,93,1,1,1,-0.05483585596084595,-0.008845949545502663,0.05999841168522835,5.481907392845725e-07
/workspace/ripl/t2/nominal,best_eval_success_once.pt,rgb,1,0,1689,9,0.02683347463607788,-0.08237505704164505,0.019999999552965164,-0.9523842668630262,0.04495422542095184,0.08176770061254501,0.019999999552965164,0.15106564761568952,0.16513996033464973,1.1034499144787158,-0.4673464123161808,1,1,200,115.0,1,1,86,0,1,37,1,1,83,1,1,1,0.03558795154094696,0.07834542542695999,0.060001857578754425,2.4237787649537227e-06
/workspace/ripl/t2/nominal,best_eval_success_once.pt,rgb,1,0,1690,0,0.13461138308048248,0.03806965798139572,0.019999999552965164,-2.2706446532758005,0.1088171899318695,-0.14972618222236633,0.019999999552965164,1.9817280521095018,0.1895590092768605,-2.030812601794284,-0.46001627499938724,1,0,200,2.0,0,1,108,0,1,50,0,1,98,1,1,1,0.12536586821079254,-0.2138770967721939,0.02000000700354576,0.020979961078846757
/workspace/ripl/t2/nominal,best_eval_success_once.pt,rgb,1,0,1691,1,-0.11391149461269379,-0.11092733591794968,0.019999999552965164,-2.068478401885945,0.017321493476629257,0.17139968276023865,0.019999999552965164,2.4886624587027937,0.311336863603664,-1.7260444465908478,-0.1552481197959512,0,0,200,0.0,0,0,-1,1,1,50,0,0,-1,0,1,1,0.004595013335347176,0.14986278116703033,0.09324761480093002,0.009622237622524852
/workspace/ripl/t2/nominal,best_eval_success_once.pt,rgb,1,0,1692,2,0.035557821393013,0.004915058612823486,0.019999999552965164,-1.9796716988190903,0.17279107868671417,-0.2259625494480133,0.019999999552965164,-0.32599147119961414,0.2685841335807694,1.6536802276194762,0.08288390082457964,0,0,200,0.0,0,0,-1,1,1,43,1,1,105,0,1,1,0.1461869776248932,-0.24067352712154388,0.06072636693716049,0.003948774854055453
/workspace/ripl/t2/nominal,best_eval_success_once.pt,rgb,1,0,1693,3,-0.08315654844045639,-0.10941839218139648,0.019999999552965164,1.9677125019153578,-0.17609429359436035,-0.19396713376045227,0.019999999552965164,-2.8918247717294587,0.125642008010434,1.4236480335347697,-0.1471482932601269,0,0,200,0.0,0,0,-1,0,1,42,0,0,-1,0,1,1,-0.06459838151931763,-0.1766613870859146,0.02000022679567337,0.06106006994162245
/workspace/ripl/t2/nominal,best_eval_success_once.pt,rgb,1,0,1694,4,-0.017446354031562805,-0.04045867174863815,0.019999999552965164,0.5204865435856969,0.08980333805084229,-0.02503480762243271,0.019999999552965164,-1.1126226612188255,0.10835308964840067,-1.6331092048045228,-0.06231287800962626,1,1,200,18.0,1,1,183,0,1,61,1,1,116,1,1,1,0.09230054169893265,-0.030484991148114204,0.05999942868947983,1.1194882421219767e-05
/workspace/ripl/t2/nominal,best_eval_success_once.pt,rgb,1,0,1695,5,-0.03854021430015564,-0.14608043432235718,0.019999999552965164,2.283889583275996,0.11093899607658386,0.06138073652982712,0.019999999552965164,1.2813211561764521,0.2557032884931532,-1.0025684270995434,0.5682278996953531,1,1,200,98.0,1,1,103,0,1,43,1,1,95,1,1,1,0.1091323047876358,0.06454301625490189,0.05999938026070595,7.988902199261042e-07
/workspace/ripl/t2/nominal,best_eval_success_once.pt,rgb,1,0,1696,6,-0.07320431619882584,0.044465355575084686,0.019999999552965164,-2.9921305813398495,-0.10692732036113739,0.11805393546819687,0.019999999552965164,0.5472090824738034,0.0809476380162895,-2.7438456433659333,0.39774701022385983,1,1,200,97.0,1,1,104,0,1,57,1,1,102,1,1,1,-0.10647739470005035,0.12922276556491852,0.059997301548719406,1.2260676879122384e-06
/workspace/ripl/t2/nominal,best_eval_success_once.pt,rgb,1,0,1697,7,-0.13373306393623352,-0.08323587477207184,0.019999999552965164,2.4184352613893245,-0.09182848036289215,-0.2634772062301636,0.019999999552965164,3.000057973438734,0.18504845768133502,0.5816227120494095,0.5816227120494095,0,0,200,0.0,0,0,-1,1,1,52,0,1,107,0,1,1,0.031099680811166763,-0.017659684643149376,0.07082698494195938,0.001150289927935573
/workspace/ripl/t2/nominal,best_eval_success_once.pt,rgb,1,0,1698,8,0.12863120436668396,0.19239580631256104,0.019999999552965164,-0.20767193105009163,0.1577608436346054,0.005050964653491974,0.019999999552965164,-0.52744609879085,0.18959595349094582,-0.3197741677407584,-0.3197741677407584,1,1,200,101.0,1,1,100,0,1,53,1,1,99,1,1,1,0.14779143035411835,0.016494041308760643,0.06000049039721489,4.4034137815261014e-06
/workspace/ripl/t2/nominal,best_eval_success_once.pt,rgb,1,0,1699,9,-0.06586508452892303,-0.011986836791038513,0.019999999552965164,-2.2871742470606886,-0.10087033361196518,0.04248661547899246,0.019999999552965164,0.8323729117964369,0.06475125068738954,3.1195471588571255,-0.022045494732667592,0,0,200,0.0,0,0,-1,0,1,51,0,0,-1,1,1,1,0.01597723364830017,0.01068227831274271,0.02000001259148121,0.08574229177147051
/workspace/ripl/t2/nominal,best_eval_success_once.pt,rgb,1,0,1700,0,0.030947446823120117,0.058994390070438385,0.019999999552965164,-2.33290788480169,-0.033029019832611084,-0.03060206025838852,0.019999999552965164,0.5372973198856927,0.11009319777932619,2.870205204687383,-0.2713874489024102,1,1,200,118.0,1,1,83,0,1,38,1,1,82,1,1,1,-0.03256838023662567,-0.0362369604408741,0.059999506920576096,6.680481517265734e-05
/workspace/ripl/t2/nominal,best_eval_success_once.pt,rgb,1,0,1701,1,0.08631911873817444,0.06348227709531784,0.019999999552965164,1.7317969501432506,0.13867121934890747,-0.07704608887434006,0.019999999552965164,1.0663135939214095,0.14996320908962443,-0.6654833562218414,-0.6654833562218414,1,1,200,102.0,1,1,99,0,1,45,1,1,86,1,1,1,0.1383083462715149,-0.08707424998283386,0.059998076409101486,0.00036059321943474797
/workspace/ripl/t2/nominal,best_eval_success_once.pt,rgb,1,0,1702,2,-0.16889916360378265,-0.07084207981824875,0.019999999552965164,-0.41768245901351886,-0.06107567995786667,-0.21287444233894348,0.019999999552965164,-2.687627874966781,0.17832300925217465,-2.269945415953262,-0.6991490891583654,1,1,200,73.0,1,1,128,0,1,64,1,1,120,1,1,1,-0.06912904977798462,-0.21999631822109222,0.05999843403697014,0.0012935499635708032
/workspace/ripl/t2/nominal,best_eval_success_once.pt,rgb,1,0,1703,3,-0.024250224232673645,0.11237824708223343,0.019999999552965164,-1.3982641187441516,-0.10756257176399231,0.0397857204079628,0.019999999552965164,0.19213036201976852,0.11050168406017129,1.59039448076392,0.019598153969023535,1,1,200,111.0,1,1,90,0,1,38,1,1,84,1,1,1,-0.11489304155111313,0.03209106996655464,0.059998590499162674,1.3730765117265015e-06
/workspace/ripl/t2/nominal,best_eval_success_once.pt,rgb,1,0,1704,4,0.0736810564994812,0.24117520451545715,0.019999999552965164,3.107918979110517,-0.05117737129330635,0.09137073904275894,0.019999999552965164,-0.8231780855193249,0.19501539648563027,2.352088242549744,0.7812919157548475,1,1,200,89.0,1,1,112,0,1,48,1,1,107,1,1,1,-0.04433638975024223,0.0793687179684639,0.05999622493982315,3.829817661849992e-06
/workspace/ripl/t2/nominal,best_eval_success_once.pt,rgb,1,0,1705,5,-0.03294914960861206,0.10460925102233887,0.019999999552965164,1.8022069757327537,0.06683468818664551,-0.1191493421792984,0.019999999552965164,-2.6441962534962187,0.24499943329878554,1.8367820779506143,0.26598575115571776,1,1,200,102.0,1,1,99,0,1,41,1,1,94,1,1,1,0.05813625454902649,-0.1163133904337883,0.06000261381268501,1.542685668433494e-05
/workspace/ripl/t2/nominal,best_eval_success_once.pt,rgb,1,0,1706,6,0.09693722426891327,0.1707736849784851,0.019999999552965164,-1.618450063161549,-0.0332128182053566,-0.027925923466682434,0.019999999552965164,1.4885164087630536,0.23753014114490217,3.1069664719246024,-0.034626181665190714,1,1,200,93.0,1,1,108,0,1,47,1,1,107,1,1,1,-0.024388233199715614,-0.023980148136615753,0.059997376054525375,2.846744023899587e-06
/workspace/ripl/t2/nominal,best_eval_success_once.pt,rgb,1,0,1707,7,0.05711936950683594,0.14285582304000854,0.019999999552965164,0.503469279294606,0.02741672843694687,-0.006412409245967865,0.019999999552965164,1.1903658781678412,0.15219478327560007,0.6868965988732354,0.6868965988732354,1,1,200,105.0,1,1,96,0,1,52,1,1,93,1,1,1,0.03612157329916954,0.001257565920241177,0.0599982887506485,1.0309603136683934e-06
/workspace/ripl/t2/nominal,best_eval_success_once.pt,rgb,1,0,1708,8,0.08844096958637238,-0.1877305805683136,0.019999999552965164,0.033142747249977234,-0.0007778815925121307,0.0760892704129219,0.019999999552965164,-0.1793349406130056,0.27849760713054833,-0.21247768786298282,-0.21247768786298282,1,1,200,94.0,1,1,107,0,1,45,1,1,102,1,1,1,-0.009070959873497486,0.08046019077301025,0.05999890714883804,8.227822199753372e-07
/workspace/ripl/t2/nominal,best_eval_success_once.pt,rgb,1,0,1709,9,0.052808575332164764,0.05043225735425949,0.019999999552965164,1.6337354277092082,0.039778001606464386,-0.2134089469909668,0.019999999552965164,0.3195147975576731,0.2641627849678307,-1.3142206301515351,0.25657569664336144,1,1,200,75.0,1,1,126,0,1,39,1,1,87,1,1,1,0.023587437346577644,-0.218637615442276,0.059982798993587494,0.0005214446750120504
/workspace/ripl/t2/nominal,best_eval_success_once.pt,rgb,1,0,1710,0,0.06520391255617142,0.09888871759176254,0.019999999552965164,-1.2879518015487461,0.10329422354698181,0.04352685064077377,0.019999999552965164,1.0104835913357908,0.06719976267573892,2.298435392884537,0.7276390660896404,0,0,200,0.0,0,0,-1,0,1,46,0,1,85,1,1,1,0.08212612569332123,-0.04157111048698425,0.019999990239739418,6.303795227728666e-05
/workspace/ripl/t2/nominal,best_eval_success_once.pt,rgb,1,0,1711,1,-0.052137937396764755,-0.2502100467681885,0.019999999552965164,-1.0360081442638824,0.03698081895709038,0.04119345545768738,0.019999999552965164,1.707648113925358,0.3047263589576127,2.7436562581892403,-0.3979363954005528,0,0,200,0.0,0,0,-1,0,1,78,0,1,137,1,1,1,0.0526219941675663,0.001280755503103137,0.019999919459223747,0.05223733354285
/workspace/ripl/t2/nominal,best_eval_success_once.pt,rgb,1,0,1712,2,-0.0055569931864738464,0.22473719716072083,0.019999999552965164,-0.7635195943093875,-0.03520173579454422,0.09848824888467789,0.019999999552965164,-2.5948575207220292,0.12968271937735462,-1.8313379264126421,-0.2605415996177456,1,1,200,115.0,1,1,86,0,1,39,1,1,84,1,1,1,-0.03860926628112793,0.09441645443439484,0.05999911576509476,5.85581983110211e-07
/workspace/ripl/t2/nominal,best_eval_success_once.pt,rgb,1,0,1713,3,0.017554230988025665,-0.11419860273599625,0.019999999552965164,0.1947702453970157,0.0014743395149707794,0.15418271720409393,0.019999999552965164,1.8256027029842818,0.2688625965108763,1.6308324575872661,0.06003613079236958,0,0,200,0.0,0,0,-1,0,1,44,0,1,94,1,1,1,0.012041794136166573,0.08772428333759308,0.01999996043741703,1.7809742267833314e-05
/workspace/ripl/t2/nominal,best_eval_success_once.pt,rgb,1,0,1714,4,0.01844378560781479,0.03716722130775452,0.019999999552965164,-2.762904979701039,-0.03652822971343994,-0.18013501167297363,0.019999999552965164,-0.7517093327983311,0.22414768106516497,2.011195646902708,0.4403993201078116,1,1,200,106.0,1,1,95,0,1,41,1,1,94,1,1,1,-0.05003361403942108,-0.18077301979064941,0.059996798634529114,1.6133259858810386e-06
/workspace/ripl/t2/nominal,best_eval_success_once.pt,rgb,1,0,1715,5,-0.0960768312215805,-0.03372828662395477,0.019999999552965164,2.015238354306452,-0.09147725254297256,0.07866014540195465,0.019999999552965164,-0.5539577764692556,0.11248251320655654,-2.5691961307757074,0.5723965228140857,1,1,200,109.0,1,1,92,0,1,44,1,1,88,1,1,1,-0.08687946200370789,0.08381624519824982,0.05999833717942238,1.9238374404280845e-06
/workspace/ripl/t2/nominal,best_eval_success_once.pt,rgb,1,0,1716,6,-0.09482145309448242,0.11668834835290909,0.019999999552965164,-0.7522362027760074,-0.012110546231269836,-0.1921311914920807,0.019999999552965164,-0.5768040029433266,0.3197039291347641,0.17543219983268088,0.17543219983268088,1,1,200,91.0,1,1,110,0,1,45,1,1,101,1,1,1,-0.014000367373228073,-0.20409215986728668,0.05999692529439926,0.0001012017288199882
/workspace/ripl/t2/nominal,best_eval_success_once.pt,rgb,1,0,1717,7,-0.03434406965970993,0.015798643231391907,0.019999999552965164,-1.212920575602281,-0.03478991240262985,-0.18894053995609283,0.019999999552965164,-1.8944629092076548,0.20473966862342494,-0.6815423336053739,-0.6815423336053739,1,1,200,113.0,1,1,88,0,1,37,1,1,87,1,1,1,-0.03173397108912468,-0.19037041068077087,0.05999898910522461,1.645887049613485e-07
/workspace/ripl/t2/nominal,best_eval_success_once.pt,rgb,1,0,1718,8,-0.021894119679927826,-0.1930326223373413,0.019999999552965164,3.1296758651694816,-0.023832477629184723,-0.1035495474934578,0.019999999552965164,-0.38935978244783964,0.08950406647217492,2.764149659562265,-0.3774429940275281,1,1,200,105.0,1,1,96,0,1,53,1,1,92,1,1,1,-0.016763927415013313,-0.111610047519207,0.059999775141477585,0.0009939679101789668
/workspace/ripl/t2/nominal,best_eval_success_once.pt,rgb,1,0,1719,9,0.052391745150089264,-0.14823304116725922,0.019999999552965164,-0.6561997602237346,0.029074810445308685,0.057170648127794266,0.019999999552965164,-2.1938327706416985,0.20672289428132015,-1.5376330104179639,0.033163316376932706,1,1,200,107.0,1,1,94,0,1,47,1,1,89,1,1,1,0.032147105783224106,0.055823925882577896,0.059997737407684326,5.043229982865817e-07
/workspace/ripl/t2/nominal,best_eval_success_once.pt,rgb,1,0,1720,0,-0.0019687190651893616,-0.04162345826625824,0.019999999552965164,2.148835699340111,0.04939240962266922,0.11409951001405716,0.019999999552965164,-0.2662924004377354,0.16397441382765449,-2.4151280997778466,0.7264645538119465,1,1,200,97.0,1,1,104,0,1,50,1,1,103,1,1,1,0.04394017532467842,0.126547709107399,0.06000151485204697,4.25087959368554e-05
/workspace/ripl/t2/nominal,best_eval_success_once.pt,rgb,1,0,1721,1,-0.020310603082180023,-0.11965633928775787,0.019999999552965164,-1.1255377644853262,-0.06682822853326797,-0.045929111540317535,0.019999999552965164,-1.8654684466482356,0.08717564791230772,-0.7399306821629095,-0.7399306821629095,1,1,200,106.0,1,1,95,0,1,45,1,1,94,1,1,1,-0.07199044525623322,-0.03768753260374069,0.05999337509274483,4.6088225040812924e-06
/workspace/ripl/t2/nominal,best_eval_success_once.pt,rgb,1,0,1722,2,0.07677625119686127,0.07776238769292831,0.019999999552965164,-0.42183334835532627,0.03651905804872513,0.02623126655817032,0.019999999552965164,1.1779672342992975,0.06539188057833664,1.5998005826546238,0.029004255859727213,1,1,200,113.0,1,1,88,0,1,44,1,1,88,1,1,1,0.042133934795856476,0.03448181971907616,0.05999753996729851,1.6506063068514982e-06
/workspace/ripl/t2/nominal,best_eval_success_once.pt,rgb,1,0,1723,3,-0.04941920191049576,0.23812514543533325,0.019999999552965164,1.2848356401509262,-0.08616840839385986,0.005301475524902344,0.019999999552965164,1.6506424315465338,0.23570609972531092,0.3658067913956078,0.3658067913956078,1,1,200,95.0,1,1,106,0,1,52,1,1,103,1,1,1,-0.09130824357271194,0.00945607852190733,0.059995487332344055,1.1531819493657383e-06
/workspace/ripl/t2/nominal,best_eval_success_once.pt,rgb,1,0,1724,4,0.027914542704820633,-0.20487117767333984,0.019999999552965164,2.989242101880834,0.014947373420000076,0.18237560987472534,0.019999999552965164,-0.839659091219072,0.38746383308065996,2.4542841140796803,-0.6873085395101128,1,1,200,89.0,1,1,112,0,1,54,1,1,111,1,1,1,0.003913003019988537,0.18114684522151947,0.059998560696840286,1.6767471731495948e-06
/workspace/ripl/t2/nominal,best_eval_success_once.pt,rgb,1,0,1725,5,-0.09806735813617706,-0.25430139899253845,0.019999999552965164,-2.548740939459905,-0.04749119281768799,-0.07528223842382431,0.019999999552965164,2.2989413439619746,0.1860263646611689,-1.4355030237577067,0.1352933030371899,0,0,200,0.0,0,0,-1,0,1,62,0,0,-1,1,1,1,-0.0837603360414505,-0.2684926688671112,0.019999979063868523,0.004354774310000533
/workspace/ripl/t2/nominal,best_eval_success_once.pt,rgb,1,0,1726,6,0.032294049859046936,0.15777111053466797,0.019999999552965164,2.992256891063211,-0.02401423454284668,0.18465560674667358,0.019999999552965164,1.184183727229213,0.06239710753598984,-1.8080731638339982,-0.23727683703910163,0,0,200,0.0,0,0,-1,1,1,189,0,0,-1,0,1,1,0.05303703993558884,0.15740469098091125,0.0335303470492363,0.006511908693483401
/workspace/ripl/t2/nominal,best_eval_success_once.pt,rgb,1,0,1727,7,0.013156741857528687,0.1636170744895935,0.019999999552965164,-0.12703877550110398,-0.15724779665470123,-0.10555167496204376,0.019999999552965164,2.549538401260089,0.3185742023876452,2.6765771767611928,-0.46501547682860034,0,0,200,0.0,0,0,-1,0,1,38,0,1,95,1,1,1,-0.1272166222333908,-0.17029045522212982,0.020000014454126358,0.020808038772562543
/workspace/ripl/t2/nominal,best_eval_success_once.pt,rgb,1,0,1728,8,-0.0524856373667717,-0.1778724193572998,0.019999999552965164,2.6037411911824693,0.08027535676956177,0.02879995107650757,0.019999999552965164,1.5083254745252643,0.24563987922321665,-1.0954157166572047,0.47538061013769184,1,1,200,95.0,1,1,106,0,1,46,1,1,98,1,1,1,0.08596239984035492,0.019042234867811203,0.05999951809644699,0.0005364452973023698
/workspace/ripl/t2/nominal,best_eval_success_once.pt,rgb,1,0,1729,9,-0.07574616372585297,-0.1947488784790039,0.019999999552965164,2.5933995174491775,-0.09083615243434906,-0.06231842190027237,0.019999999552965164,0.9546768737312537,0.13328740971627379,-1.6387226437179239,-0.06792631692302731,1,1,200,106.0,1,1,95,0,1,48,1,1,91,1,1,1,-0.08579900860786438,-0.06166226044297218,0.05999893695116043,0.0003813791752720344
/workspace/ripl/t2/nominal,best_eval_success_once.pt,rgb,1,0,1730,0,0.09214111417531967,-0.11835183948278427,0.019999999552965164,0.022773022992867986,0.15006184577941895,0.05398866534233093,0.019999999552965164,-2.9535373271183882,0.18181325791297417,-2.976310350111256,0.1652823034785369,1,0,200,17.0,0,1,140,0,1,53,0,1,100,1,1,1,0.14524461328983307,0.10147608816623688,0.01999993622303009,0.007267877598452353
/workspace/ripl/t2/nominal,best_eval_success_once.pt,rgb,1,0,1731,1,0.17213597893714905,0.039123184978961945,0.019999999552965164,2.9100575347376356,0.05018315464258194,0.02897544950246811,0.019999999552965164,-0.9875233389705453,0.12237429423176441,2.3856044334714053,-0.7559882201183878,1,1,200,74.0,1,1,127,0,1,60,1,1,121,1,1,1,0.04690270870923996,0.033854082226753235,0.059997688978910446,4.1922693035348045e-06
/workspace/ripl/t2/nominal,best_eval_success_once.pt,rgb,1,0,1732,2,0.08128604292869568,0.1878073513507843,0.019999999552965164,-2.510171102094553,0.15717072784900665,-0.12935826182365417,0.019999999552965164,0.1271346498786916,0.32611732794467146,2.6373057519732446,-0.5042869016165485,1,0,200,12.0,0,1,151,1,1,45,0,1,100,0,1,1,0.14046107232570648,-0.12855164706707,0.10586312413215637,0.0003427563507409776
/workspace/ripl/t2/nominal,best_eval_success_once.pt,rgb,1,0,1733,3,-0.1090727224946022,-0.134078711271286,0.019999999552965164,-1.8058694351196127,-0.12499067932367325,0.0969354584813118,0.019999999552965164,-2.1132643991378135,0.23156193118924848,-0.30739496401820077,-0.30739496401820077,1,0,200,31.0,0,1,113,0,1,56,1,1,109,0,1,1,-0.12446232885122299,0.07917096465826035,0.05999729782342911,0.0028374769699171325
/workspace/ripl/t2/nominal,best_eval_success_once.pt,rgb,1,0,1734,4,0.08841650187969208,-0.11858415603637695,0.019999999552965164,-2.319102872296231,0.003196384757757187,-0.04250176623463631,0.019999999552965164,-1.9558433109526554,0.11424096638343142,0.3632595613435754,0.3632595613435754,1,1,200,96.0,1,1,105,0,1,47,1,1,97,1,1,1,0.007182350382208824,-0.03235141560435295,0.059998854994773865,1.9779526678083577e-06
/workspace/ripl/t2/nominal,best_eval_success_once.pt,rgb,1,0,1735,5,0.04674782603979111,-0.008272267878055573,0.019999999552965164,-2.7924779772304564,0.0838085412979126,0.07539098709821701,0.019999999552965164,-1.520404310640341,0.0915042996184789,1.2720736665901153,-0.2987226602047812,1,1,200,93.0,1,1,87,0,1,43,1,1,84,1,1,1,0.08471281826496124,0.08733980357646942,0.059994447976350784,0.0014911111899607809
/workspace/ripl/t2/nominal,best_eval_success_once.pt,rgb,1,0,1736,6,-0.09177771210670471,-0.05988341569900513,0.019999999552965164,-2.2773788045394605,-0.07557033747434616,0.06300138682126999,0.019999999552965164,-0.3624260915645028,0.12394899629654382,1.9149527129749577,0.34415638618006117,1,1,200,94.0,1,1,96,0,1,43,1,1,90,1,1,1,-0.09030776470899582,0.073601633310318,0.060001276433467865,4.525324661233942e-06
/workspace/ripl/t2/nominal,best_eval_success_once.pt,rgb,1,0,1737,7,-0.17139631509780884,-0.01942339539527893,0.019999999552965164,-1.3681462942150713,-0.05145379900932312,-0.09794814884662628,0.019999999552965164,-2.1688392017745812,0.14336088751898665,-0.80069290755951,0.7701034192353866,1,1,200,71.0,1,1,119,0,1,55,1,1,111,1,1,1,-0.04417414218187332,-0.10691037029027939,0.05999849736690521,0.0005623475384565176
/workspace/ripl/t2/nominal,best_eval_success_once.pt,rgb,1,0,1738,8,-0.12099011242389679,-0.06545204669237137,0.019999999552965164,-2.8815158254586777,-0.08486308157444,0.24619251489639282,0.019999999552965164,1.419016972843922,0.31373156539604147,-1.9826525088769866,-0.41185618208209007,0,0,200,0.0,0,0,-1,0,1,60,0,1,120,1,1,1,0.05167762562632561,0.2489103227853775,0.019999928772449493,0.06231987592114098
/workspace/ripl/t2/nominal,best_eval_success_once.pt,rgb,1,0,1739,9,0.12698981165885925,0.036571476608514786,0.019999999552965164,-1.6470271032943122,0.1236882209777832,-0.2286328673362732,0.019999999552965164,-2.6360218156600066,0.26522489428447465,-0.9889947123656944,0.5818016144292022,1,1,200,93.0,1,1,108,0,1,49,1,1,101,1,1,1,0.12020526081323624,-0.22790898382663727,0.05999567732214928,7.08393116236014e-07
/workspace/ripl/t2/nominal,best_eval_success_once.pt,rgb,1,0,1740,0,0.05776789039373398,-0.029260925948619843,0.019999999552965164,3.1185519697765014,-0.1221882700920105,-0.1876111626625061,0.019999999552965164,-1.0514104223740395,0.23970610581317037,2.113222915029045,0.5424265882341484,0,0,200,0.0,0,0,-1,0,1,47,0,0,-1,1,1,1,-0.06989386677742004,-0.1406710296869278,0.01999991573393345,2.4378317929706437e-06
/workspace/ripl/t2/nominal,best_eval_success_once.pt,rgb,1,0,1741,1,0.032508447766304016,-0.19569353759288788,0.019999999552965164,0.6848644059960964,0.0774383619427681,0.13395175337791443,0.019999999552965164,-0.3228467179997283,0.33269312443621274,-1.0077111239958247,0.5630852027990718,1,1,200,96.0,1,1,105,0,1,53,1,1,100,1,1,1,0.06725667417049408,0.13037528097629547,0.05999571457505226,4.888055595888564e-05
/workspace/ripl/t2/nominal,best_eval_success_once.pt,rgb,1,0,1742,2,-0.012497633695602417,0.036287251859903336,0.019999999552965164,2.164610001141895,-0.09052717685699463,0.05616993084549904,0.019999999552965164,-0.2927029783560422,0.08052285718738388,-2.457312979497937,0.6842796740918562,1,1,200,101.0,1,1,100,0,1,53,1,1,97,1,1,1,-0.08259779214859009,0.05872642248868942,0.05999699607491493,0.0018317365501759446
/workspace/ripl/t2/nominal,best_eval_success_once.pt,rgb,1,0,1743,3,-0.13447052240371704,-0.1667882204055786,0.019999999552965164,-2.3272498323103363,0.012772753834724426,0.10121665894985199,0.019999999552965164,1.195095902502117,0.30578946639109217,-2.760839572367133,0.38075308122266005,0,0,200,0.0,0,0,-1,0,1,58,0,0,-1,1,1,1,-0.11991705000400543,-0.1361803263425827,0.01999989151954651,7.717107671898467e-07
/workspace/ripl/t2/nominal,best_eval_success_once.pt,rgb,1,0,1744,4,-0.05290874093770981,-0.1392958164215088,0.019999999552965164,1.007522881196437,-0.09686949849128723,-0.04368184506893158,0.019999999552965164,-0.6861374630953052,0.10523582908161967,-1.6936603442917422,-0.12286401749684561,1,1,200,106.0,1,1,95,0,1,48,1,1,93,1,1,1,-0.10301629453897476,-0.04920639470219612,0.059993989765644073,2.32086781510935e-06
/workspace/ripl/t2/nominal,best_eval_success_once.pt,rgb,1,0,1745,5,-0.15298788249492645,0.09986409544944763,0.019999999552965164,2.0008043172560384,-0.17705827951431274,-0.15919305384159088,0.019999999552965164,0.07166080195885272,0.2601730013115702,-1.929143515297186,-0.3583471885022895,1,1,200,82.0,1,1,119,0,1,57,1,1,117,1,1,1,-0.1634446382522583,-0.1572020947933197,0.059994474053382874,2.764757769596498e-06
/workspace/ripl/t2/nominal,best_eval_success_once.pt,rgb,1,0,1746,6,0.09991490840911865,0.16782993078231812,0.019999999552965164,-0.11291342921845793,0.048006027936935425,0.019468896090984344,0.019999999552965164,-0.6546428916141576,0.15717992392973903,-0.5417294623956996,-0.5417294623956996,1,1,200,96.0,1,1,104,0,1,51,1,1,103,1,1,1,0.058630794286727905,0.012992409989237785,0.059999335557222366,1.9880105132640623e-06
/workspace/ripl/t2/nominal,best_eval_success_once.pt,rgb,1,0,1747,7,-0.09639032185077667,-0.0213460773229599,0.019999999552965164,1.9783671078885738,-0.16079917550086975,0.018559090793132782,0.019999999552965164,1.868486002585436,0.07576887798359382,-0.10988110530313788,-0.10988110530313788,0,0,200,0.0,0,0,-1,1,1,51,0,0,-1,0,1,1,-0.08917513489723206,0.0660068541765213,0.11541054397821426,3.2568498241811437e-06
/workspace/ripl/t2/nominal,best_eval_success_once.pt,rgb,1,0,1748,8,0.17493849992752075,0.021226845681667328,0.019999999552965164,2.4610538604908774,0.13529428839683533,-0.1043265089392662,0.019999999552965164,-2.9999364362087437,0.13166361822637118,0.822195010479966,-0.7486013163149305,0,0,200,0.0,0,0,-1,1,1,60,0,1,109,0,1,1,0.13987968862056732,-0.1717778444290161,0.1005384773015976,0.0003561567921541889
/workspace/ripl/t2/nominal,best_eval_success_once.pt,rgb,1,0,1749,9,-0.048513658344745636,-0.013021498918533325,0.019999999552965164,1.5916512596357306,-0.11876180022954941,0.006349489092826843,0.019999999552965164,-0.7115610619365356,0.07286999804311635,-2.303212321572266,-0.7324159947773694,1,1,200,3.0,1,1,198,0,1,45,1,1,197,1,1,1,-0.11420980095863342,0.00855165347456932,0.0600016713142395,0.005595193778266757
/workspace/ripl/t2/nominal,best_eval_success_once.pt,rgb,1,0,1750,0,-0.10339704900979996,-0.10541889816522598,0.019999999552965164,-2.928877881274193,-0.15673142671585083,0.13733786344528198,0.019999999552965164,0.4655440691802819,0.24854657743150013,-2.8887633567251108,0.25282929686468236,0,0,200,0.0,0,0,-1,1,1,42,0,0,-1,0,1,1,-0.12851326167583466,0.0985633134841919,0.020415544509887695,0.004203022090822583
/workspace/ripl/t2/nominal,best_eval_success_once.pt,rgb,1,0,1751,1,0.08779650926589966,-0.07145136594772339,0.019999999552965164,-0.4627583679986409,0.12274935841560364,0.03964603692293167,0.019999999552965164,-0.4038732824627509,0.11646602332133865,0.05888508553589,0.05888508553589,1,1,200,109.0,1,1,92,0,1,46,1,1,87,1,1,1,0.12112202495336533,0.02476980909705162,0.05999381095170975,0.0005904839126459018
/workspace/ripl/t2/nominal,best_eval_success_once.pt,rgb,1,0,1752,2,0.033029280602931976,-0.10927421599626541,0.019999999552965164,0.38143655535385257,-0.053945280611515045,0.19377931952476501,0.019999999552965164,-2.717794030549687,0.31528720191317955,-3.0992305859035394,0.042362067686253724,1,1,200,110.0,1,1,91,0,1,37,1,1,89,1,1,1,-0.05216076597571373,0.1916140764951706,0.05999952182173729,1.8105524056650413e-06
/workspace/ripl/t2/nominal,best_eval_success_once.pt,rgb,1,0,1753,3,-0.09941360354423523,-0.15297001600265503,0.019999999552965164,1.3197504512037397,0.02212623879313469,-0.15984946489334106,0.019999999552965164,0.8036291349050111,0.12173438336161357,-0.5161213162987286,-0.5161213162987286,1,1,200,84.0,1,1,117,0,1,56,1,1,108,1,1,1,0.03014906868338585,-0.15546292066574097,0.05999796837568283,0.003881225741574807
/workspace/ripl/t2/nominal,best_eval_success_once.pt,rgb,1,0,1754,4,0.13652704656124115,-0.0400400385260582,0.019999999552965164,-1.8992751851557141,0.11430734395980835,0.05910200625658035,0.019999999552965164,-2.7585483103131807,0.1016014774862001,-0.8592731251574666,0.71152320163743,1,1,200,29.0,1,1,95,0,1,51,1,1,93,1,1,1,0.10417231172323227,0.0380692258477211,0.05999317020177841,3.487834749034707e-06
/workspace/ripl/t2/nominal,best_eval_success_once.pt,rgb,1,0,1755,5,-0.03692605346441269,0.2504679262638092,0.019999999552965164,3.066416513076449,0.05463004857301712,0.15128707885742188,0.019999999552965164,2.09637412293258,0.13497911065249077,-0.9700423901438686,0.6007539366510279,0,0,200,0.0,0,0,-1,0,1,48,0,0,-1,1,1,1,-0.011949344538152218,0.09676787257194519,0.0199999138712883,0.007084562325286016
/workspace/ripl/t2/nominal,best_eval_success_once.pt,rgb,1,0,1756,6,-0.027262866497039795,-0.0795588567852974,0.019999999552965164,0.8014551987754803,-0.1541522741317749,-0.08503062278032303,0.019999999552965164,-1.6823829603656133,0.12700733046953744,-2.4838381591410936,0.6577544944486995,1,1,200,115.0,1,1,86,0,1,38,1,1,82,1,1,1,-0.1537124365568161,-0.09057112783193588,0.05999838560819626,8.613077412020222e-07
/workspace/ripl/t2/nominal,best_eval_success_once.pt,rgb,1,0,1757,7,0.10346395522356033,-0.1795288622379303,0.019999999552965164,-0.304922401885388,0.08508291095495224,-0.25296005606651306,0.019999999552965164,-0.17490369003352635,0.07569678338935824,0.13001871185186165,0.13001871185186165,0,0,200,0.0,0,0,-1,1,1,53,0,0,-1,0,1,1,-0.0016411493998020887,-0.3177171051502228,0.13433679938316345,2.5848361018342e-06
/workspace/ripl/t2/nominal,best_eval_success_once.pt,rgb,1,0,1758,8,0.07620605826377869,-0.07988449186086655,0.019999999552965164,2.520703100587384,0.13326247036457062,0.11603426188230515,0.019999999552965164,2.805637856252061,0.20405781590052596,0.2849347556646773,0.2849347556646773,1,1,200,96.0,1,1,105,0,1,44,1,1,95,1,1,1,0.12887905538082123,0.11096828430891037,0.05999891832470894,0.00018019122890514252
/workspace/ripl/t2/nominal,best_eval_success_once.pt,rgb,1,0,1759,9,-0.027094155550003052,-0.03411140292882919,0.019999999552965164,-0.6021840913750038,0.1343018263578415,0.06256962567567825,0.019999999552965164,1.576849657618546,0.1881379394700146,2.17903374899355,0.6082374221986533,1,1,200,78.0,1,1,103,0,1,33,1,1,97,1,1,1,0.13307778537273407,0.0633101686835289,0.05999947711825371,0.0012808582608679242
/workspace/ripl/t2/nominal,best_eval_success_once.pt,rgb,1,0,1760,0,0.17537860572338104,0.1497969776391983,0.019999999552965164,1.7808326940243093,0.11965377628803253,0.03336609899997711,0.019999999552965164,0.8162340210626722,0.1290790692416851,-0.9645986729616371,0.6061976538332594,1,1,200,74.0,1,1,127,0,1,65,1,1,121,1,1,1,0.11779860407114029,0.038866933435201645,0.05999669432640076,0.00028418588577062065
/workspace/ripl/t2/nominal,best_eval_success_once.pt,rgb,1,0,1761,1,0.027656905353069305,-0.238706573843956,0.019999999552965164,0.6614225093605022,-0.04701419919729233,-0.03587266802787781,0.019999999552965164,-2.4398353406324222,0.21614200703097192,-3.1012578499929244,0.040334803596868696,0,0,200,0.0,0,0,-1,0,1,89,0,0,-1,1,1,1,0.00800679624080658,-0.011102774180471897,0.019999932497739792,0.013075893793944358
/workspace/ripl/t2/nominal,best_eval_success_once.pt,rgb,1,0,1762,2,-0.05855819210410118,0.08568767458200455,0.019999999552965164,-0.27062255979556094,-0.13679799437522888,-0.2899819612503052,0.019999999552965164,-0.8348672010010807,0.38373055904606473,-0.5642446412055198,-0.5642446412055198,0,0,200,0.0,0,0,-1,1,1,46,0,0,-1,0,1,1,0.007458778098225594,-0.1249493956565857,0.05873788893222809,8.642673492431641e-07
/workspace/ripl/t2/nominal,best_eval_success_once.pt,rgb,1,0,1763,3,0.02549612894654274,0.14342622458934784,0.019999999552965164,-0.9725349635133824,-0.042893197387456894,-0.011348307132720947,0.019999999552965164,-0.31822140264455046,0.169210684137273,0.654313560868832,0.654313560868832,1,0,200,10.0,0,1,100,0,1,44,0,1,99,1,1,1,-0.0027440693229436874,0.05327571555972099,0.019999898970127106,0.005196124473933826
/workspace/ripl/t2/nominal,best_eval_success_once.pt,rgb,1,0,1764,4,-0.13243724405765533,-0.02956318110227585,0.019999999552965164,-2.171962721908092,-0.017067469656467438,0.09825456887483597,0.019999999552965164,1.380166659895649,0.17218467427327108,-2.731055925375845,0.41053672821394827,1,1,200,78.0,1,1,105,0,1,46,1,1,97,1,1,1,-0.008880995213985443,0.1111411303281784,0.0599975623190403,0.005635765223445507
/workspace/ripl/t2/nominal,best_eval_success_once.pt,rgb,1,0,1765,5,0.07389552891254425,0.14846882224082947,0.019999999552965164,-3.0634804402129205,0.06425203382968903,-0.15249186754226685,0.019999999552965164,-1.1601842762324468,0.30111515038624376,1.9032961639804737,0.3324998371855772,0,0,200,0.0,0,0,-1,0,1,45,0,1,101,1,1,1,0.027245143428444862,-0.15355995297431946,0.01999996043741703,0.01553095502985013
/workspace/ripl/t2/nominal,best_eval_success_once.pt,rgb,1,0,1766,6,-0.0889718309044838,0.10801282525062561,0.019999999552965164,2.255881434435858,-0.01675315946340561,-0.05192769318819046,0.019999999552965164,-2.433697637321667,0.17548933284730348,1.5936062354220617,0.022809908627165143,0,0,200,0.0,0,0,-1,0,1,41,0,1,92,1,1,1,0.028075706213712692,-0.009519021958112717,0.019999900832772255,0.00010594234827465611
/workspace/ripl/t2/nominal,best_eval_success_once.pt,rgb,1,0,1767,7,0.14988447725772858,-0.10360664129257202,0.019999999552965164,2.7699761514268015,0.060754045844078064,0.17139944434165955,0.019999999552965164,0.6165562123783106,0.2890892266063296,-2.153419939048491,-0.5826236122535944,0,0,200,0.0,0,0,-1,0,1,54,0,1,108,1,1,1,0.0911238044500351,0.11331049352884293,0.01999991573393345,0.0006242217615472728
/workspace/ripl/t2/nominal,best_eval_success_once.pt,rgb,1,0,1768,8,-0.0940549224615097,-0.17179320752620697,0.019999999552965164,-1.7635945556380541,-0.10527044534683228,-0.2629891633987427,0.019999999552965164,1.3777507297848732,0.09188302520649107,3.1413452854229273,-0.000247368166865769,0,0,200,0.0,0,0,-1,1,1,46,0,0,-1,0,1,1,-0.07164547592401505,-0.2293025106191635,0.05603682994842529,0.0007962805350969662
/workspace/ripl/t2/nominal,best_eval_success_once.pt,rgb,1,0,1769,9,-0.005376238375902176,0.19692659378051758,0.019999999552965164,-2.9172096867690964,-0.06573233008384705,-0.06495668739080429,0.019999999552965164,-2.0859143629307226,0.26874841536893845,0.8312953238383738,-0.7395010029565228,1,1,200,96.0,1,1,105,0,1,48,1,1,98,1,1,1,-0.057582635432481766,-0.07228649407625198,0.05999574810266495,0.0001246056344853475
/workspace/ripl/t2/nominal,best_eval_success_once.pt,rgb,1,0,1770,0,-0.143581360578537,0.08920737355947495,0.019999999552965164,-1.9554456502737736,0.03996405377984047,0.06739503890275955,0.019999999552965164,-1.6314110525678398,0.1848369472674904,0.3240345977059338,0.3240345977059338,1,1,200,61.0,1,1,126,0,1,61,1,1,119,1,1,1,0.030390342697501183,0.060349445790052414,0.05999830737709999,0.003699267439950357
/workspace/ripl/t2/nominal,best_eval_success_once.pt,rgb,1,0,1771,1,0.13702179491519928,0.2848471701145172,0.019999999552965164,3.109447717402883,0.09078291058540344,0.002519279718399048,0.019999999552965164,-2.213236551062307,0.2860892729893708,0.960501038714396,-0.6102952880805006,0,0,200,0.0,0,0,-1,0,1,133,0,0,-1,0,1,1,0.05165970325469971,0.006903128698468208,0.05690370127558708,0.005784159036237794
/workspace/ripl/t2/nominal,best_eval_success_once.pt,rgb,1,0,1772,2,-0.006587028503417969,-0.12055343389511108,0.019999999552965164,1.8030104623752905,-0.07811181992292404,0.10610616207122803,0.019999999552965164,0.7487474043967284,0.23767702503866026,-1.0542630579785621,0.5165332688163344,1,1,200,106.0,1,1,95,0,1,44,1,1,93,1,1,1,-0.07395308464765549,0.10764342546463013,0.059999387711286545,7.324720313091189e-07
/workspace/ripl/t2/nominal,best_eval_success_once.pt,rgb,1,0,1773,3,0.022368893027305603,-0.07066141813993454,0.019999999552965164,-2.116444922097913,-0.033746421337127686,-0.2608735263347626,0.019999999552965164,1.3097068630057445,0.19831685407483687,-2.8570335220759286,0.28455913151386447,1,1,200,114.0,1,1,87,0,1,34,1,1,86,1,1,1,-0.04194619506597519,-0.25492411851882935,0.05999591574072838,3.6220514618152456e-05
/workspace/ripl/t2/nominal,best_eval_success_once.pt,rgb,1,0,1774,4,0.18531101942062378,-0.16366535425186157,0.019999999552965164,-1.6493457372154223,0.1322144865989685,-0.011406131088733673,0.019999999552965164,2.2758807511329344,0.16125170645894046,-2.3579588188312295,0.7836338347585636,0,0,200,0.0,0,0,-1,0,0,-1,0,0,-1,1,1,1,0.18530955910682678,-0.16366471350193024,0.019999921321868896,4.801299830643198e-07
/workspace/ripl/t2/nominal,best_eval_success_once.pt,rgb,1,0,1775,5,0.10073809325695038,0.14895200729370117,0.019999999552965164,-0.8844182751556797,-0.011894799768924713,-0.02546674758195877,0.019999999552965164,1.3482328380423558,0.2076248314719455,2.2326511131980356,0.661854786403139,1,1,200,90.0,1,1,111,0,1,50,1,1,107,1,1,1,-0.015911635011434555,-0.01754230260848999,0.05999870225787163,2.3598508509553195e-07
/workspace/ripl/t2/nominal,best_eval_success_once.pt,rgb,1,0,1776,6,0.08861701190471649,-0.050029926002025604,0.019999999552965164,-0.26820737538854234,-0.06097543612122536,-0.12101326137781143,0.019999999552965164,2.463989295884929,0.16557939004436936,2.7321966712734715,-0.40939598231632157,1,1,200,97.0,1,1,104,0,1,44,1,1,102,1,1,1,-0.06283097714185715,-0.12557782232761383,0.059997379779815674,1.2570301984430421e-06
/workspace/ripl/t2/nominal,best_eval_success_once.pt,rgb,1,0,1777,7,0.027300827205181122,0.07053776830434799,0.019999999552965164,-2.1455792237972044,0.004745982587337494,0.27662622928619385,0.019999999552965164,-2.1660631425896213,0.20731901689329146,-0.020483918792416844,-0.020483918792416844,1,1,200,117.0,1,1,84,0,1,35,1,1,79,1,1,1,-0.0011374265886843204,0.26265114545822144,0.05999227240681648,1.6934805261200553e-06
/workspace/ripl/t2/nominal,best_eval_success_once.pt,rgb,1,0,1778,8,-0.11911864578723907,-0.2160968780517578,0.019999999552965164,-0.5062711867442138,-0.09347739815711975,-0.040558524429798126,0.019999999552965164,1.6614449451106215,0.1774012039765719,2.167716131854835,0.5969198050599385,0,0,200,0.0,0,0,-1,0,1,94,0,0,-1,1,1,1,-0.13478991389274597,-0.2369207888841629,0.019999897107481956,2.34066840494766e-06
/workspace/ripl/t2/nominal,best_eval_success_once.pt,rgb,1,0,1779,9,-0.028506994247436523,-0.05028942972421646,0.019999999552965164,1.182045592948483,-0.09531421214342117,-0.16771933436393738,0.019999999552965164,0.6373510538005305,0.1351036152983906,-0.5446945391479527,-0.5446945391479527,1,1,200,109.0,1,1,92,0,1,42,1,1,90,1,1,1,-0.10879946500062943,-0.1705339550971985,0.05999724566936493,4.614604773181728e-06
/workspace/ripl/t2/nominal,best_eval_success_once.pt,rgb,1,0,1780,0,0.15142999589443207,-0.18549032509326935,0.019999999552965164,1.6690376601079573,0.1256444901227951,0.11939219385385513,0.019999999552965164,-1.90204703268763,0.3059709833749646,2.712100614383999,-0.42949203920579393,0,0,200,0.0,0,0,-1,1,1,61,0,1,117,0,1,1,0.17389985918998718,0.14026068150997162,0.04928717017173767,0.09814564102357376
/workspace/ripl/t2/nominal,best_eval_success_once.pt,rgb,1,0,1781,1,0.10979868471622467,0.14312171936035156,0.019999999552965164,2.345549186754246,0.1058337539434433,-0.14936673641204834,0.019999999552965164,-1.0748407115442866,0.2925153285490456,2.8627954088810537,-0.27879724470873946,0,0,200,0.0,0,0,-1,1,1,46,1,1,96,0,1,1,0.09382767975330353,-0.14954711496829987,0.06375069171190262,0.014949062665032105
/workspace/ripl/t2/nominal,best_eval_success_once.pt,rgb,1,0,1782,2,0.16165384650230408,0.23261258006095886,0.019999999552965164,-0.8968360898855536,0.03593561053276062,0.258052259683609,0.019999999552965164,1.6811651297346502,0.12826633289603664,2.578001219620204,-0.5635914339695893,0,0,200,0.0,0,0,-1,1,1,81,0,0,-1,0,1,1,0.00674971379339695,0.24800918996334076,0.06961371749639511,0.06430494347012473
/workspace/ripl/t2/nominal,best_eval_success_once.pt,rgb,1,0,1783,3,-0.011432431638240814,0.14739051461219788,0.019999999552965164,-0.8218621008002542,0.02437920868396759,-0.16470804810523987,0.019999999552965164,2.827252100595445,0.3141464410634913,-2.634071105783887,0.5075215478059061,1,0,200,80.0,0,1,95,0,1,36,1,1,88,0,1,1,0.009631031192839146,-0.17288243770599365,0.05999767780303955,5.61256525156485e-06
/workspace/ripl/t2/nominal,best_eval_success_once.pt,rgb,1,0,1784,4,-0.03726313263177872,-0.11628876626491547,0.019999999552965164,1.4382602605642147,0.001123141497373581,0.031245052814483643,0.019999999552965164,-1.811510390466057,0.15244583895164635,3.033414656149315,-0.10817799744047818,1,1,200,105.0,1,1,96,0,1,47,1,1,94,1,1,1,0.010434549301862717,0.021429428830742836,0.059995103627443314,3.737512413308183e-06
/workspace/ripl/t2/nominal,best_eval_success_once.pt,rgb,1,0,1785,5,0.12191613018512726,0.1308141052722931,0.019999999552965164,-0.7750219067342554,0.13678783178329468,-0.010316789150238037,0.019999999552965164,2.2145023775373085,0.14191228582800208,2.989524284271564,-0.1520683693182292,1,1,200,105.0,1,1,96,0,1,49,1,1,93,1,1,1,0.13680879771709442,0.0002208732912549749,0.0599975623190403,2.3966838691928238e-06
/workspace/ripl/t2/nominal,best_eval_success_once.pt,rgb,1,0,1786,6,-0.00883936882019043,0.2631925344467163,0.019999999552965164,1.6500624037457077,0.05734594911336899,0.11255685240030289,0.019999999552965164,0.597867595078915,0.16453451010518888,-1.0521948086667923,0.5186015181281043,0,0,200,0.0,0,0,-1,0,1,54,0,1,92,1,1,1,0.038561806082725525,0.03469062224030495,0.01999996416270733,0.009759087930942375
/workspace/ripl/t2/nominal,best_eval_success_once.pt,rgb,1,0,1787,7,0.1434648483991623,0.08387404680252075,0.019999999552965164,-1.5208665913657047,0.06840818375349045,-0.17749212682247162,0.019999999552965164,0.41727387566028984,0.2719297328780038,1.9381404670259945,0.36734414023109796,0,0,200,0.0,0,0,-1,0,1,51,0,0,-1,1,1,1,0.006470505613833666,-0.1305982619524002,0.019999967887997627,9.954284096634215e-05
/workspace/ripl/t2/nominal,best_eval_success_once.pt,rgb,1,0,1788,8,0.15255819261074066,0.016478590667247772,0.019999999552965164,-1.9776913548401813,-0.030936017632484436,-0.03797709196805954,0.019999999552965164,1.7863488440417172,0.1914041445843381,-2.5191451082976872,0.6224475452921059,1,0,200,18.0,0,1,140,1,1,52,0,1,114,0,1,1,0.009482424706220627,-0.021134518086910248,0.07943613082170486,0.000740330467811006
/workspace/ripl/t2/nominal,best_eval_success_once.pt,rgb,1,0,1789,9,0.14390265941619873,0.01154164969921112,0.019999999552965164,0.8423933158964791,0.10138726979494095,-0.1425519585609436,0.019999999552965164,-0.38381511181155537,0.15985117597716125,-1.226208427708034,0.3445878990868625,1,1,200,104.0,1,1,97,0,1,48,1,1,94,1,1,1,0.10129287093877792,-0.1548597365617752,0.059997525066137314,4.075957906019403e-06
/workspace/ripl/t2/nominal,best_eval_success_once.pt,rgb,1,0,1790,0,-0.010310370475053787,-0.044387925416231155,0.019999999552965164,-1.4944542798135068,0.11236920952796936,-0.026718799024820328,0.019999999552965164,-0.707717299885998,0.1239454613011457,0.7867369799275088,-0.7840593468673878,1,1,200,105.0,1,1,96,0,1,39,1,1,86,1,1,1,0.112296923995018,-0.01603756844997406,0.05999866500496864,4.831418654598625e-05
/workspace/ripl/t2/nominal,best_eval_success_once.pt,rgb,1,0,1791,1,0.079684779047966,-0.10287991911172867,0.019999999552965164,-2.5233543383881347,0.032879121601581573,0.009239114820957184,0.019999999552965164,-2.21337651440529,0.1214966968233583,0.30997782398284457,0.30997782398284457,1,1,200,106.0,1,1,95,0,1,48,1,1,93,1,1,1,0.0262778177857399,0.0038896002806723118,0.059996653348207474,2.0941104431009027e-06
/workspace/ripl/t2/nominal,best_eval_success_once.pt,rgb,1,0,1792,2,0.06306494027376175,0.09583825618028641,0.019999999552965164,-2.8162911778203137,0.11883993446826935,-0.03316798061132431,0.019999999552965164,-2.0743429000886966,0.14054699964257683,0.7419482777316171,0.7419482777316171,1,1,200,48.0,1,1,94,0,1,45,1,1,84,1,1,1,0.11889505386352539,-0.053308457136154175,0.05999761074781418,0.000510547408608519
/workspace/ripl/t2/nominal,best_eval_success_once.pt,rgb,1,0,1793,3,-0.06241703778505325,-0.1717476099729538,0.019999999552965164,-1.4734937915271384,0.024903491139411926,-0.23347577452659607,0.019999999552965164,0.26908030502551394,0.10693568661027009,1.7425740965526524,0.17177776975775583,1,1,200,94.0,1,1,107,0,1,54,1,1,98,1,1,1,0.03414246812462807,-0.24488314986228943,0.05999599024653435,0.0008167907232769012
/workspace/ripl/t2/nominal,best_eval_success_once.pt,rgb,1,0,1794,4,0.03408065438270569,0.14554110169410706,0.019999999552965164,-0.8636472513833366,-0.027951009571552277,0.20678678154945374,0.019999999552965164,-3.133263414786354,0.0871720174934457,-2.2696161634030174,-0.6988198366081209,1,1,200,116.0,1,1,85,0,1,38,1,1,84,1,1,1,-0.03266272693872452,0.1920827031135559,0.0599970705807209,7.994444339891901e-05
/workspace/ripl/t2/nominal,best_eval_success_once.pt,rgb,1,0,1795,5,0.060955896973609924,-0.10424428433179855,0.019999999552965164,2.5226172834663787,0.14228087663650513,0.08237942308187485,0.019999999552965164,-0.07007819780630298,0.20357347687258942,-2.5926954812726812,0.5488971723171119,1,1,200,93.0,1,1,95,0,1,40,1,1,89,1,1,1,0.1430976688861847,0.06572332233190536,0.05999297276139259,0.0014985327162624982
/workspace/ripl/t2/nominal,best_eval_success_once.pt,rgb,1,0,1796,6,-0.10191258788108826,-0.09674189984798431,0.019999999552965164,-2.660488284552729,-0.15208522975444794,0.02088731899857521,0.019999999552965164,2.929156512443213,0.12788247385394216,-0.6935405101836443,-0.6935405101836443,0,0,200,0.0,0,0,-1,0,1,62,0,0,-1,0,1,1,-0.09237256646156311,0.08152542263269424,0.02003076858818531,0.04409871451666974
/workspace/ripl/t2/nominal,best_eval_success_once.pt,rgb,1,0,1797,7,0.06165895611047745,0.19246438145637512,0.019999999552965164,2.6089917102329916,0.12179835140705109,0.06459183245897293,0.019999999552965164,2.8322529820088818,0.14130865385294195,0.22326127177589017,0.22326127177589017,0,0,200,0.0,0,0,-1,0,1,43,0,0,-1,1,1,1,0.083280548453331,0.04567912966012955,0.01999993808567524,0.017145637780706192
/workspace/ripl/t2/nominal,best_eval_success_once.pt,rgb,1,0,1798,8,0.03454821556806564,-0.17594364285469055,0.019999999552965164,-0.7024634124439917,-0.11183459311723709,-0.15804338455200195,0.019999999552965164,-1.747079194839121,0.1474732040945097,-1.0446157823951294,0.5261805443997671,1,1,200,108.0,1,1,93,0,1,38,1,1,92,1,1,1,-0.11360006034374237,-0.1681681126356125,0.059998203068971634,1.7802990453010687e-06
/workspace/ripl/t2/nominal,best_eval_success_once.pt,rgb,1,0,1799,9,0.15746352076530457,-0.02786365896463394,0.019999999552965164,-1.6318953648074324,0.0042687952518463135,0.2095104157924652,0.019999999552965164,1.7034615377496343,0.28251561955391546,-2.94782840462252,0.1937642489672733,1,1,200,75.0,1,1,126,0,1,58,1,1,119,1,1,1,-0.005614507477730513,0.20144686102867126,0.059986524283885956,0.00043794781292597567
/workspace/ripl/t2/nominal,best_eval_success_once.pt,rgb,1,0,1800,0,-0.016114577651023865,-0.19246183335781097,0.019999999552965164,0.6485720366557945,0.046127863228321075,-0.25476449728012085,0.019999999552965164,1.659127607802127,0.08806669846448795,1.0105555711463325,-0.560240755648564,0,0,200,0.0,0,0,-1,1,1,48,0,1,92,0,1,1,0.004048923030495644,-0.0054383836686611176,0.0524090975522995,0.005030392677042376
/workspace/ripl/t2/nominal,best_eval_success_once.pt,rgb,1,0,1801,1,0.04320601746439934,0.15382042527198792,0.019999999552965164,-0.4695247065156072,0.09822395443916321,0.04552305489778519,0.019999999552965164,-1.8826940129247722,0.12147137036736817,-1.4131693064091646,0.15762702038573195,0,0,200,0.0,0,0,-1,0,1,40,0,1,82,1,1,1,0.0788438469171524,-0.01335985492914915,0.019999902695417404,0.07240563064837797
/workspace/ripl/t2/nominal,best_eval_success_once.pt,rgb,1,0,1802,2,0.04734566807746887,-0.10477624088525772,0.019999999552965164,1.552390399027326,0.032961152493953705,0.17209327220916748,0.019999999552965164,0.020462314988781927,0.2772429288002067,-1.5319280840385439,0.0388682427563527,1,1,200,106.0,1,1,95,0,1,42,1,1,91,1,1,1,0.038597222417593,0.17032639682292938,0.05999862030148506,5.677249526280228e-07
/workspace/ripl/t2/nominal,best_eval_success_once.pt,rgb,1,0,1803,3,0.08591748774051666,-0.07775440812110901,0.019999999552965164,-2.5338987173345293,0.12807133793830872,-0.15261253714561462,0.019999999552965164,2.029398789423917,0.08591092228318482,-1.71988780042114,-0.14909147362624342,1,1,200,103.0,1,1,98,0,1,45,1,1,92,1,1,1,0.12701261043548584,-0.14289775490760803,0.05999680981040001,1.6049733523442962e-06
/workspace/ripl/t2/nominal,best_eval_success_once.pt,rgb,1,0,1804,4,0.07221079617738724,-0.22357617318630219,0.019999999552965164,-2.661126156206718,0.015391066670417786,-0.2816552221775055,0.019999999552965164,-2.5842874274781913,0.08125058518538662,0.07683872872852682,0.07683872872852682,0,0,200,0.0,0,0,-1,1,1,69,0,0,-1,0,1,1,0.04611586779356003,-0.20062224566936493,0.021532725542783737,2.8997193120843638e-06
/workspace/ripl/t2/nominal,best_eval_success_once.pt,rgb,1,0,1805,5,-0.01124449074268341,-0.05792888253927231,0.019999999552965164,-0.38697272088651946,0.06173361837863922,-0.1112140566110611,0.019999999552965164,0.20944307206457013,0.09036102139077726,0.5964157929510896,0.5964157929510896,1,1,200,114.0,1,1,87,0,1,35,1,1,85,1,1,1,0.054465681314468384,-0.11125820130109787,0.05999738723039627,1.5366675726594392e-06
/workspace/ripl/t2/nominal,best_eval_success_once.pt,rgb,1,0,1806,6,0.09695957601070404,-0.1690462827682495,0.019999999552965164,1.2768476468943293,-0.004228658974170685,0.04239104688167572,0.019999999552965164,2.5124364644156407,0.23440307862493057,1.2355888175213114,-0.3352075092735851,1,1,200,98.0,1,1,103,0,1,45,1,1,100,1,1,1,-0.017424708232283592,0.04395722225308418,0.05999908223748207,1.4611534832232603e-06
/workspace/ripl/t2/nominal,best_eval_success_once.pt,rgb,1,0,1807,7,-0.029901228845119476,0.011575192213058472,0.019999999552965164,1.0590583900404398,-0.0068208202719688416,0.213941752910614,0.019999999552965164,0.3643976101811699,0.20367849702033103,-0.6946607798592699,-0.6946607798592699,1,1,200,93.0,1,1,100,0,1,47,1,1,97,1,1,1,-0.005944170989096165,0.22007104754447937,0.0599982887506485,0.0014608693187024028
/workspace/ripl/t2/nominal,best_eval_success_once.pt,rgb,1,0,1808,8,-0.044526711106300354,-0.13674131035804749,0.019999999552965164,1.107792094245403,-0.02543357014656067,-0.04125119373202324,0.019999999552965164,-2.079485614422717,0.09738023621331077,3.0959075985114666,-0.04568505507832654,1,1,200,113.0,1,1,88,0,1,39,1,1,81,1,1,1,-0.028132343664765358,-0.03477899357676506,0.0599982887506485,1.8463502338534209e-06
/workspace/ripl/t2/nominal,best_eval_success_once.pt,rgb,1,0,1809,9,-0.003321699798107147,-0.04375454783439636,0.019999999552965164,-0.03511697593067176,-0.0978672131896019,-0.16664713621139526,0.019999999552965164,3.0103623721534936,0.15505303086511982,3.0454793480841653,-0.0961133055056278,0,0,200,0.0,0,0,-1,0,1,46,0,1,91,1,1,1,-0.04642289876937866,-0.12095803022384644,0.01999993436038494,0.026982209978164647
/workspace/ripl/t2/nominal,best_eval_success_once.pt,rgb,1,0,1810,0,-0.010805390775203705,0.07547690719366074,0.019999999552965164,2.676900408958345,-0.12481875717639923,0.17495930194854736,0.019999999552965164,2.0842440684327346,0.15131356378163974,-0.5926563405256102,-0.5926563405256102,0,0,200,0.0,0,0,-1,0,1,43,0,0,-1,1,1,1,-0.11644383519887924,0.11554929614067078,0.019999908283352852,0.0010854024937403516
/workspace/ripl/t2/nominal,best_eval_success_once.pt,rgb,1,0,1811,1,0.04112841188907623,-0.03481515496969223,0.019999999552965164,3.078305956193213,0.1692928522825241,-0.030077211558818817,0.019999999552965164,1.6872913118547908,0.12825198590715972,-1.391014644338422,0.17978168245647463,1,1,200,99.0,1,1,102,0,1,38,1,1,90,1,1,1,0.15853416919708252,-0.03627956658601761,0.05999777466058731,2.615740112080656e-07
/workspace/ripl/t2/nominal,best_eval_success_once.pt,rgb,1,0,1812,2,-0.04657343775033951,-0.08987177908420563,0.019999999552965164,0.3144544813348711,-0.056217603385448456,-0.21533137559890747,0.019999999552965164,2.394731747111899,0.12582972736372436,2.080277265777028,0.5094809389821315,1,1,200,110.0,1,1,91,0,1,43,1,1,88,1,1,1,-0.06262356787919998,-0.20476171374320984,0.05999750271439552,4.082511967902309e-06
/workspace/ripl/t2/nominal,best_eval_success_once.pt,rgb,1,0,1813,3,0.006399050354957581,-0.039381057024002075,0.019999999552965164,2.3537029862256844,-0.10080256313085556,-0.06627532839775085,0.019999999552965164,0.08548161146738398,0.11052369776064551,-2.2682213747583004,-0.6974250479634039,1,1,200,102.0,1,1,99,0,1,42,1,1,95,1,1,1,-0.10147585719823837,-0.06337433308362961,0.059998638927936554,6.378845808805225e-07
/workspace/ripl/t2/nominal,best_eval_success_once.pt,rgb,1,0,1814,4,-0.030651196837425232,-0.1990976184606552,0.019999999552965164,3.0970702180199274,-0.11248113960027695,-0.18483924865722656,0.019999999552965164,0.49584019097819176,0.083062871621579,-2.6012300270417352,0.5403626265480579,0,0,200,0.0,0,0,-1,0,1,48,0,1,161,1,1,1,-0.00899128895252943,-0.22410273551940918,0.019999992102384567,0.07003107885745344
/workspace/ripl/t2/nominal,best_eval_success_once.pt,rgb,1,0,1815,5,0.04311533272266388,-0.07034755498170853,0.019999999552965164,-0.9584272768116122,-0.022670328617095947,-0.11293590813875198,0.019999999552965164,1.959362437030051,0.07836785733027683,2.917789713841663,-0.22380293974813004,1,1,200,95.0,1,1,106,0,1,59,1,1,103,1,1,1,-0.025995157659053802,-0.10133453458547592,0.05999238044023514,2.1361836581689242e-05
/workspace/ripl/t2/nominal,best_eval_success_once.pt,rgb,1,0,1816,6,0.1011609435081482,0.047161929309368134,0.019999999552965164,2.0238449551744484,0.022857941687107086,-0.08243153244256973,0.019999999552965164,-1.3155123975359473,0.15141276505974308,2.9438279544691905,-0.19776469912060257,1,0,200,38.0,0,1,100,0,1,47,1,1,91,0,1,1,0.04017326235771179,-0.07894208282232285,0.059991493821144104,0.00012509250692003165
/workspace/ripl/t2/nominal,best_eval_success_once.pt,rgb,1,0,1817,7,-0.10468105971813202,0.19825977087020874,0.019999999552965164,2.044228315981083,-0.013910427689552307,0.23009717464447021,0.019999999552965164,1.886855176779209,0.09619214062465384,-0.1573731392018738,-0.1573731392018738,0,0,200,0.0,0,0,-1,1,1,58,0,1,110,0,1,1,-0.026715371757745743,0.1558256298303604,0.12660102546215057,0.0008310886958890324
/workspace/ripl/t2/nominal,best_eval_success_once.pt,rgb,1,0,1818,8,0.023926585912704468,-0.016758397221565247,0.019999999552965164,-2.8141153931005682,0.027209360152482986,0.08424065262079239,0.019999999552965164,-2.9688911893526164,0.10105238579948717,-0.15477579625204818,-0.15477579625204818,1,1,200,108.0,1,1,84,0,1,42,1,1,81,1,1,1,0.033341433852910995,0.09180492907762527,0.060005154460668564,0.00013847225542384857
/workspace/ripl/t2/nominal,best_eval_success_once.pt,rgb,1,0,1819,9,0.05619380623102188,0.10220978409051895,0.019999999552965164,1.4346646851848461,-0.03752635046839714,0.03375742584466934,0.019999999552965164,2.338868428340767,0.11605685296948988,0.9042037431559207,-0.6665925836389759,1,1,200,96.0,1,1,105,0,1,48,1,1,97,1,1,1,-0.0431201197206974,0.03368843346834183,0.06000203266739845,2.5434084971022515e-05
/workspace/ripl/t2/nominal,best_eval_success_once.pt,rgb,1,0,1820,0,0.0625404641032219,-0.10262048244476318,0.019999999552965164,0.07970333941326624,0.16297222673892975,-0.006976976990699768,0.019999999552965164,-2.7440090896556093,0.13868748711277676,-2.823712429068875,0.317880224520918,1,1,200,106.0,1,1,95,0,1,39,1,1,87,1,1,1,0.15421967208385468,-0.0009152464917860925,0.06000618636608124,8.4000340043804e-07
/workspace/ripl/t2/nominal,best_eval_success_once.pt,rgb,1,0,1821,1,0.008857250213623047,-0.13518944382667542,0.019999999552965164,-2.9306410033782058,0.05978650599718094,0.15536242723464966,0.019999999552965164,0.3478342783186652,0.29498165853473657,-3.0047100254827157,0.1368826281070774,0,0,200,0.0,0,0,-1,1,1,41,0,1,93,0,1,1,0.061049047857522964,0.1001565232872963,0.08455057442188263,0.0010738094745635612
/workspace/ripl/t2/nominal,best_eval_success_once.pt,rgb,1,0,1822,2,-0.1326686590909958,0.058615542948246,0.019999999552965164,1.4714799318554102,-0.12671200931072235,0.2232344150543213,0.019999999552965164,-2.0880870081409126,0.1647266060176109,2.7236183671832634,-0.41797428640652967,1,1,200,101.0,1,1,100,0,1,45,1,1,92,1,1,1,-0.12953028082847595,0.2184886932373047,0.059996768832206726,0.0009359349261975608
/workspace/ripl/t2/nominal,best_eval_success_once.pt,rgb,1,0,1823,3,0.04500448331236839,-0.04552125185728073,0.019999999552965164,-2.998388575389045,-0.009271949529647827,-0.16715413331985474,0.019999999552965164,2.505098827913995,0.13319342707109263,-0.7796979038765457,-0.7796979038765457,1,1,200,114.0,1,1,87,0,1,40,1,1,86,1,1,1,0.005861762445420027,-0.15777015686035156,0.060000598430633545,6.910490381261939e-06
/workspace/ripl/t2/nominal,best_eval_success_once.pt,rgb,1,0,1824,4,0.11893266439437866,-0.09996094554662704,0.019999999552965164,2.148104546748552,0.08425689488649368,0.045275263488292694,0.019999999552965164,-1.5474943215333639,0.14931833579905338,2.58758643889767,-0.554006214692123,1,1,200,101.0,1,1,100,0,1,53,1,1,99,1,1,1,0.07305721938610077,0.049128517508506775,0.05999525636434555,7.280498294789651e-06
/workspace/ripl/t2/nominal,best_eval_success_once.pt,rgb,1,0,1825,5,0.013600248843431473,-0.07172916829586029,0.019999999552965164,1.672432667527072,0.013276439160108566,-0.23217105865478516,0.019999999552965164,-0.8793714288104058,0.16044221712085718,-2.5518040963374773,0.5897885572523158,1,1,200,109.0,1,1,92,0,1,44,1,1,89,1,1,1,0.006450961343944073,-0.2257702648639679,0.059995558112859726,2.257043494943432e-06
/workspace/ripl/t2/nominal,best_eval_success_once.pt,rgb,1,0,1826,6,0.030721019953489304,-0.13567665219306946,0.019999999552965164,2.7438588156980237,-0.04157806560397148,-0.09429099410772324,0.019999999552965164,3.0701844764401947,0.0833062450696358,0.32632566074217095,0.32632566074217095,1,1,200,106.0,1,1,95,0,1,45,1,1,94,1,1,1,-0.034069351851940155,-0.09406254440546036,0.060000691562891006,1.29659369697629e-06
/workspace/ripl/t2/nominal,best_eval_success_once.pt,rgb,1,0,1827,7,0.022207502275705338,-0.0346706286072731,0.019999999552965164,1.8505122915535752,-0.09465278685092926,0.23149481415748596,0.019999999552965164,-0.411228483611525,0.29068947366033204,-2.2617407751650997,-0.6909444483702032,1,1,200,108.0,1,1,93,0,1,38,1,1,92,1,1,1,-0.0969146117568016,0.21854351460933685,0.06000293791294098,4.6284746343566165e-05
/workspace/ripl/t2/nominal,best_eval_success_once.pt,rgb,1,0,1828,8,0.11613574624061584,-0.07206045836210251,0.019999999552965164,1.9923437286136287,0.06068473309278488,0.03965223580598831,0.019999999552965164,-0.08597594569820144,0.12471784514420667,-2.07831967431183,-0.5075233475169334,1,1,200,95.0,1,1,106,0,1,51,1,1,102,1,1,1,0.04992789775133133,0.03509249538183212,0.05999969691038132,1.753630700488854e-06
/workspace/ripl/t2/nominal,best_eval_success_once.pt,rgb,1,0,1829,9,-0.0032286643981933594,-0.02143774926662445,0.019999999552965164,0.9498618025391989,-0.028370842337608337,0.2719424366950989,0.019999999552965164,0.06652368416425469,0.2944555359073294,-0.8833381183749438,0.6874582084199528,1,1,200,99.0,1,1,102,0,1,44,1,1,96,1,1,1,-0.02168959751725197,0.2675952911376953,0.05999863147735596,1.6990958797903673e-07
/workspace/ripl/t2/nominal,best_eval_success_once.pt,rgb,1,0,1830,0,-0.026037320494651794,-0.032654449343681335,0.019999999552965164,1.1747966529993847,-0.07843495905399323,-0.10795935988426208,0.019999999552965164,1.8096679476108148,0.09174062392484723,0.6348712946114299,0.6348712946114299,0,0,200,0.0,0,0,-1,0,1,42,0,1,88,1,1,1,-0.09882751107215881,-0.029024271294474602,0.01999991200864315,2.9594089724601133e-05
/workspace/ripl/t2/nominal,best_eval_success_once.pt,rgb,1,0,1831,1,-0.0465276837348938,-0.08544354140758514,0.019999999552965164,-3.059226108257352,-0.16872084140777588,-0.06481237709522247,0.019999999552965164,-0.3665121137689815,0.12392260779596888,2.6927139944883707,-0.44887865910142244,1,1,200,104.0,1,1,97,0,1,46,1,1,96,1,1,1,-0.16257993876934052,-0.0716782808303833,0.06000244617462158,9.613558949989393e-07
/workspace/ripl/t2/nominal,best_eval_success_once.pt,rgb,1,0,1832,2,-0.03726904094219208,-0.014314569532871246,0.019999999552965164,-2.185497016006133,-0.04891469329595566,0.2478768229484558,0.019999999552965164,0.7267721642739109,0.26244989523724715,2.912269180280044,-0.22932347330974912,0,0,200,0.0,0,0,-1,0,1,47,0,1,94,1,1,1,-0.0446358360350132,0.29527518153190613,0.019999925047159195,0.009935303563656996
/workspace/ripl/t2/nominal,best_eval_success_once.pt,rgb,1,0,1833,3,-0.058737922459840775,-0.06408701092004776,0.019999999552965164,2.665350207825057,-0.047549378126859665,0.09238950163125992,0.019999999552965164,-1.1746618796887,0.15687600997128476,2.4431732196658293,-0.6984194339239638,1,1,200,108.0,1,1,93,0,1,46,1,1,90,1,1,1,-0.053906701505184174,0.0952635183930397,0.060000307857990265,1.0817270610424293e-06
/workspace/ripl/t2/nominal,best_eval_success_once.pt,rgb,1,0,1834,4,-0.12133408337831497,-0.11741112172603607,0.019999999552965164,-2.428961813400914,-0.02993224561214447,-0.2267608344554901,0.019999999552965164,-1.4356548790004497,0.14251896582927998,0.9933069344004641,-0.5774893923944324,1,1,200,83.0,1,1,118,0,1,60,1,1,110,1,1,1,-0.018461603671312332,-0.21159404516220093,0.059991296380758286,7.890756030751176e-06
/workspace/ripl/t2/nominal,best_eval_success_once.pt,rgb,1,0,1835,5,-0.1686791479587555,0.10392535477876663,0.019999999552965164,3.135086535963954,-0.16732892394065857,-0.011422961950302124,0.019999999552965164,0.34333643388642177,0.11535621906567764,-2.7917501020775326,0.3498425515122605,0,0,200,0.0,0,0,-1,1,1,60,1,0,-1,0,1,1,-0.144672229886055,-0.014210427179932594,0.06388991326093674,0.001754598379847589
/workspace/ripl/t2/nominal,best_eval_success_once.pt,rgb,1,0,1836,6,0.015932537615299225,-0.09716254472732544,0.019999999552965164,1.1397286603270906,-0.0020653605461120605,-0.16225571930408478,0.019999999552965164,-1.169677557645639,0.06753551446986245,-2.3094062179727297,-0.7386098911778332,0,0,200,0.0,0,0,-1,0,1,43,0,1,84,0,1,1,-0.05855449661612511,-0.1777050793170929,0.019978683441877365,0.002962548218189293
/workspace/ripl/t2/nominal,best_eval_success_once.pt,rgb,1,0,1837,7,-0.06933391094207764,0.1168498620390892,0.019999999552965164,-2.0823910077969634,0.04889141023159027,0.2715938091278076,0.019999999552965164,-0.8567450671126764,0.1947380695375535,1.225645940684287,-0.34515038611060955,1,1,200,105.0,1,1,96,0,1,36,1,1,88,1,1,1,0.049621544778347015,0.25726956129074097,0.05999898910522461,0.00024147409372612561
/workspace/ripl/t2/nominal,best_eval_success_once.pt,rgb,1,0,1838,8,0.010672532021999359,0.03691618889570236,0.019999999552965164,1.0765984600347984,-0.11216026544570923,0.03494950383901596,0.019999999552965164,2.0247267670179774,0.12284854082916619,0.948128306983179,-0.6226680198117176,0,0,200,0.0,0,0,-1,0,1,40,0,1,88,1,1,1,-0.14303921163082123,-0.036004457622766495,0.019999971613287926,0.0025552657968833936
/workspace/ripl/t2/nominal,best_eval_success_once.pt,rgb,1,0,1839,9,0.05347193032503128,-0.00857909768819809,0.019999999552965164,1.5411800811662835,0.0069552138447761536,-0.13382336497306824,0.019999999552965164,2.0238710134832116,0.13360363542893747,0.4826909323169284,0.4826909323169284,1,0,200,31.0,0,1,88,0,1,42,0,1,87,0,1,1,0.049039971083402634,-0.10434426367282867,0.04575129225850105,0.008956093457870632
/workspace/ripl/t2/nominal,best_eval_success_once.pt,rgb,1,0,1840,0,-0.16990694403648376,-0.12637671828269958,0.019999999552965164,2.563622732399573,-0.03819728642702103,-0.06377686560153961,0.019999999552965164,-0.1486733590955165,0.14582926819848216,-2.712296091495089,0.429296562094704,0,0,200,0.0,0,0,-1,0,1,62,0,0,-1,1,1,1,-0.14730864763259888,-0.2185458391904831,0.019999900832772255,1.9291393419983916e-06
/workspace/ripl/t2/nominal,best_eval_success_once.pt,rgb,1,0,1841,1,-0.01639944687485695,-0.17425177991390228,0.019999999552965164,2.8470838113591377,-0.097301185131073,-0.15404599905014038,0.019999999552965164,-2.0928720724883547,0.0833868384890065,1.3432294233320938,-0.22756690346280273,0,0,200,0.0,0,0,-1,1,1,36,0,1,86,0,1,1,-0.03427286818623543,-0.07310818135738373,0.0219187680631876,0.012268701613493027
/workspace/ripl/t2/nominal,best_eval_success_once.pt,rgb,1,0,1842,2,0.0028901025652885437,-0.1009652242064476,0.019999999552965164,-2.0637892761654566,0.13496051728725433,-0.0841580405831337,0.019999999552965164,2.05709825249599,0.13313555447805756,-2.1622977785181394,-0.5915014517232429,1,1,200,100.0,1,1,101,0,1,39,1,1,92,1,1,1,0.13433565199375153,-0.09282068908214569,0.05999748408794403,4.313956939120005e-06
/workspace/ripl/t2/nominal,best_eval_success_once.pt,rgb,1,0,1843,3,-0.054674409329891205,0.024917535483837128,0.019999999552965164,-2.531697932027418,-0.06982646882534027,-0.07765349000692368,0.019999999552965164,-1.3618911315453266,0.1036841365744053,1.1698068004820916,-0.40098952631280493,1,1,200,114.0,1,1,87,0,1,41,1,1,85,1,1,1,-0.06021517142653465,-0.0657687559723854,0.05999908968806267,3.527257278145094e-05
/workspace/ripl/t2/nominal,best_eval_success_once.pt,rgb,1,0,1844,4,-0.07761355489492416,-0.17628389596939087,0.019999999552965164,-1.6678623365883931,-0.05374007299542427,-0.031158700585365295,0.019999999552965164,1.971901005397991,0.14707571340387013,-2.643421965193202,0.4981706883965913,0,0,200,0.0,0,0,-1,0,1,47,0,1,88,1,1,1,-0.03654218465089798,-0.09641885757446289,0.019999921321868896,0.026526317948980013
/workspace/ripl/t2/nominal,best_eval_success_once.pt,rgb,1,0,1845,5,0.040577251464128494,0.12856465578079224,0.019999999552965164,1.4639576231276037,-0.12286718189716339,-0.04853399097919464,0.019999999552965164,2.854610911942148,0.24099380382286262,1.3906532888145444,-0.18014303798035214,1,1,200,97.0,1,1,104,0,1,45,1,1,102,1,1,1,-0.11912482976913452,-0.05736861377954483,0.059999071061611176,8.68312348069951e-07
/workspace/ripl/t2/nominal,best_eval_success_once.pt,rgb,1,0,1846,6,-0.05276961624622345,0.27025312185287476,0.019999999552965164,0.7142452243909618,-0.1377163976430893,-0.112859345972538,0.019999999552965164,-1.0034154444638466,0.3924170213853686,-1.7176606688548084,-0.14686434205991183,1,1,200,64.0,1,1,137,0,1,67,1,1,130,1,1,1,-0.15272167325019836,-0.11800327897071838,0.06000060960650444,4.450404361753052e-05
/workspace/ripl/t2/nominal,best_eval_success_once.pt,rgb,1,0,1847,7,0.04172502085566521,0.10054142773151398,0.019999999552965164,1.0829050239283964,-0.0870775431394577,0.050625577569007874,0.019999999552965164,3.0586319081935502,0.13813649984404372,1.9757268842651539,0.4049305574702573,1,1,200,91.0,1,1,110,0,1,50,1,1,103,1,1,1,-0.08687076717615128,0.03554975986480713,0.059991512447595596,0.0002145308551201562
/workspace/ripl/t2/nominal,best_eval_success_once.pt,rgb,1,0,1848,8,-0.17204275727272034,0.13238653540611267,0.019999999552965164,-0.863913328677512,-0.09350280463695526,0.12074825912714005,0.019999999552965164,-1.9144208698844283,0.0793975669323306,-1.0505075412069163,0.5202887855879803,0,0,200,0.0,0,0,-1,0,1,56,0,1,107,1,1,1,-0.10151277482509613,0.05043316259980202,0.019999949261546135,0.02084998351169024
/workspace/ripl/t2/nominal,best_eval_success_once.pt,rgb,1,0,1849,9,0.028549134731292725,0.09350495785474777,0.019999999552965164,-1.4794491264109046,0.0785551369190216,0.22062695026397705,0.019999999552965164,2.664880816781506,0.13660381110675973,-2.138855363987176,-0.5680590371922793,1,0,200,55.0,0,1,86,0,1,38,0,1,79,1,1,1,0.09766829013824463,0.14201436936855316,0.019999925047159195,0.0017750928738413127
/workspace/ripl/t2/nominal,best_eval_success_once.pt,rgb,1,0,1850,0,-0.11264101415872574,-0.030979305505752563,0.019999999552965164,3.025866725988793,-0.06304360926151276,0.1530841439962387,0.019999999552965164,3.0710487410450966,0.19062858131746713,0.045182015056303815,0.045182015056303815,1,1,200,100.0,1,1,101,0,1,45,1,1,96,1,1,1,-0.06363105028867722,0.15839415788650513,0.059998176991939545,5.881812236164611e-06
/workspace/ripl/t2/nominal,best_eval_success_once.pt,rgb,1,0,1851,1,-0.16651330888271332,-0.22478824853897095,0.019999999552965164,2.984504967405551,-0.049950890243053436,0.06292260438203812,0.019999999552965164,-1.9957898153701255,0.31042604969245385,1.3028905244039102,-0.2679058023909864,0,0,200,0.0,0,0,-1,0,1,101,0,1,161,1,1,1,-0.024365318939089775,-0.011969063431024551,0.019999910145998,0.02855178371398427
/workspace/ripl/t2/nominal,best_eval_success_once.pt,rgb,1,0,1852,2,0.04161890596151352,-0.11451448500156403,0.019999999552965164,1.7719215526721952,0.16751675307750702,-0.1438046544790268,0.019999999552965164,-2.4019274286892944,0.12926013281929027,2.109336325818097,0.5385399990232003,1,1,200,95.0,1,1,106,0,1,43,1,1,95,1,1,1,0.15739768743515015,-0.14230743050575256,0.06000183895230293,0.0008689968609371368
/workspace/ripl/t2/nominal,best_eval_success_once.pt,rgb,1,0,1853,3,-0.019079260528087616,-0.1315435916185379,0.019999999552965164,0.8130660019309639,0.0016739889979362488,0.030699193477630615,0.019999999552965164,-1.7176472673451215,0.16356472321882531,-2.5307132692760854,0.6108793843137077,1,1,200,108.0,1,1,93,0,1,45,1,1,88,1,1,1,-0.002498129615560174,0.022322462871670723,0.059998828917741776,1.7851874912834457e-06
/workspace/ripl/t2/nominal,best_eval_success_once.pt,rgb,1,0,1854,4,0.09051085263490677,0.27624258399009705,0.019999999552965164,1.6784294544975926,-0.013881586492061615,-0.08078151196241379,0.019999999552965164,-2.209551102480175,0.3719730990778573,2.3952047502018186,-0.7463879033879746,0,0,200,0.0,0,0,-1,1,1,50,0,1,113,0,1,1,-0.05533800274133682,-0.01854269951581955,0.1203615739941597,0.016189374638312146
/workspace/ripl/t2/nominal,best_eval_success_once.pt,rgb,1,0,1855,5,0.04890576750040054,0.00221378356218338,0.019999999552965164,2.8060378706274194,-0.06710398197174072,0.027336008846759796,0.019999999552965164,-2.8059919472581836,0.118698728619299,0.6711554892939837,0.6711554892939837,1,1,200,109.0,1,1,92,0,1,39,1,1,89,1,1,1,-0.07477087527513504,0.017402438446879387,0.059994202107191086,1.4996163499840631e-05
/workspace/ripl/t2/nominal,best_eval_success_once.pt,rgb,1,0,1856,6,-0.11029081046581268,-0.046489886939525604,0.019999999552965164,-2.6365120663130384,-0.1715293973684311,0.05822708457708359,0.019999999552965164,-1.3527649517202995,0.1213087327830931,1.2837471145927388,-0.28704921220215773,1,0,200,93.0,0,1,104,1,1,49,1,1,102,0,1,1,-0.16501519083976746,0.07827048748731613,0.06025706231594086,0.008431487720376017
/workspace/ripl/t2/nominal,best_eval_success_once.pt,rgb,1,0,1857,7,-0.04963236302137375,-0.03146567940711975,0.019999999552965164,-2.0191452717208325,-0.06933943182229996,-0.10345716774463654,0.019999999552965164,-1.6727732792167558,0.0746400894544966,0.3463719925040767,0.3463719925040767,0,0,200,0.0,0,0,-1,0,1,48,0,1,91,1,1,1,-0.1146894320845604,-0.15343137085437775,0.019999997690320015,0.034657049606140834
/workspace/ripl/t2/nominal,best_eval_success_once.pt,rgb,1,0,1858,8,-0.0076170191168785095,0.06562231481075287,0.019999999552965164,1.111846177806651,-0.007313966751098633,-0.14946101605892181,0.019999999552965164,-1.2480652385462507,0.215083544369927,-2.359911416352902,0.7816812372368913,1,1,200,105.0,1,1,96,0,1,38,1,1,95,1,1,1,-0.010124308988451958,-0.15469425916671753,0.060000114142894745,6.014238617006113e-07
/workspace/ripl/t2/nominal,best_eval_success_once.pt,rgb,1,0,1859,9,0.0312764048576355,-0.046951450407505035,0.019999999552965164,1.5854062954462846,0.07392619550228119,0.25422218441963196,0.019999999552965164,1.0512015123964629,0.3041785050870981,-0.5342047830498218,-0.5342047830498218,1,1,200,109.0,1,1,92,0,1,37,1,1,86,1,1,1,0.0575643889605999,0.25776368379592896,0.0599994882941246,8.460776450017807e-06
/workspace/ripl/t2/nominal,best_eval_success_once.pt,rgb,1,0,1860,0,-0.12930595874786377,0.07617193460464478,0.019999999552965164,2.7758019365627797,-0.05905090272426605,0.17867925763130188,0.019999999552965164,-2.730476640347259,0.12427197661166527,0.7769067302695483,0.7769067302695483,1,1,200,95.0,1,1,106,0,1,49,1,1,103,1,1,1,-0.05979228764772415,0.17696449160575867,0.059999145567417145,9.463410605135352e-07
/workspace/ripl/t2/nominal,best_eval_success_once.pt,rgb,1,0,1861,1,0.035169780254364014,0.25176215171813965,0.019999999552965164,0.23821306405422948,-0.04833228886127472,0.12432605773210526,0.019999999552965164,-2.570742453751432,0.15235666574525153,-2.8089555178056616,0.33263713578413157,1,1,200,84.0,1,1,93,0,1,40,1,1,92,1,1,1,-0.044233083724975586,0.11099889129400253,0.05999792367219925,1.8208440065601206e-06
/workspace/ripl/t2/nominal,best_eval_success_once.pt,rgb,1,0,1862,2,0.01907452940940857,-0.03669423609972,0.019999999552965164,1.9474923501578656,-0.08112570643424988,0.10763145238161087,0.019999999552965164,1.4263826350291104,0.1756985817208976,-0.5211097151287554,-0.5211097151287554,1,1,200,107.0,1,1,94,0,1,46,1,1,88,1,1,1,-0.0880371555685997,0.1098809763789177,0.05999688059091568,2.6811429560905915e-06
/workspace/ripl/t2/nominal,best_eval_success_once.pt,rgb,1,0,1863,3,-0.05425207316875458,-0.009578227996826172,0.019999999552965164,-0.32946662475196176,-0.003421895205974579,-0.16599833965301514,0.019999999552965164,2.3136592886557663,0.16447175539363137,2.643125913407728,-0.49846674018206505,1,1,200,106.0,1,1,95,0,1,44,1,1,92,1,1,1,-0.01099679060280323,-0.17568977177143097,0.05999491736292839,5.722095181469419e-06
/workspace/ripl/t2/nominal,best_eval_success_once.pt,rgb,1,0,1864,4,0.01652240753173828,0.202327698469162,0.019999999552965164,0.3961067172425454,-0.052421554923057556,0.23117393255233765,0.019999999552965164,1.1596775112435351,0.07473536766317312,0.7635707940009899,0.7635707940009899,1,0,200,4.0,0,1,87,0,1,47,1,1,82,0,1,1,-0.0551380030810833,0.21122482419013977,0.059979528188705444,0.001063591384384096
/workspace/ripl/t2/nominal,best_eval_success_once.pt,rgb,1,0,1865,5,0.004125773906707764,-0.19596725702285767,0.019999999552965164,-2.3509933385589346,0.021719790995121002,-0.07491663843393326,0.019999999552965164,3.1036307739421525,0.12232253144073102,-0.8285611946784996,0.7422351321163969,1,1,200,116.0,1,1,85,0,1,46,1,1,82,1,1,1,0.018762128427624702,-0.07695861905813217,0.060000814497470856,7.227279204219749e-07
/workspace/ripl/t2/nominal,best_eval_success_once.pt,rgb,1,0,1866,6,0.06536218523979187,-0.07613412290811539,0.019999999552965164,0.14388110670408238,-0.08937802165746689,0.12108077853918076,0.019999999552965164,2.246057253037958,0.2506755851363933,2.1021761463338757,0.5313798195389792,0,0,200,0.0,0,0,-1,0,1,41,0,1,102,0,1,1,-0.05365188792347908,0.132684126496315,0.057292141020298004,0.00014226504365541696
/workspace/ripl/t2/nominal,best_eval_success_once.pt,rgb,1,0,1867,7,-0.057554230093955994,0.0804980993270874,0.019999999552965164,1.732241502571286,0.010145403444766998,-9.366869926452637e-05,0.019999999552965164,1.904071652754471,0.10525337740372376,0.17183015018318493,0.17183015018318493,1,1,200,90.0,1,1,93,0,1,46,1,1,87,1,1,1,0.016308676451444626,0.013099482282996178,0.05999872833490372,0.0046424857884206135
/workspace/ripl/t2/nominal,best_eval_success_once.pt,rgb,1,0,1868,8,-0.13577333092689514,-0.045949921011924744,0.019999999552965164,-2.760204590602518,0.003873731940984726,0.02493073046207428,0.019999999552965164,0.31438704906016834,0.15660577550334506,3.0745916396626862,-0.06700101392710689,1,1,200,77.0,1,1,124,0,1,56,1,1,115,1,1,1,0.004439744167029858,0.030684620141983032,0.05999753251671791,6.87191863810255e-05
/workspace/ripl/t2/nominal,best_eval_success_once.pt,rgb,1,0,1869,9,0.006525002419948578,-0.12119574844837189,0.019999999552965164,-2.3587032690926257,-0.11512070149183273,-0.08882533013820648,0.019999999552965164,-1.4600860795903747,0.12587899452159546,0.898617189502251,-0.6721791372926456,0,0,200,0.0,0,0,-1,1,1,42,0,1,95,0,1,1,-0.039441850036382675,-0.008832667954266071,0.06886347383260727,3.168214304113166e-06
/workspace/ripl/t2/nominal,best_eval_success_once.pt,rgb,1,0,1870,0,-0.0028060749173164368,-0.19758141040802002,0.019999999552965164,2.114629913934422,-0.10523401945829391,0.11026902496814728,0.019999999552965164,2.542470600139421,0.32444317589400046,0.42784068620499927,0.42784068620499927,1,1,200,97.0,1,1,104,0,1,46,1,1,97,1,1,1,-0.09211394190788269,0.10686001926660538,0.060000404715538025,0.002789467751561837
/workspace/ripl/t2/nominal,best_eval_success_once.pt,rgb,1,0,1871,1,0.020200736820697784,0.08956291526556015,0.019999999552965164,0.62835205856695,-0.04083251953125,-0.0039054378867149353,0.019999999552965164,-0.6453164256161648,0.11163060253318077,-1.2736684841831147,0.2971278426117818,1,1,200,108.0,1,1,93,0,1,46,1,1,92,1,1,1,-0.040320396423339844,0.00598907470703125,0.05999980866909027,2.7523203151426786e-05
/workspace/ripl/t2/nominal,best_eval_success_once.pt,rgb,1,0,1872,2,-0.002207458019256592,-0.01804117113351822,0.019999999552965164,1.8673936452894146,0.05573844164609909,0.22260314226150513,0.019999999552965164,1.0627229176482906,0.2475225501997539,-0.804670727641124,0.7661255991537725,0,0,200,0.0,0,0,-1,1,1,39,0,1,86,0,1,1,0.046028126031160355,0.15984271466732025,0.09806060045957565,0.004769825281071746
/workspace/ripl/t2/nominal,best_eval_success_once.pt,rgb,1,0,1873,3,-0.07304459065198898,-0.11435610800981522,0.019999999552965164,-0.5990970477442135,-0.09499754011631012,0.06343487650156021,0.019999999552965164,1.1993280516785088,0.17914119058359296,1.7984250994227222,0.22762877262782566,1,1,200,106.0,1,1,95,0,1,45,1,1,93,1,1,1,-0.09300576150417328,0.05018429458141327,0.05999896302819252,1.1434638849133133e-06
/workspace/ripl/t2/nominal,best_eval_success_once.pt,rgb,1,0,1874,4,0.012834936380386353,0.18335500359535217,0.019999999552965164,-2.322765433458427,0.13658739626407623,-0.038181185722351074,0.019999999552965164,-0.8741477227312746,0.25375766885884166,1.4486177107271523,-0.12217861606774427,0,0,200,0.0,0,0,-1,0,1,41,0,1,94,1,1,1,0.1686674952507019,-0.08420338481664658,0.019999897107481956,1.159167880474869e-05
/workspace/ripl/t2/nominal,best_eval_success_once.pt,rgb,1,0,1875,5,0.04625910520553589,-0.09466015547513962,0.019999999552965164,-0.1621072906541161,0.14605669677257538,-0.09652377665042877,0.019999999552965164,0.6784337371047631,0.09981499069010935,0.8405410277588792,-0.7302552990360174,1,1,200,111.0,1,1,90,0,1,37,1,1,86,1,1,1,0.14298579096794128,-0.09350991249084473,0.05999813601374626,2.8317009524672556e-06
/workspace/ripl/t2/nominal,best_eval_success_once.pt,rgb,1,0,1876,6,-0.09697534888982773,-0.09821561723947525,0.019999999552965164,-2.1124652579625014,-0.049272000789642334,0.05394531041383743,0.019999999552965164,-0.8624470615167699,0.15946334163149886,1.2500181964457315,-0.320778130349165,1,1,200,103.0,1,1,98,0,1,41,1,1,93,1,1,1,-0.04818342626094818,0.049834318459033966,0.059997592121362686,0.004664591953322711
/workspace/ripl/t2/nominal,best_eval_success_once.pt,rgb,1,0,1877,7,0.05262235552072525,0.13506585359573364,0.019999999552965164,-0.8425873119581699,-0.004563421010971069,-0.04656611382961273,0.019999999552965164,2.1565345644789238,0.19042159706381837,2.9991218764370937,-0.1424707771526994,1,1,200,101.0,1,1,100,0,1,45,1,1,99,1,1,1,-0.017933374270796776,-0.049505576491355896,0.059994686394929886,4.16210475984445e-06
/workspace/ripl/t2/nominal,best_eval_success_once.pt,rgb,1,0,1878,8,-0.06327986717224121,-0.08186187595129013,0.019999999552965164,2.071936989981663,-0.07478804886341095,0.11901446431875229,0.019999999552965164,-3.063044859157338,0.20120572140504067,1.1482034580405855,-0.422592868754311,1,1,200,96.0,1,1,105,0,1,46,1,1,96,1,1,1,-0.08267630636692047,0.11458621174097061,0.05999572202563286,0.00010508429300513209
/workspace/ripl/t2/nominal,best_eval_success_once.pt,rgb,1,0,1879,9,-0.08384490013122559,-0.04254848510026932,0.019999999552965164,0.44990242935761326,-0.052958495914936066,0.17678508162498474,0.019999999552965164,-2.874306042839459,0.22149759244252182,2.958976834982514,-0.18261581860727905,0,0,200,0.0,0,0,-1,1,1,48,0,1,100,0,1,1,-0.03094201721251011,0.12187178432941437,0.11601972579956055,0.001677662042486717
/workspace/ripl/t2/nominal,best_eval_success_once.pt,rgb,1,0,1880,0,0.1632988601922989,-0.07818157225847244,0.019999999552965164,-1.489465153996143,0.1011069193482399,0.22086641192436218,0.019999999552965164,-2.568267101695225,0.30544645087112704,-1.0788019476990822,0.49199437909581434,0,0,200,0.0,0,0,-1,0,1,60,0,1,120,0,1,1,0.0674547553062439,0.19309194386005402,0.019935375079512596,0.001316884547776358
/workspace/ripl/t2/nominal,best_eval_success_once.pt,rgb,1,0,1881,1,-0.10158857703208923,0.04754982888698578,0.019999999552965164,0.9073286848347424,-0.01840800791978836,0.1831592470407486,0.019999999552965164,-0.41504367758289096,0.15908777881989666,-1.3223723624176333,0.24842396437726322,1,1,200,101.0,1,1,100,0,1,45,1,1,94,1,1,1,-0.016125524416565895,0.1744185835123062,0.0599970668554306,1.6543686645043008e-06
/workspace/ripl/t2/nominal,best_eval_success_once.pt,rgb,1,0,1882,2,0.05111238360404968,0.12048696726560593,0.019999999552965164,1.544197498655711,-0.05679786950349808,0.19641005992889404,0.019999999552965164,0.29433856491382393,0.13194293738314777,-1.249858933741887,0.3209373930530095,1,1,200,102.0,1,1,99,0,1,41,1,1,95,1,1,1,-0.057498592883348465,0.1842493861913681,0.05999903008341789,1.08125869063861e-06
/workspace/ripl/t2/nominal,best_eval_success_once.pt,rgb,1,0,1883,3,-0.060649141669273376,-0.007646732032299042,0.019999999552965164,-2.1766824020964357,0.058928266167640686,0.07455522567033768,0.019999999552965164,1.8385836179049313,0.14510657571296262,-2.267919287178219,-0.6971229603833224,1,1,200,94.0,1,1,97,0,1,39,1,1,89,1,1,1,0.059034060686826706,0.08932793885469437,0.05999565124511719,0.002912102893094142
/workspace/ripl/t2/nominal,best_eval_success_once.pt,rgb,1,0,1884,4,-0.008628800511360168,0.08229417353868484,0.019999999552965164,0.7173161449767353,0.024927623569965363,-0.06879187375307083,0.019999999552965164,2.5346965333898615,0.15476765580499174,1.817380388413126,0.24658406161822954,1,1,200,109.0,1,1,92,0,1,43,1,1,85,1,1,1,0.03147082030773163,-0.07761910557746887,0.059992991387844086,0.00013337532615797924
/workspace/ripl/t2/nominal,best_eval_success_once.pt,rgb,1,0,1885,5,0.007534012198448181,0.030766047537326813,0.019999999552965164,1.5806838098246725,0.0783749669790268,0.04271257668733597,0.019999999552965164,2.597860576708004,0.0718412168114934,1.0171767668833311,-0.5536195599115654,1,1,200,99.0,1,1,102,0,1,50,1,1,99,1,1,1,0.07983202487230301,0.038348227739334106,0.0600055567920208,0.005045943167869056
/workspace/ripl/t2/nominal,best_eval_success_once.pt,rgb,1,0,1886,6,0.06726516783237457,0.23352503776550293,0.019999999552965164,-0.24939472277459895,0.014134135097265244,0.09816055744886398,0.019999999552965164,0.3460456137890042,0.14541818720811023,0.5954403365636032,0.5954403365636032,0,0,200,0.0,0,0,-1,0,1,47,0,1,96,1,1,1,0.01676582731306553,0.03273530304431915,0.019999967887997627,0.04924834307520435
/workspace/ripl/t2/nominal,best_eval_success_once.pt,rgb,1,0,1887,7,-0.05915355682373047,0.11501922458410263,0.019999999552965164,3.0022370953210853,-0.14147959649562836,-0.11825823038816452,0.019999999552965164,-2.9918590027902177,0.24737814739058306,0.2890892090682833,0.2890892090682833,0,0,200,0.0,0,0,-1,1,1,41,0,0,-1,0,1,1,-0.07128734141588211,-0.080150306224823,0.12770183384418488,0.0022781996689801185
/workspace/ripl/t2/nominal,best_eval_success_once.pt,rgb,1,0,1888,8,0.05542902648448944,0.18735696375370026,0.019999999552965164,3.0198352180319996,0.12706515192985535,0.12491919100284576,0.019999999552965164,1.5139795381344503,0.09502741675385872,-1.5058556798975493,0.06494064689734724,0,0,200,0.0,0,0,-1,1,1,41,0,0,-1,0,1,1,0.0806707888841629,0.03795406222343445,0.06695030629634857,5.6367421547454e-06
/workspace/ripl/t2/nominal,best_eval_success_once.pt,rgb,1,0,1889,9,-0.08880642056465149,0.10567357391119003,0.019999999552965164,1.8653315969692126,-0.158746600151062,-0.2240995168685913,0.019999999552965164,2.8702070591704056,0.33710817273247656,1.004875462201193,-0.5659208645937035,0,0,200,0.0,0,0,-1,0,1,48,0,1,110,1,1,1,-0.18880347907543182,-0.1386454701423645,0.019999930635094643,0.01927765699698386
/workspace/ripl/t2/nominal,best_eval_success_once.pt,rgb,1,0,1890,0,0.04305953532457352,0.1496278941631317,0.019999999552965164,-2.9967990533235715,-0.03150758147239685,0.06590688228607178,0.019999999552965164,-1.6672952634408436,0.11211361530666929,1.329503789882728,-0.24129253691216856,0,0,200,0.0,0,0,-1,0,1,46,0,1,99,1,1,1,0.063011035323143,0.06116087734699249,0.019999952986836433,0.054638844418726774
/workspace/ripl/t2/nominal,best_eval_success_once.pt,rgb,1,0,1891,1,0.04868102818727493,0.0602790042757988,0.019999999552965164,0.9133904349383921,0.0034951195120811462,0.17545583844184875,0.019999999552965164,2.905806793669542,0.12372335863254248,1.99241635873115,0.4216200319362535,1,1,200,113.0,1,1,88,0,1,46,1,1,87,1,1,1,2.1442281649797224e-05,0.17199382185935974,0.05999854952096939,5.392303419812715e-07
/workspace/ripl/t2/nominal,best_eval_success_once.pt,rgb,1,0,1892,2,-0.017235752195119858,-0.018871091306209564,0.019999999552965164,2.449765177502236,0.0047509148716926575,0.2176731526851654,0.019999999552965164,0.2153464190015546,0.23756387118869315,-2.2344187585006816,-0.663622431705785,1,1,200,78.0,1,1,113,0,1,49,1,1,100,1,1,1,0.006694903131574392,0.23096007108688354,0.05999286472797394,0.004004574398719451
/workspace/ripl/t2/nominal,best_eval_success_once.pt,rgb,1,0,1893,3,-0.000773794949054718,0.07838422805070877,0.019999999552965164,2.532796410733361,0.02113562449812889,0.18941625952720642,0.019999999552965164,0.20014929384148816,0.11317302980087876,-2.3326471168918728,-0.7618507900969762,1,1,200,102.0,1,1,89,0,1,41,1,1,85,1,1,1,0.013800974003970623,0.19323766231536865,0.05999936908483505,0.001554951813791172
/workspace/ripl/t2/nominal,best_eval_success_once.pt,rgb,1,0,1894,4,0.1748887300491333,-0.215509295463562,0.019999999552965164,-2.1795957963661614,0.03497610613703728,-0.25180792808532715,0.019999999552965164,-1.6583588727982015,0.14454457118888103,0.5212369235679599,0.5212369235679599,0,0,200,0.0,0,0,-1,0,0,-1,0,0,-1,1,1,1,0.1748889535665512,-0.21550960838794708,0.019999997690320015,2.7207170000545386e-06
/workspace/ripl/t2/nominal,best_eval_success_once.pt,rgb,1,0,1895,5,0.1532496213912964,0.07290592044591904,0.019999999552965164,-3.106955594059113,0.06975451856851578,-0.10726592689752579,0.019999999552965164,1.9602038294357254,0.198578263590294,-1.2160258836847477,0.3547704431101488,1,1,200,85.0,1,1,116,0,1,55,1,1,115,1,1,1,0.07120740413665771,-0.10063782334327698,0.05999830365180969,8.345980623328952e-07
/workspace/ripl/t2/nominal,best_eval_success_once.pt,rgb,1,0,1896,6,0.006672240793704987,0.05424750596284866,0.019999999552965164,1.239832977146746,0.014807790517807007,0.15843182802200317,0.019999999552965164,-1.3941705669906312,0.1045014838757755,-2.634003544137377,0.5075891094524163,1,1,200,111.0,1,1,90,0,1,43,1,1,85,1,1,1,0.009222328662872314,0.16017571091651917,0.060000866651535034,3.481536671909445e-05
/workspace/ripl/t2/nominal,best_eval_success_once.pt,rgb,1,0,1897,7,-0.12866264581680298,-0.02834872156381607,0.019999999552965164,-2.2028543893997163,-0.10598146170377731,0.08927043527364731,0.019999999552965164,1.2554817573278787,0.11978606833820357,-2.8248491604519916,0.3167434931378015,1,1,200,97.0,1,1,104,0,1,51,1,1,101,1,1,1,-0.11136196553707123,0.09223174303770065,0.05999189615249634,4.504983561584644e-07
/workspace/ripl/t2/nominal,best_eval_success_once.pt,rgb,1,0,1898,8,0.10245297849178314,0.03507084399461746,0.019999999552965164,2.266585645175758,-0.019698627293109894,0.20787280797958374,0.019999999552965164,-3.1309250026079347,0.21161647750798968,0.8856746593958942,-0.6851216673990024,1,1,200,97.0,1,1,104,0,1,52,1,1,100,1,1,1,-0.012068797834217548,0.21961405873298645,0.05999055132269859,5.580504761801731e-06
/workspace/ripl/t2/nominal,best_eval_success_once.pt,rgb,1,0,1899,9,-0.07928874343633652,0.02085684984922409,0.019999999552965164,-2.828212055518108,0.02808847278356552,-0.12224084138870239,0.019999999552965164,-0.8471195975946482,0.1789044879279459,1.98109245792346,0.41029613112856334,1,1,200,74.0,1,1,107,0,1,49,1,1,102,1,1,1,0.02597540244460106,-0.13592661917209625,0.05999661609530449,0.002684949064848945
/workspace/ripl/t2/nominal,best_eval_success_once.pt,rgb,1,0,1900,0,-0.01807466149330139,0.11517288535833359,0.019999999552965164,0.07853449531718404,-0.017609402537345886,0.025197245180606842,0.019999999552965164,3.0398118606850955,0.08997684308358375,2.9612773653679114,-0.1803152882218817,1,1,200,91.0,1,1,79,0,1,38,1,1,74,1,1,1,-0.007076222449541092,0.00902292225509882,0.06000117212533951,6.510633592413107e-06
/workspace/ripl/t2/nominal,best_eval_success_once.pt,rgb,1,0,1901,1,0.015583418309688568,0.1227065846323967,0.019999999552965164,-1.6737506664548283,-0.00022079795598983765,0.03443566709756851,0.019999999552965164,1.5380741763507855,0.08967456793435233,-3.0713604643739725,0.07023218921582064,1,1,200,109.0,1,1,92,0,1,48,1,1,91,1,1,1,0.00254849623888731,0.0406779907643795,0.05999932810664177,1.057862519568669e-06
/workspace/ripl/t2/nominal,best_eval_success_once.pt,rgb,1,0,1902,2,-0.025431305170059204,-0.01115039736032486,0.019999999552965164,-0.2975319144259032,-0.0015560239553451538,-0.08233384042978287,0.019999999552965164,2.284542305441131,0.07508070071799042,2.5820742198670343,-0.5595184337227588,1,1,200,110.0,1,1,91,0,1,41,1,1,90,1,1,1,-0.006100856699049473,-0.09928005933761597,0.05999412760138512,0.00012929138797335073
/workspace/ripl/t2/nominal,best_eval_success_once.pt,rgb,1,0,1903,3,0.019294537603855133,-0.03742251545190811,0.019999999552965164,2.6007536305677856,-0.11480826884508133,0.09883540123701096,0.019999999552965164,0.9606936761304077,0.19117997425955818,-1.640059954437378,-0.0692636276424814,1,1,200,103.0,1,1,98,0,1,47,1,1,94,1,1,1,-0.11600936949253082,0.0980420708656311,0.06000029295682907,2.560442727422652e-07
/workspace/ripl/t2/nominal,best_eval_success_once.pt,rgb,1,0,1904,4,-0.14368091523647308,-0.15439081192016602,0.019999999552965164,0.1266743742362979,-0.08727836608886719,-0.08447418361902237,0.019999999552965164,2.759857619516641,0.08983085474016364,2.633183245280343,-0.5084094083094501,1,1,200,92.0,1,1,109,0,1,64,1,1,106,1,1,1,-0.08339069783687592,-0.08027683198451996,0.06000151112675667,1.0720813337817208e-06
/workspace/ripl/t2/nominal,best_eval_success_once.pt,rgb,1,0,1905,5,0.0555010549724102,0.014166153967380524,0.019999999552965164,1.3214739790793912,0.017374452203512192,-0.046531327068805695,0.019999999552965164,1.685990008698906,0.07167860240570771,0.3645160296195149,0.3645160296195149,1,1,200,117.0,1,1,84,0,1,45,1,1,83,1,1,1,0.02965167909860611,-0.053308047354221344,0.05999557673931122,8.415115019133642e-05
/workspace/ripl/t2/nominal,best_eval_success_once.pt,rgb,1,0,1906,6,0.05357092618942261,-0.17683908343315125,0.019999999552965164,-2.030281846122186,-0.03112473338842392,-0.16831758618354797,0.019999999552965164,1.0734405398343743,0.08512326748135002,3.1037223859565604,-0.03787026763323276,1,1,200,102.0,1,1,99,0,1,51,1,1,96,1,1,1,-0.028518274426460266,-0.16328203678131104,0.06000307947397232,0.001241348717350531
/workspace/ripl/t2/nominal,best_eval_success_once.pt,rgb,1,0,1907,7,0.06481023132801056,0.08540662378072739,0.019999999552965164,2.533137818377575,0.020709209144115448,-0.1408766210079193,0.019999999552965164,-1.710444710882756,0.23054068410964476,2.0396027779192547,0.46880645112435815,1,1,200,104.0,1,1,97,0,1,45,1,1,90,1,1,1,0.004525140859186649,-0.14853473007678986,0.05999663472175598,3.604117769893981e-06
/workspace/ripl/t2/nominal,best_eval_success_once.pt,rgb,1,0,1908,8,0.05849892646074295,0.029841028153896332,0.019999999552965164,1.474578708146204,0.0801733136177063,-0.12603947520256042,0.019999999552965164,0.49715771423124044,0.15738014609629852,-0.9774209939149632,0.5933753328799334,1,1,200,115.0,1,1,86,0,1,39,1,1,85,1,1,1,0.07725614309310913,-0.13370105624198914,0.05999770388007164,1.8754311646028834e-06
/workspace/ripl/t2/nominal,best_eval_success_once.pt,rgb,1,0,1909,9,-0.08599264919757843,0.16585445404052734,0.019999999552965164,2.5995099818936964,0.029816024005413055,0.01649879664182663,0.019999999552965164,0.21631228160885474,0.1889940771189281,-2.3831977002848417,0.7583949533049514,1,1,200,47.0,1,1,104,0,1,46,1,1,96,1,1,1,0.03686980903148651,0.023189319297671318,0.05999920144677162,0.001854288235696862
/workspace/ripl/t2/nominal,best_eval_success_once.pt,rgb,1,0,1910,0,0.17338892817497253,-0.15189491212368011,0.019999999552965164,0.5597378788021228,0.12140212953090668,-0.07206012308597565,0.019999999552965164,-1.971567864941206,0.09526920160237214,-2.531305743743329,0.6102869098464643,0,0,200,0.0,0,0,-1,0,0,-1,0,0,-1,1,1,1,0.17338816821575165,-0.15189452469348907,0.019999895244836807,1.4975666999816895e-06
/workspace/ripl/t2/nominal,best_eval_success_once.pt,rgb,1,0,1911,1,-0.04427313804626465,-0.07069770991802216,0.019999999552965164,-2.9049168240860306,0.05304357409477234,-0.16537624597549438,0.019999999552965164,-1.628869794973383,0.13577395792981628,1.2760470291126476,-0.294749297682249,1,1,200,98.0,1,1,103,0,1,46,1,1,95,1,1,1,0.0633593499660492,-0.1619192510843277,0.05999667942523956,0.00025127641844934184
/workspace/ripl/t2/nominal,best_eval_success_once.pt,rgb,1,0,1912,2,-0.1868947297334671,-0.006333179771900177,0.019999999552965164,-1.4519074287866074,-0.12186646461486816,-0.08325675874948502,0.019999999552965164,1.120669724291206,0.10072691927710052,2.5725771530778134,-0.5690155005119797,1,1,200,78.0,1,1,123,0,1,65,1,1,117,1,1,1,-0.128578320145607,-0.07558594644069672,0.05999651178717613,0.0011303383008362232
/workspace/ripl/t2/nominal,best_eval_success_once.pt,rgb,1,0,1913,3,0.02530396729707718,-0.026350148022174835,0.019999999552965164,-2.6189907950786058,0.048611827194690704,0.21278879046440125,0.019999999552965164,-0.6693171036476455,0.2402721128918069,1.9496736914309603,0.3788773646360637,0,0,200,0.0,0,0,-1,1,1,40,0,1,90,0,1,1,0.018788397312164307,0.10117312520742416,0.09736840426921844,0.0037716025132571514
/workspace/ripl/t2/nominal,best_eval_success_once.pt,rgb,1,0,1914,4,-0.12185894697904587,-0.022513262927532196,0.019999999552965164,0.9368563049016299,-0.03752221167087555,0.0606619194149971,0.019999999552965164,-2.865849338007563,0.11845166052087822,2.4804796642703932,-0.6611129893193999,1,1,200,105.0,1,1,96,0,1,46,1,1,88,1,1,1,-0.03461473435163498,0.055490896105766296,0.06000123172998428,0.0006078016867851108
/workspace/ripl/t2/nominal,best_eval_success_once.pt,rgb,1,0,1915,5,-0.024562254548072815,-0.03211142122745514,0.019999999552965164,-2.086890874998713,-0.11457590013742447,0.03357792645692825,0.019999999552965164,2.0655850294766265,0.1114340468236042,-2.1307094027042464,-0.5599130759093498,1,1,200,103.0,1,1,98,0,1,46,1,1,92,1,1,1,-0.10904564708471298,0.04511256888508797,0.05999957025051117,2.3091752131382676e-06
/workspace/ripl/t2/nominal,best_eval_success_once.pt,rgb,1,0,1916,6,0.13472314178943634,-0.10179554671049118,0.019999999552965164,3.063060760170773,0.024927709251642227,0.21726885437965393,0.019999999552965164,0.40705357326385627,0.3374272203737782,-2.6560071869069173,0.48558546668287583,1,1,200,89.0,1,1,112,0,1,55,1,1,108,1,1,1,0.02712615206837654,0.21061481535434723,0.05999822914600372,6.527900289325065e-07
/workspace/ripl/t2/nominal,best_eval_success_once.pt,rgb,1,0,1917,7,-0.04445721209049225,0.13739699125289917,0.019999999552965164,0.1400618771532094,0.05057685077190399,0.14728346467018127,0.019999999552965164,-1.2439968996792654,0.0955469280550898,-1.3840587768324752,0.1867375499624213,1,0,200,11.0,0,1,95,0,1,42,0,1,89,0,1,1,0.05739424377679825,0.09432961046695709,0.05302068591117859,0.01336758315445912
/workspace/ripl/t2/nominal,best_eval_success_once.pt,rgb,1,0,1918,8,-0.14670462906360626,-0.007490776479244232,0.019999999552965164,2.605915787295582,-0.122738778591156,0.06739415973424911,0.019999999552965164,-2.3557226692423967,0.07862643105576402,1.3215468506416066,-0.24924947615328996,1,1,200,93.0,1,1,108,0,1,51,1,1,102,1,1,1,-0.11343996971845627,0.06420672684907913,0.05999450758099556,3.1161602434055715e-06
/workspace/ripl/t2/nominal,best_eval_success_once.pt,rgb,1,0,1919,9,-0.03670655936002731,-0.03841337561607361,0.019999999552965164,-2.7121708846061328,-0.00944528728723526,0.03800763934850693,0.019999999552965164,-2.3422746523362576,0.08113783632340361,0.3698962322698751,0.3698962322698751,0,0,200,0.0,0,0,-1,0,1,44,0,1,85,1,1,1,0.07222628593444824,0.08050999790430069,0.019999975338578224,0.03311775592304677
/workspace/ripl/t2/nominal,best_eval_success_once.pt,rgb,1,0,1920,0,-0.046879686415195465,-0.15433374047279358,0.019999999552965164,1.438790947572135,0.028796158730983734,-0.0938863605260849,0.019999999552965164,-0.5267728179415605,0.09685411339230901,-1.9655637655136955,-0.39476743871879894,1,1,200,114.0,1,1,87,0,1,39,1,1,83,1,1,1,0.03143855556845665,-0.09034586697816849,0.05999964848160744,1.2634666809002481e-06
/workspace/ripl/t2/nominal,best_eval_success_once.pt,rgb,1,0,1921,1,0.0333077497780323,0.009423963725566864,0.019999999552965164,-0.05053407138169064,-0.009952839463949203,-0.082033671438694,0.019999999552965164,-1.1544631556121878,0.10117300831448323,-1.1039290842304972,0.4668672425643994,1,1,200,112.0,1,1,89,0,1,46,1,1,88,1,1,1,-0.006382748018950224,-0.08984655141830444,0.05999577417969704,6.955873240402892e-06
/workspace/ripl/t2/nominal,best_eval_success_once.pt,rgb,1,0,1922,2,-0.07487465441226959,0.1856972575187683,0.019999999552965164,1.8737212835945039,-0.036772072315216064,0.23304405808448792,0.019999999552965164,-0.9651100834059179,0.060774388407229,-2.838831367000422,0.3027612865893712,0,0,200,0.0,0,0,-1,0,1,57,0,0,-1,1,1,1,-0.01829599402844906,0.16238154470920563,0.019999876618385315,0.019951524977276744
/workspace/ripl/t2/nominal,best_eval_success_once.pt,rgb,1,0,1923,3,-0.043053627014160156,0.03569100797176361,0.019999999552965164,0.7543189168257962,-0.13265573978424072,0.01900842785835266,0.019999999552965164,-2.0889419114744943,0.09114190634446159,-2.8432608283002905,0.29833182528950264,1,1,200,118.0,1,1,83,0,1,37,1,1,79,1,1,1,-0.12015167623758316,0.015385549515485764,0.059994179755449295,2.440335285178932e-06
/workspace/ripl/t2/nominal,best_eval_success_once.pt,rgb,1,0,1924,4,-0.07506636530160904,-0.011395879089832306,0.019999999552965164,1.3317772250956426,0.00044132769107818604,0.08185959607362747,0.019999999552965164,1.2395303933055808,0.11999164699694963,-0.09224683179006199,-0.09224683179006199,1,1,200,102.0,1,1,99,0,1,47,1,1,95,1,1,1,0.0003753745404537767,0.08885852247476578,0.06000170856714249,4.958327825691422e-07
/workspace/ripl/t2/nominal,best_eval_success_once.pt,rgb,1,0,1925,5,0.07047127187252045,0.07207553088665009,0.019999999552965164,-3.068224013354371,0.07717949897050858,-0.009823828935623169,0.019999999552965164,1.8214872291381727,0.08217362989485355,-1.3934740646870427,0.17732226210785385,1,1,200,103.0,1,1,90,0,1,48,1,1,87,1,1,1,0.07595904171466827,-0.023762136697769165,0.06000157445669174,0.000912940046177887
/workspace/ripl/t2/nominal,best_eval_success_once.pt,rgb,1,0,1926,6,-0.11293557286262512,0.15931734442710876,0.019999999552965164,-1.1166260138273216,-0.07735621184110641,-0.07421702891588211,0.019999999552965164,3.1239414228427256,0.23622911434326424,-2.042617870509539,-0.47182154371464247,1,1,200,24.0,1,1,177,0,1,51,1,1,176,1,1,1,-0.059091418981552124,-0.0794709175825119,0.05999844893813133,8.556256424312287e-05
/workspace/ripl/t2/nominal,best_eval_success_once.pt,rgb,1,0,1927,7,0.04702102392911911,-0.12201549857854843,0.019999999552965164,-2.1835444636592225,0.026551850140094757,0.1214633658528328,0.019999999552965164,0.14712546978350627,0.24433776724117007,2.3306699334427288,0.7598736066478322,1,1,200,105.0,1,1,96,0,1,46,1,1,95,1,1,1,0.020818479359149933,0.1087455153465271,0.05999802425503731,1.8280056812461025e-06
/workspace/ripl/t2/nominal,best_eval_success_once.pt,rgb,1,0,1928,8,0.049329422414302826,-0.16169309616088867,0.019999999552965164,2.990475907831609,0.0727841779589653,-0.07903686910867691,0.019999999552965164,0.5673676802841694,0.08591959862666176,-2.4231082275474396,0.7184844260423535,1,1,200,110.0,1,1,91,0,1,50,1,1,89,1,1,1,0.05954479053616524,-0.073505699634552,0.05999545007944107,8.552101481448147e-06
/workspace/ripl/t2/nominal,best_eval_success_once.pt,rgb,1,0,1929,9,0.0765635222196579,-0.08681675791740417,0.019999999552965164,0.9362409965675593,0.045604392886161804,-0.0018467158079147339,0.019999999552965164,2.637293550945634,0.09043437258684635,1.7010525543780748,0.13025622758317823,1,1,200,113.0,1,1,88,0,1,47,1,1,84,1,1,1,0.03781116008758545,-0.0064135086722671986,0.05999564379453659,2.850671491520037e-06
/workspace/ripl/t2/nominal,best_eval_success_once.pt,rgb,1,0,1930,0,-0.021724462509155273,0.19355133175849915,0.019999999552965164,1.6434182808561353,-0.15799811482429504,-0.08706658333539963,0.019999999552965164,1.7202097023035736,0.31195660369185035,0.07679142144743833,0.07679142144743833,1,0,200,1.0,0,1,122,1,1,50,0,1,114,0,1,1,-0.18234014511108398,-0.07898043841123581,0.11306225508451462,0.018031599251350415
/workspace/ripl/t2/nominal,best_eval_success_once.pt,rgb,1,0,1931,1,0.04933179169893265,-0.17165394127368927,0.019999999552965164,-2.8285234873796297,-0.030158579349517822,-0.25285810232162476,0.019999999552965164,-0.49323637830704614,0.11363465519338445,2.3352871090725835,0.764490782277687,0,0,200,0.0,0,0,-1,1,1,51,0,0,-1,0,1,1,-0.021090993657708168,-0.12578538060188293,0.06702599674463272,1.6366875431234815e-06
/workspace/ripl/t2/nominal,best_eval_success_once.pt,rgb,1,0,1932,2,0.14137636125087738,0.02227924019098282,0.019999999552965164,-2.0429090471902036,0.18417231738567352,-0.14100465178489685,0.019999999552965164,-2.0998313794751002,0.16879906172808584,-0.056922332284896626,-0.056922332284896626,0,0,200,0.0,0,0,-1,1,1,55,0,0,-1,0,1,1,0.145982563495636,-0.15979087352752686,0.06370066851377487,8.196993195697705e-07
/workspace/ripl/t2/nominal,best_eval_success_once.pt,rgb,1,0,1933,3,0.03720049560070038,0.011435098946094513,0.019999999552965164,-1.4413083539227465,-0.0881979838013649,-0.1745489239692688,0.019999999552965164,-0.013582531374238371,0.22430968640728063,1.427725822548508,-0.14307050424638845,1,0,200,23.0,0,1,92,0,1,38,1,1,87,0,1,1,-0.06907212734222412,-0.16241319477558136,0.05890185013413429,0.015569789838753187
/workspace/ripl/t2/nominal,best_eval_success_once.pt,rgb,1,0,1934,4,-0.09533533453941345,-0.21883684396743774,0.019999999552965164,-2.7212315172346866,0.03793491795659065,-0.13643649220466614,0.019999999552965164,1.6622614920424048,0.15668687938362033,-1.8996922979024946,-0.32889597110759805,1,1,200,98.0,1,1,103,0,1,45,1,1,97,1,1,1,0.04552918300032616,-0.12575006484985352,0.05999848246574402,8.555200342389034e-07
/workspace/ripl/t2/nominal,best_eval_success_once.pt,rgb,1,0,1935,5,0.07626751065254211,-0.17002162337303162,0.019999999552965164,0.04994463332443244,0.007234543561935425,0.1359943449497223,0.019999999552965164,-1.0154784585565535,0.31370579117039826,-1.0654230918809855,0.5053732349139111,1,1,200,69.0,1,1,113,0,1,49,1,1,107,1,1,1,-0.0035246394108980894,0.13966993987560272,0.060002122074365616,0.0028010631557636575
/workspace/ripl/t2/nominal,best_eval_success_once.pt,rgb,1,0,1936,6,0.10797491669654846,0.08427298814058304,0.019999999552965164,2.765735677909126,0.17321358621120453,-0.07793476432561874,0.019999999552965164,-2.321084048055522,0.17483546253600585,1.1963655812149376,-0.3744307455799589,1,1,200,98.0,1,1,103,0,1,47,1,1,92,1,1,1,0.15501046180725098,-0.07871158421039581,0.06000104919075966,0.00027371155227388515
/workspace/ripl/t2/nominal,best_eval_success_once.pt,rgb,1,0,1937,7,0.05932387709617615,0.10869013518095016,0.019999999552965164,-0.4729907940075462,-0.028680507093667984,0.026355423033237457,0.019999999552965164,-1.4992416105633666,0.12051463173026086,-1.0262508165558204,0.5445455102390762,1,1,200,106.0,1,1,95,0,1,47,1,1,91,1,1,1,-0.024033771827816963,0.014790039509534836,0.05999599024653435,1.6836467946939836e-06
/workspace/ripl/t2/nominal,best_eval_success_once.pt,rgb,1,0,1938,8,-0.03305041790008545,-0.04385409504175186,0.019999999552965164,0.5818501872872481,0.061980798840522766,-0.20245537161827087,0.019999999552965164,-0.37983922164933537,0.18489266369140214,-0.961689408936584,0.6091069178583126,1,1,200,96.0,1,1,105,0,1,43,1,1,94,1,1,1,0.0648832842707634,-0.19075928628444672,0.059994351118803024,0.0001548477799442734
/workspace/ripl/t2/nominal,best_eval_success_once.pt,rgb,1,0,1939,9,-0.011088110506534576,-0.06936860829591751,0.019999999552965164,-2.8961444499831828,0.10496404767036438,0.1838470697402954,0.019999999552965164,-0.3417690428643536,0.2785431439128506,2.554375407118829,-0.587217246470964,1,1,200,89.0,1,1,111,0,1,53,1,1,102,1,1,1,0.0889986976981163,0.18676523864269257,0.06000105291604996,5.8335069571913256e-05
/workspace/ripl/t2/nominal,best_eval_success_once.pt,rgb,1,0,1940,0,0.03806794434785843,0.0194733664393425,0.019999999552965164,2.305522860484148,0.021310381591320038,0.16223019361495972,0.019999999552965164,1.1558635884391404,0.14373700850785912,-1.1496592720450076,0.42113705474988894,1,1,200,93.0,1,1,92,0,1,43,1,1,86,1,1,1,0.018192114308476448,0.16572459042072296,0.05999903008341789,0.0052736002734116195
/workspace/ripl/t2/nominal,best_eval_success_once.pt,rgb,1,0,1941,1,-0.02608802169561386,-0.042201533913612366,0.019999999552965164,-1.1815779394526356,-0.08184357732534409,-0.13725146651268005,0.019999999552965164,2.5318681817780044,0.11019606014131018,-2.5697391859489462,0.5718534676408469,1,1,200,111.0,1,1,90,0,1,45,1,1,89,1,1,1,-0.07783424854278564,-0.12830030918121338,0.059999018907547,6.41831950970941e-07
/workspace/ripl/t2/nominal,best_eval_success_once.pt,rgb,1,0,1942,2,0.13622786104679108,0.16945332288742065,0.019999999552965164,3.029879573607092,0.03473501652479172,0.07443354278802872,0.019999999552965164,2.0109777561298112,0.13903077392902455,-1.0189018174772801,0.5518945093176164,0,0,200,0.0,0,0,-1,0,1,56,0,1,107,1,1,1,0.04509800672531128,0.02136317826807499,0.019999904558062553,0.03557338547155196
/workspace/ripl/t2/nominal,best_eval_success_once.pt,rgb,1,0,1943,3,-0.17215779423713684,0.16437271237373352,0.019999999552965164,2.0657967887715873,-0.16180792450904846,0.23001956939697266,0.019999999552965164,-1.9192120766619034,0.06645772822191563,2.2981764417460955,0.7273801149511989,0,0,200,0.0,0,0,-1,0,1,61,0,0,-1,1,1,1,-0.1493297666311264,0.17664232850074768,0.019999949261546135,0.007700973063807823
/workspace/ripl/t2/nominal,best_eval_success_once.pt,rgb,1,0,1944,4,0.014318384230136871,-0.10200516134500504,0.019999999552965164,1.7363101928360845,-0.07798893749713898,-0.09037574380636215,0.019999999552965164,-0.7416194552564592,0.09303700874786822,-2.4779296480925437,0.6636630054972494,1,1,200,117.0,1,1,84,0,1,37,1,1,83,1,1,1,-0.07707954198122025,-0.09136258065700531,0.060000449419021606,5.277941073669973e-05
/workspace/ripl/t2/nominal,best_eval_success_once.pt,rgb,1,0,1945,5,-0.14523236453533173,0.2666059136390686,0.019999999552965164,1.8642027688749796,-0.10979288816452026,0.09649034589529037,0.019999999552965164,1.7512215298540863,0.17376784188746003,-0.1129812390208933,-0.1129812390208933,1,1,200,102.0,1,1,99,0,1,43,1,1,95,1,1,1,-0.11380022019147873,0.0872686430811882,0.05999761447310448,1.9993116260004126e-06
/workspace/ripl/t2/nominal,best_eval_success_once.pt,rgb,1,0,1946,6,-0.025631077587604523,-0.0811929777264595,0.019999999552965164,-1.6369199157545573,0.09557284414768219,-0.045259617269039154,0.019999999552965164,-2.3019261021427457,0.12641834138200203,-0.6650061863881884,-0.6650061863881884,0,0,200,0.0,0,0,-1,1,1,42,0,1,96,0,1,1,0.08420199900865555,-0.025032589212059975,0.07920706272125244,0.0015377177193119874
/workspace/ripl/t2/nominal,best_eval_success_once.pt,rgb,1,0,1947,7,0.002885587513446808,-0.02431059628725052,0.019999999552965164,2.6700644994528706,0.13639262318611145,-0.0755002424120903,0.019999999552965164,2.9553518110512083,0.1429842943979809,0.28528731159833765,0.28528731159833765,1,1,200,102.0,1,1,99,0,1,38,1,1,91,1,1,1,0.13286833465099335,-0.07826245576143265,0.06000002473592758,7.778634510122649e-07
/workspace/ripl/t2/nominal,best_eval_success_once.pt,rgb,1,0,1948,8,-0.07903546094894409,-0.027454152703285217,0.019999999552965164,2.9930026468789097,-0.19088886678218842,0.21911683678627014,0.019999999552965164,-3.0459025505230617,0.27075530882026094,0.24428010977761438,0.24428010977761438,1,1,200,94.0,1,1,107,0,1,48,1,1,100,1,1,1,-0.18760856986045837,0.20459936559200287,0.05999363958835602,3.192084722466614e-06
/workspace/ripl/t2/nominal,best_eval_success_once.pt,rgb,1,0,1949,9,0.012540780007839203,0.1783483922481537,0.019999999552965164,2.501464369954523,0.08449643850326538,0.056977905333042145,0.019999999552965164,-2.531540481084999,0.14109717177718928,1.2501804561400647,-0.3206158706548319,1,1,200,112.0,1,1,89,0,1,38,1,1,85,1,1,1,0.08700773119926453,0.05490783601999283,0.059998828917741776,1.109561315118203e-06
/workspace/ripl/t2/nominal,best_eval_success_once.pt,rgb,1,0,1950,0,-0.08148541301488876,0.01181609183549881,0.019999999552965164,0.7034720827395855,0.07715856283903122,0.24814486503601074,0.019999999552965164,-1.5364105797779946,0.28463871858409945,-2.23988266251758,-0.6690863357226835,1,1,200,92.0,1,1,109,0,1,35,1,1,99,1,1,1,0.061511531472206116,0.24761426448822021,0.06000244989991188,0.00305658632034939
/workspace/ripl/t2/nominal,best_eval_success_once.pt,rgb,1,0,1951,1,-0.10010366141796112,0.1436123251914978,0.019999999552965164,2.8070018577177716,-0.04009593278169632,-0.09652797132730484,0.019999999552965164,-1.4813520615737152,0.24752432104385633,1.9948313878880999,0.4240350610932033,1,1,200,92.0,1,1,109,0,1,49,1,1,104,1,1,1,-0.053836334496736526,-0.10573289543390274,0.05999637395143509,2.7601585633923452e-06
/workspace/ripl/t2/nominal,best_eval_success_once.pt,rgb,1,0,1952,2,-0.03556227311491966,0.2286619246006012,0.019999999552965164,-1.7777217102760563,-0.03232886642217636,-0.11638427525758743,0.019999999552965164,-1.4654382741752263,0.345061349553116,0.31228343610083,0.31228343610083,1,1,200,94.0,1,1,107,0,1,48,1,1,106,1,1,1,-0.03243844956159592,-0.12848053872585297,0.05999875068664551,2.063814187520521e-06
/workspace/ripl/t2/nominal,best_eval_success_once.pt,rgb,1,0,1953,3,0.10731560736894608,-0.05722777545452118,0.019999999552965164,-1.8822071062114292,0.017058677971363068,-0.05886346101760864,0.019999999552965164,3.0429413465509727,0.0902717495761635,-1.3580368544171844,0.2127594723777122,1,1,200,97.0,1,1,104,0,1,45,1,1,103,1,1,1,0.017562424764037132,-0.059899743646383286,0.05999966710805893,2.2725072354599257e-06
/workspace/ripl/t2/nominal,best_eval_success_once.pt,rgb,1,0,1954,4,-0.08897694945335388,-0.19433648884296417,0.019999999552965164,-2.013323524693557,-0.14026035368442535,0.16315948963165283,0.019999999552965164,-2.0299870280296624,0.3611555927506195,-0.016663503336105556,-0.016663503336105556,1,1,200,75.0,1,1,126,0,1,58,1,1,121,1,1,1,-0.1410379856824875,0.15425699949264526,0.05999086797237396,2.181532034456106e-06
/workspace/ripl/t2/nominal,best_eval_success_once.pt,rgb,1,0,1955,5,0.12451666593551636,0.12933537364006042,0.019999999552965164,1.4425058806268558,0.08123788237571716,-0.04652348905801773,0.019999999552965164,-0.5068710790777371,0.18110602611696125,-1.9493769597045931,-0.37858063290969657,1,1,200,98.0,1,1,103,0,1,53,1,1,102,1,1,1,0.08454669266939163,-0.04661093279719353,0.05999984219670296,1.788527352237374e-07
/workspace/ripl/t2/nominal,best_eval_success_once.pt,rgb,1,0,1956,6,-0.025202877819538116,-0.10448656231164932,0.019999999552965164,-0.766214633249894,0.030803918838500977,-0.26472675800323486,0.019999999552965164,-1.267509763092118,0.16974593246134814,-0.5012951298422239,-0.5012951298422239,0,0,200,0.0,0,0,-1,1,1,38,0,1,86,0,1,1,0.043518975377082825,-0.3190852999687195,0.10775329172611237,0.00013377351240023377
/workspace/ripl/t2/nominal,best_eval_success_once.pt,rgb,1,0,1957,7,0.1186564713716507,-0.12449344992637634,0.019999999552965164,-0.5922472898935496,-0.016810838133096695,-0.23936031758785248,0.019999999552965164,2.78357198305831,0.1776113431929788,-2.907366034227726,0.234226619362067,1,0,200,13.0,0,1,139,0,1,48,1,1,138,0,1,1,-0.03383122384548187,-0.25516197085380554,0.059994012117385864,0.0016508707689615368
/workspace/ripl/t2/nominal,best_eval_success_once.pt,rgb,1,0,1958,8,0.09909109771251678,0.1591845601797104,0.019999999552965164,-2.9610951811869093,-0.046052977442741394,-0.11523839086294174,0.019999999552965164,1.9288625773296975,0.31044284274505846,-1.3932275486629795,0.17756877813191707,1,1,200,86.0,1,1,115,0,1,49,1,1,111,1,1,1,-0.04376630857586861,-0.11554624140262604,0.06000220403075218,4.300250254800616e-07
/workspace/ripl/t2/nominal,best_eval_success_once.pt,rgb,1,0,1959,9,0.1523873656988144,0.1475645899772644,0.019999999552965164,2.8266349386664817,0.05688177049160004,-0.010468520224094391,0.019999999552965164,-0.21855146480779597,0.1846504336193097,-3.0451864034742773,0.09640625011551585,0,0,200,0.0,0,0,-1,1,1,58,0,0,-1,0,1,1,0.024590879678726196,-0.05361254885792732,0.11484284698963165,0.0024436654985547095
/workspace/ripl/t2/nominal,best_eval_success_once.pt,rgb,1,0,1960,0,0.03694841265678406,-0.1303829848766327,0.019999999552965164,-2.588939741413342,-0.06222649663686752,-0.19008415937423706,0.019999999552965164,-2.284102428521569,0.11575790629498024,0.30483731289177296,0.30483731289177296,1,1,200,107.0,1,1,94,0,1,43,1,1,93,1,1,1,-0.06564559787511826,-0.1809457689523697,0.059999071061611176,1.6870589041076934e-06
/workspace/ripl/t2/nominal,best_eval_success_once.pt,rgb,1,0,1961,1,0.011984944343566895,-0.06197892874479294,0.019999999552965164,1.6767467927023965,-0.07857533544301987,0.18338176608085632,0.019999999552965164,-2.563908468918717,0.2615397385491357,2.0425300455584727,0.47173371876357617,1,1,200,101.0,1,1,100,0,1,42,1,1,99,1,1,1,-0.08172477036714554,0.18897540867328644,0.05999942868947983,8.548709294153763e-07
/workspace/ripl/t2/nominal,best_eval_success_once.pt,rgb,1,0,1962,2,0.06732665747404099,-0.05516289174556732,0.019999999552965164,-2.8032112468769848,0.018433697521686554,0.17667138576507568,0.019999999552965164,-1.785454073901871,0.23693385946669668,1.0177571729751138,-0.5530391538197827,1,1,200,85.0,1,1,95,0,1,43,1,1,93,1,1,1,0.015079278498888016,0.18629156053066254,0.05999075993895531,0.0008830130798765722
/workspace/ripl/t2/nominal,best_eval_success_once.pt,rgb,1,0,1963,3,0.05709269642829895,-0.17860367894172668,0.019999999552965164,0.8320729533410645,0.1336779147386551,-0.011269867420196533,0.019999999552965164,0.2185492003323315,0.1840269005932771,-0.613523753008733,-0.613523753008733,1,1,200,98.0,1,1,103,0,1,50,1,1,99,1,1,1,0.1282057762145996,-0.008695360273122787,0.05999572202563286,6.88486158038535e-08
/workspace/ripl/t2/nominal,best_eval_success_once.pt,rgb,1,0,1964,4,-0.1491374373435974,-0.019935250282287598,0.019999999552965164,-0.0037029424809742473,-0.11869847029447556,0.13821585476398468,0.019999999552965164,-3.06086236400753,0.1610537262604457,-3.0571594215265563,0.08443323206323683,1,1,200,98.0,1,1,103,0,1,49,1,1,99,1,1,1,-0.11802700161933899,0.14132976531982422,0.06000148877501488,5.534031273338175e-07
/workspace/ripl/t2/nominal,best_eval_success_once.pt,rgb,1,0,1965,5,0.023044854402542114,0.23928070068359375,0.019999999552965164,0.5748994112145098,-0.01740659773349762,-0.03699216991662979,0.019999999552965164,1.944516121578229,0.27921858643292746,1.3696167103637191,-0.20117961643117743,0,0,200,0.0,0,0,-1,1,1,55,0,1,104,0,1,1,-0.02048061601817608,0.02751265838742256,0.04544314742088318,1.6133571677346065e-06
/workspace/ripl/t2/nominal,best_eval_success_once.pt,rgb,1,0,1966,6,0.1375819593667984,-0.182596355676651,0.019999999552965164,-0.7240288771126546,0.029590878635644913,-0.06040359288454056,0.019999999552965164,1.0705433443076613,0.16307404697330438,1.794572221420316,0.22377589462541936,1,0,200,63.0,0,1,122,1,1,56,1,1,121,0,1,1,0.029607638716697693,-0.05058800429105759,0.05995527654886246,0.0006963502013325485
/workspace/ripl/t2/nominal,best_eval_success_once.pt,rgb,1,0,1967,7,0.06990143656730652,-0.143295019865036,0.019999999552965164,-2.6121316638610637,-0.0569843053817749,0.2146856188774109,0.019999999552965164,-0.5713570674477864,0.3798027504171332,2.0407745964132773,0.46997826961838074,1,0,200,25.0,0,1,115,0,1,50,1,1,108,0,1,1,-0.043995343148708344,0.21584473550319672,0.05999866500496864,1.207045795735771e-06
/workspace/ripl/t2/nominal,best_eval_success_once.pt,rgb,1,0,1968,8,0.014339186251163483,0.07416514307260513,0.019999999552965164,-0.5324376221653777,0.09656966477632523,-0.02235426753759384,0.019999999552965164,0.2761281585511801,0.12679845512866975,0.8085657807165578,-0.7622305460783387,1,1,200,72.0,1,1,109,0,1,39,1,1,75,1,1,1,0.09921615570783615,-0.02782795950770378,0.05999383330345154,0.013290644585104639
/workspace/ripl/t2/nominal,best_eval_success_once.pt,rgb,1,0,1969,9,0.046224646270275116,-0.1807698756456375,0.019999999552965164,1.6026729289513835,0.06167268007993698,0.08568227291107178,0.019999999552965164,-2.4855240785087247,0.26689958639733996,2.194988299719478,0.6241919729245815,1,1,200,108.0,1,1,93,0,1,41,1,1,92,1,1,1,0.056635137647390366,0.08410976827144623,0.059997834265232086,1.1216526786422022e-06
/workspace/ripl/t2/nominal,best_eval_success_once.pt,rgb,1,0,1970,0,-0.15507939457893372,-0.11346929520368576,0.019999999552965164,2.9763348470161732,-0.08212383836507797,-0.2894931137561798,0.019999999552965164,0.7489035690565524,0.19054369021375234,-2.227431277959621,-0.6566349511647243,0,0,200,0.0,0,0,-1,0,1,75,0,0,-1,1,1,1,0.06276863068342209,-0.1116405576467514,0.01999991200864315,4.430433734452279e-07
/workspace/ripl/t2/nominal,best_eval_success_once.pt,rgb,1,0,1971,1,0.16467735171318054,0.09982127696275711,0.019999999552965164,1.7657344452121155,0.13759717345237732,-0.1889331340789795,0.019999999552965164,-0.9037940363662296,0.2900214577418317,-2.669528481578345,0.47206417201144824,0,0,200,0.0,0,0,-1,1,1,56,0,0,-1,0,1,1,0.16902022063732147,-0.04358302429318428,0.06252282112836838,5.372690074837192e-07
/workspace/ripl/t2/nominal,best_eval_success_once.pt,rgb,1,0,1972,2,-0.029622800648212433,-0.04424315690994263,0.019999999552965164,0.3778371705433359,-0.012548215687274933,-0.18676257133483887,0.019999999552965164,0.442054242615904,0.14353858345268564,0.0642170720725681,0.0642170720725681,0,0,200,0.0,0,0,-1,1,1,47,0,0,-1,0,1,1,0.09271054714918137,-0.15949085354804993,0.10850148648023605,0.06913273473088731
/workspace/ripl/t2/nominal,best_eval_success_once.pt,rgb,1,0,1973,3,0.13619263470172882,-0.05904402956366539,0.019999999552965164,0.3480998134611313,-0.01911347359418869,-0.1819702684879303,0.019999999552965164,-2.904431123188088,0.19806778508906672,3.0306543705303675,-0.11093828305942566,1,0,200,3.0,0,1,188,1,1,52,1,1,184,0,1,1,-0.02274557389318943,-0.1640322357416153,0.05973122641444206,0.0009740712420155508
/workspace/ripl/t2/nominal,best_eval_success_once.pt,rgb,1,0,1974,4,-0.06677107512950897,0.06503233313560486,0.019999999552965164,0.07753831444573756,-0.04218956083059311,-0.05591598153114319,0.019999999552965164,1.8693997660661077,0.12342100982391331,1.7918614516203701,0.22106512482547358,1,1,200,60.0,1,1,95,0,1,45,1,1,89,1,1,1,-0.030729802325367928,-0.05020366609096527,0.060002218931913376,0.00409609841944729
/workspace/ripl/t2/nominal,best_eval_success_once.pt,rgb,1,0,1975,5,0.09758390486240387,-0.09084144234657288,0.019999999552965164,-0.4803174037863531,-0.015082340687513351,-0.18748366832733154,0.019999999552965164,2.339780394732373,0.14843652760971696,2.8200977985187263,-0.3214948550710668,1,1,200,104.0,1,1,97,0,1,45,1,1,93,1,1,1,-0.022929249331355095,-0.18874512612819672,0.059998393058776855,1.0794607185335977e-06
/workspace/ripl/t2/nominal,best_eval_success_once.pt,rgb,1,0,1976,6,-0.13368991017341614,-0.18424279987812042,0.019999999552965164,-2.8534048119386615,-0.0022095665335655212,-0.04319770634174347,0.019999999552965164,1.4285819382789784,0.19282323297346338,-2.0011985569619464,-0.4304022301670498,0,0,200,0.0,0,0,-1,0,1,66,0,0,-1,1,1,1,0.012386363931000233,-0.06789243966341019,0.019999925047159195,0.02263816947105537
/workspace/ripl/t2/nominal,best_eval_success_once.pt,rgb,1,0,1977,7,-0.016674980521202087,0.21460819244384766,0.019999999552965164,-0.9228951963873531,-0.08061341941356659,0.05542736500501633,0.019999999552965164,-0.7298601505093179,0.17154200591139077,0.19303504587803522,0.19303504587803522,0,0,200,0.0,0,0,-1,1,1,51,0,1,101,0,1,1,-0.046388059854507446,0.11374428123235703,0.11811719089746475,9.009042913385532e-07
/workspace/ripl/t2/nominal,best_eval_success_once.pt,rgb,1,0,1978,8,0.15096387267112732,-0.04706639051437378,0.019999999552965164,-2.178841932659484,0.07962284237146378,-0.044170722365379333,0.019999999552965164,-2.342857469509254,0.0713997723963222,-0.16401553684977,-0.16401553684977,0,0,200,0.0,0,0,-1,0,1,141,0,0,-1,1,1,1,0.24136072397232056,-0.01876717247068882,0.019999921321868896,0.00904035267788906
/workspace/ripl/t2/nominal,best_eval_success_once.pt,rgb,1,0,1979,9,-0.11519546806812286,-0.18702882528305054,0.019999999552965164,-2.8994455810617374,-0.062399089336395264,-0.03386108577251434,0.019999999552965164,-0.2743452194507001,0.16201177128206298,2.6251003616110373,-0.5164922919787558,1,1,200,99.0,1,1,102,0,1,53,1,1,97,1,1,1,-0.0684553012251854,-0.03488845378160477,0.059998877346515656,0.00032073873873967863
/workspace/ripl/t2/nominal,best_eval_success_once.pt,rgb,1,0,1980,0,0.0584225207567215,0.0005244016647338867,0.019999999552965164,-2.2115003657434054,-0.05248923599720001,-0.26050639152526855,0.019999999552965164,1.8362085111285915,0.2836168062362364,-2.235476430307589,-0.6646801035126924,0,0,200,0.0,0,0,-1,1,1,44,1,1,95,0,1,1,0.007770702242851257,-0.2812649607658386,0.06049776077270508,0.0502345898034551
/workspace/ripl/t2/nominal,best_eval_success_once.pt,rgb,1,0,1981,1,-0.12420666217803955,0.10697745531797409,0.019999999552965164,-0.7217863232351052,-0.08729096502065659,-0.1230814978480339,0.019999999552965164,1.922884943998672,0.23300191121202218,2.644671267233777,-0.496921386356016,1,1,200,94.0,1,1,107,0,1,48,1,1,104,1,1,1,-0.07890473306179047,-0.11547531187534332,0.05999675765633583,1.9803693681958336e-06
/workspace/ripl/t2/nominal,best_eval_success_once.pt,rgb,1,0,1982,2,0.013676941394805908,-0.08175955712795258,0.019999999552965164,-2.9945488614820803,0.0908469632267952,-0.051401372998952866,0.019999999552965164,1.6181902625208762,0.08292666406626974,-1.6704461831766295,-0.09964985638173296,0,0,200,0.0,0,0,-1,0,1,39,0,1,83,1,1,1,0.06690099835395813,-0.11970505863428116,0.020000023767352104,0.002963251948522875
/workspace/ripl/t2/nominal,best_eval_success_once.pt,rgb,1,0,1983,3,-0.053247444331645966,-0.1191115602850914,0.019999999552965164,0.27521476010466994,-0.0035014525055885315,0.16315016150474548,0.019999999552965164,-2.4801082622902637,0.28661183382847516,-2.7553230223949337,0.38626963119485946,0,0,200,0.0,0,0,-1,0,1,44,0,1,97,1,1,1,-0.02980756387114525,0.2596561312675476,0.019999945536255836,0.01982117229341305
/workspace/ripl/t2/nominal,best_eval_success_once.pt,rgb,1,0,1984,4,-0.055933061987161636,0.08165384083986282,0.019999999552965164,0.9541877560216454,-0.0633057951927185,-0.09404604882001877,0.019999999552965164,-0.4119208524646836,0.1758545092439056,-1.3661086084863285,0.20468771830856802,1,1,200,111.0,1,1,90,0,1,40,1,1,89,1,1,1,-0.06545288860797882,-0.10516492277383804,0.05999692529439926,1.147015854478699e-05
/workspace/ripl/t2/nominal,best_eval_success_once.pt,rgb,1,0,1985,5,-0.10107008367776871,-0.19502711296081543,0.019999999552965164,-3.0342333918039293,-0.009385161101818085,-0.04178880900144577,0.019999999552965164,-1.9280064352256652,0.17857240220174625,1.106226956578264,-0.46456937021663247,1,1,200,100.0,1,1,101,0,1,49,1,1,98,1,1,1,-0.0026837836485356092,-0.0534638985991478,0.05999656766653061,2.8736022557659424e-06
/workspace/ripl/t2/nominal,best_eval_success_once.pt,rgb,1,0,1986,6,0.08613687753677368,-0.17504364252090454,0.019999999552965164,3.117305518401844,0.08056463301181793,-0.009336836636066437,0.019999999552965164,3.1391623024073207,0.16580046871345483,0.021856784005476637,0.021856784005476637,1,1,200,104.0,1,1,97,0,1,49,1,1,94,1,1,1,0.07153158634901047,-0.004835870582610369,0.060003288090229034,1.947704361001501e-06
/workspace/ripl/t2/nominal,best_eval_success_once.pt,rgb,1,0,1987,7,0.07513904571533203,-0.054834336042404175,0.019999999552965164,-2.308356306478972,0.0498223602771759,0.051045551896095276,0.019999999552965164,-0.28299793571027143,0.10886452696559953,2.0253583707687004,0.45456204397380384,1,1,200,116.0,1,1,85,0,1,44,1,1,83,1,1,1,0.04551229253411293,0.048575155436992645,0.059998925775289536,1.242846399177625e-06
/workspace/ripl/t2/nominal,best_eval_success_once.pt,rgb,1,0,1988,8,0.04473154991865158,0.05606168508529663,0.019999999552965164,1.5814385809274887,-0.0373685285449028,-0.24344976246356964,0.019999999552965164,-2.6231389158383553,0.3105600265593418,2.078607810413742,0.5078114836188456,0,0,200,0.0,0,0,-1,1,1,42,0,1,96,0,1,1,0.01743333972990513,-0.02781739830970764,0.09125712513923645,0.009697578562373941
/workspace/ripl/t2/nominal,best_eval_success_once.pt,rgb,1,0,1989,9,0.04442254453897476,-0.17193150520324707,0.019999999552965164,2.0026703613576435,0.05586615949869156,0.03509282320737839,0.019999999552965164,1.7380391744650288,0.20734036962737565,-0.2646311868926148,-0.2646311868926148,1,1,200,94.0,1,1,107,0,1,45,1,1,92,1,1,1,0.049215901643037796,0.035787180066108704,0.0599978007376194,0.0005621051359127246
/workspace/ripl/t2/nominal,best_eval_success_once.pt,rgb,1,0,1990,0,0.1357988566160202,-0.28131526708602905,0.019999999552965164,-2.4191752279628638,0.16350893676280975,-0.1422397941350937,0.019999999552965164,0.42975169527440427,0.14180915244887354,2.848926923237268,-0.2926657303525251,0,0,200,0.0,0,0,-1,0,0,-1,0,0,-1,1,1,1,0.13579928874969482,-0.2813156545162201,0.01999993436038494,7.931282152039566e-07
/workspace/ripl/t2/nominal,best_eval_success_once.pt,rgb,1,0,1991,1,0.015998683869838715,-0.11301449686288834,0.019999999552965164,-0.3480175283790259,-0.07678008079528809,0.0013677850365638733,0.019999999552965164,-1.0677378605744394,0.14727934541310514,-0.7197203321954135,-0.7197203321954135,1,1,200,114.0,1,1,87,0,1,37,1,1,86,1,1,1,-0.08032446354627609,-0.01241418719291687,0.05999735742807388,6.493381486008157e-05
/workspace/ripl/t2/nominal,best_eval_success_once.pt,rgb,1,0,1992,2,0.021433115005493164,0.248615562915802,0.019999999552965164,-2.087028473409406,-0.002056986093521118,0.1452861726284027,0.019999999552965164,2.961401002847469,0.10596578573675372,-1.2347558309227118,0.33604049587218476,1,1,200,33.0,1,1,168,0,1,47,1,1,89,1,1,1,-0.008444125764071941,0.14643603563308716,0.06000148132443428,4.410204104203557e-06
/workspace/ripl/t2/nominal,best_eval_success_once.pt,rgb,1,0,1993,3,-0.024519897997379303,-0.12814795970916748,0.019999999552965164,2.29111070265394,0.012215398252010345,0.005988314747810364,0.019999999552965164,-1.5649297859628595,0.13907559856325663,2.4271448185627866,-0.7144478350270065,1,1,200,108.0,1,1,93,0,1,47,1,1,90,1,1,1,0.011043381877243519,0.01020058337599039,0.060001153498888016,7.979593613180445e-07
/workspace/ripl/t2/nominal,best_eval_success_once.pt,rgb,1,0,1994,4,0.09673414379358292,0.10776054114103317,0.019999999552965164,-0.7786753822221915,0.0003754347562789917,-0.12209140509366989,0.019999999552965164,-3.0313623444918676,0.24923265836406075,-2.252686962269676,-0.6818906354747796,1,1,200,97.0,1,1,104,0,1,49,1,1,100,1,1,1,-0.01402024645358324,-0.11678304523229599,0.05999830365180969,6.058041951331597e-07
/workspace/ripl/t2/nominal,best_eval_success_once.pt,rgb,1,0,1995,5,-0.09827487170696259,0.18535223603248596,0.019999999552965164,-1.265322966208811,0.0051012709736824036,0.06700853258371353,0.019999999552965164,2.074685680568633,0.15713643441767433,-2.943176660402142,0.19841599318765102,1,1,200,1.0,1,0,-1,0,1,42,1,1,197,1,1,1,0.007788182236254215,0.06379951536655426,0.059998974204063416,0.005176944041091628
/workspace/ripl/t2/nominal,best_eval_success_once.pt,rgb,1,0,1996,6,0.0751529261469841,-0.015280403196811676,0.019999999552965164,-0.6256907434397201,-0.039389073848724365,-0.19047455489635468,0.019999999552965164,-1.7701615165855005,0.2093152181584974,-1.1444707731457804,0.4263255536491162,1,0,200,5.0,0,1,92,1,1,44,0,1,89,0,1,1,-0.0036533772945404053,-0.1289127916097641,0.09427548199892044,8.190710071857638e-05
/workspace/ripl/t2/nominal,best_eval_success_once.pt,rgb,1,0,1997,7,-0.08964751660823822,-0.0841938778758049,0.019999999552965164,0.061358487294113306,0.029858633875846863,0.14417827129364014,0.019999999552965164,2.18952090525401,0.25775096220925353,2.1281624179598966,0.557366091165,1,1,200,75.0,1,1,118,0,1,59,1,1,113,1,1,1,0.029447901993989944,0.15099258720874786,0.05996735021471977,0.0010489731977950478
/workspace/ripl/t2/nominal,best_eval_success_once.pt,rgb,1,0,1998,8,0.03200312703847885,-0.03684119135141373,0.019999999552965164,-1.603135430346165,-0.036370836198329926,0.1275998055934906,0.019999999552965164,-2.3734861194908756,0.17808941665619132,-0.7703506891447107,-0.7703506891447107,1,1,200,115.0,1,1,86,0,1,35,1,1,84,1,1,1,-0.04849880933761597,0.1301596611738205,0.05999414622783661,4.6559646274444235e-06
/workspace/ripl/t2/nominal,best_eval_success_once.pt,rgb,1,0,1999,9,-0.171677365899086,0.014770790934562683,0.019999999552965164,-0.7934687805645799,-0.0555681437253952,0.1197730302810669,0.019999999552965164,-0.3624279980713969,0.15654654816239177,0.431040782493183,0.431040782493183,1,1,200,90.0,1,1,111,0,1,54,1,1,105,1,1,1,-0.058325935155153275,0.11664550006389618,0.06000169739127159,0.0008034902247237642
/workspace/ripl/t2/nominal,best_eval_success_once.pt,rgb,1,0,2000,0,-0.08564296364784241,-0.2744540870189667,0.019999999552965164,1.3964601761514348,-0.18129296600818634,-0.20859301090240479,0.019999999552965164,-1.9554365084599983,0.11613184015921456,2.931288622568153,-0.2103040310216402,0,0,200,0.0,0,0,-1,0,0,-1,0,0,-1,1,1,1,-0.1080983355641365,-0.286855012178421,0.019999943673610687,3.72826933956051e-06
/workspace/ripl/t2/nominal,best_eval_success_once.pt,rgb,1,0,2001,1,0.10393226146697998,0.21227461099624634,0.019999999552965164,-0.3778379644919241,0.12039101123809814,0.036077313125133514,0.019999999552965164,0.6119879353555522,0.1769643416655173,0.9898258998474763,-0.5809704269474203,0,0,200,0.0,0,0,-1,0,1,49,0,1,103,1,1,1,0.08181892335414886,-0.014865600503981113,0.019999908283352852,0.03680322773120553
/workspace/ripl/t2/nominal,best_eval_success_once.pt,rgb,1,0,2002,2,-0.06798753142356873,-0.15684771537780762,0.019999999552965164,0.11987184353985691,0.0500163808465004,0.059070587158203125,0.019999999552965164,2.190163136477187,0.24606022978343012,2.07029129293733,0.4994949661424335,0,0,200,0.0,0,0,-1,0,1,38,0,1,88,1,1,1,0.03818647190928459,-0.031081819906830788,0.019999926909804344,0.00034496174236157306
/workspace/ripl/t2/nominal,best_eval_success_once.pt,rgb,1,0,2003,3,-0.18032339215278625,-0.14785721898078918,0.019999999552965164,-0.9204267096328342,-0.05215637385845184,-0.1313786655664444,0.019999999552965164,2.4792530450958004,0.12922200780474535,-2.883505552450952,0.25808710113884104,1,0,200,75.0,0,1,118,1,1,56,1,1,111,0,1,1,-0.04345378652215004,-0.11366403847932816,0.0598205104470253,0.001883309364994009
/workspace/ripl/t2/nominal,best_eval_success_once.pt,rgb,1,0,2004,4,0.07998847216367722,-0.03761639446020126,0.019999999552965164,1.4898564011058553,-0.02612018585205078,-0.14665153622627258,0.019999999552965164,-0.6818802912227051,0.15214371313283367,-2.17173669232856,-0.6009403655336634,1,1,200,103.0,1,1,98,0,1,45,1,1,94,1,1,1,-0.016649939119815826,-0.14620500802993774,0.05999837443232536,8.987219415384322e-07
/workspace/ripl/t2/nominal,best_eval_success_once.pt,rgb,1,0,2005,5,-0.05468625947833061,-0.001925043761730194,0.019999999552965164,1.5408353580752636,-0.02544185146689415,-0.08081413060426712,0.019999999552965164,0.7514056834271865,0.08413514974604075,-0.7894296746480771,0.7813666521468194,0,0,200,0.0,0,0,-1,0,1,45,0,1,88,1,1,1,-0.07259567826986313,-0.13436207175254822,0.019999884068965912,0.0296959749476023
/workspace/ripl/t2/nominal,best_eval_success_once.pt,rgb,1,0,2006,6,0.12144720554351807,-0.11242726445198059,0.019999999552965164,0.9349975757984428,0.04199843853712082,0.13684341311454773,0.019999999552965164,2.024087583415295,0.26162564337868893,1.0890900076168522,-0.4817063191780444,1,1,200,96.0,1,1,105,0,1,49,1,1,101,1,1,1,0.03991393372416496,0.12891288101673126,0.0599958598613739,4.086602706540826e-06
/workspace/ripl/t2/nominal,best_eval_success_once.pt,rgb,1,0,2007,7,-0.02045581489801407,0.18291550874710083,0.019999999552965164,-2.2074531287101564,0.015230484306812286,-0.1290113627910614,0.019999999552965164,-2.1074706684173226,0.31396159819080033,0.09998246029283386,0.09998246029283386,1,1,200,108.0,1,1,93,0,1,34,1,1,89,1,1,1,-0.0007874999428167939,-0.12935662269592285,0.05999324098229408,4.240638133709985e-06
/workspace/ripl/t2/nominal,best_eval_success_once.pt,rgb,1,0,2008,8,0.04344884306192398,0.1688072383403778,0.019999999552965164,-3.0796540397458063,-0.02490820735692978,0.1828751266002655,0.019999999552965164,-0.20557624541075326,0.06978962546151399,2.874077794335053,-0.26751485925474006,0,0,200,0.0,0,0,-1,0,1,42,0,1,83,1,1,1,-0.03715254366397858,0.1174129843711853,0.019999930635094643,0.024328050482945927
/workspace/ripl/t2/nominal,best_eval_success_once.pt,rgb,1,0,2009,9,0.04545159637928009,0.07867385447025299,0.019999999552965164,1.9931311727924101,0.0586688369512558,0.13956765830516815,0.019999999552965164,-3.1160193163730376,0.06231172276404023,1.174034818014139,-0.39676150878075767,1,1,200,109.0,1,1,92,0,1,48,1,1,88,1,1,1,0.05157041177153587,0.13405168056488037,0.059997428208589554,1.313015545905369e-06
/workspace/ripl/t2/nominal,best_eval_success_once.pt,rgb,1,0,2010,0,0.1114179790019989,-0.04484829306602478,0.019999999552965164,-0.1203292040408539,0.14039406180381775,0.19252634048461914,0.019999999552965164,-1.1636102205756131,0.23913663464187238,-1.0432810165347597,0.5275153102601369,1,1,200,99.0,1,1,102,0,1,48,1,1,95,1,1,1,0.13665494322776794,0.1910986304283142,0.06000521779060364,0.0001287174758875163
/workspace/ripl/t2/nominal,best_eval_success_once.pt,rgb,1,0,2011,1,-0.12217308580875397,-0.07871776074171066,0.019999999552965164,-1.8660505916761858,0.041836053133010864,-0.05421512573957443,0.019999999552965164,0.39601160769140265,0.16582936042349988,2.2620621993675885,0.6912658725726919,1,1,200,70.0,1,1,131,0,1,65,1,1,124,1,1,1,0.040270693600177765,-0.05219727009534836,0.059998299926519394,2.0492482989244263e-07
/workspace/ripl/t2/nominal,best_eval_success_once.pt,rgb,1,0,2012,2,-4.16487455368042e-05,-0.02093365788459778,0.019999999552965164,0.045592487073622845,-0.047605156898498535,-0.10007556527853012,0.019999999552965164,-1.775326617840081,0.09233487322656928,-1.8209191049137043,-0.2501227781188078,1,1,200,115.0,1,1,86,0,1,46,1,1,85,1,1,1,-0.03616353124380112,-0.08532120287418365,0.05999980494379997,8.098904484596074e-06
/workspace/ripl/t2/nominal,best_eval_success_once.pt,rgb,1,0,2013,3,0.14797575771808624,-0.16388754546642303,0.019999999552965164,-1.5953252281018138,0.08286052942276001,-0.16254214942455292,0.019999999552965164,-2.5122035059558527,0.06512912594578507,-0.916878277854039,0.6539180489408576,0,0,200,0.0,0,0,-1,0,0,-1,0,0,-1,1,1,1,0.19030332565307617,-0.15355564653873444,0.019999952986836433,0.04884938932430863
/workspace/ripl/t2/nominal,best_eval_success_once.pt,rgb,1,0,2014,4,-0.05330928415060043,0.025092914700508118,0.019999999552965164,2.5033651400063714,-0.006059572100639343,-0.07862970978021622,0.019999999552965164,-0.29658825749974893,0.113977708864381,-2.799953397506121,0.3416392560836723,1,1,200,116.0,1,1,85,0,1,39,1,1,80,1,1,1,-0.011013394221663475,-0.08244328945875168,0.0600007027387619,0.000831286698443838
/workspace/ripl/t2/nominal,best_eval_success_once.pt,rgb,1,0,2015,5,0.06453892588615417,-0.16165369749069214,0.019999999552965164,-1.0236752274820038,0.0353749617934227,0.0076163336634635925,0.019999999552965164,-1.1668099260675762,0.17176402489616674,-0.14313469858557237,-0.14313469858557237,1,1,200,107.0,1,1,94,0,1,46,1,1,93,1,1,1,0.032665275037288666,-0.001429100870154798,0.06000150740146637,1.2271142432907002e-06
/workspace/ripl/t2/nominal,best_eval_success_once.pt,rgb,1,0,2016,6,0.09956193715333939,-0.09953799843788147,0.019999999552965164,1.8545869083648103,0.015032857656478882,-0.20422756671905518,0.019999999552965164,-2.235425360351793,0.13455508532747879,2.193173038462983,0.6223767116680863,0,0,200,0.0,0,0,-1,0,1,47,0,1,160,1,1,1,-0.032087963074445724,-0.17235629260540009,0.01999988965690136,0.004838315087564454
/workspace/ripl/t2/nominal,best_eval_success_once.pt,rgb,1,0,2017,7,-0.052844226360321045,-0.1267177164554596,0.019999999552965164,1.745958803018487,0.0066570863127708435,0.11595183610916138,0.019999999552965164,-2.338931410247665,0.24985779545920592,2.1982950939134343,0.6274987671185377,0,0,200,0.0,0,0,-1,0,1,39,0,1,91,0,1,1,0.08083163946866989,0.07676703482866287,0.020983118563890457,0.0320016106594906
/workspace/ripl/t2/nominal,best_eval_success_once.pt,rgb,1,0,2018,8,0.11786456406116486,-0.1253891885280609,0.019999999552965164,1.7635120585777646,0.015162833034992218,0.09229619801044464,0.019999999552965164,-1.940457719006135,0.2406960179732745,2.579215529595687,-0.5623771239941062,0,0,200,0.0,0,0,-1,1,1,49,0,1,112,0,1,1,0.018801316618919373,0.01875026524066925,0.020015539601445198,0.0005108410819684398
/workspace/ripl/t2/nominal,best_eval_success_once.pt,rgb,1,0,2019,9,-0.015988457947969437,-0.15720295906066895,0.019999999552965164,2.562046425479844,0.005551528185606003,0.09026774764060974,0.019999999552965164,2.810292489332434,0.24840636400435662,0.2482460638525903,0.2482460638525903,1,1,200,95.0,1,1,106,0,1,49,1,1,103,1,1,1,-0.003103887429460883,0.09387301653623581,0.05999857187271118,2.4622353858492637e-05
/workspace/ripl/t2/nominal,best_eval_success_once.pt,rgb,1,0,2020,0,0.015041008591651917,-0.2324998378753662,0.019999999552965164,1.5783010651279739,-0.0036555901169776917,-0.16600878536701202,0.019999999552965164,-1.2361787925165917,0.06906969572062877,-2.8144798576445655,0.3271127959452276,1,1,200,109.0,1,1,92,0,1,47,1,1,91,1,1,1,-0.00932805985212326,-0.16111122071743011,0.059999190270900726,1.6250340674495756e-06
/workspace/ripl/t2/nominal,best_eval_success_once.pt,rgb,1,0,2021,1,-0.025400765240192413,0.08903298527002335,0.019999999552965164,1.849021972231933,-0.05981787294149399,-0.13121318817138672,0.019999999552965164,0.10609522480158606,0.22291907549177276,-1.7429267474303467,-0.17213042063545014,1,1,200,114.0,1,1,87,0,1,39,1,1,85,1,1,1,-0.07197952270507812,-0.1262395828962326,0.059990301728248596,1.6987487150125936e-06
/workspace/ripl/t2/nominal,best_eval_success_once.pt,rgb,1,0,2022,2,0.03092091530561447,0.0368461087346077,0.019999999552965164,2.917568693181827,-0.11559393256902695,0.028139464557170868,0.019999999552965164,1.4465978827541517,0.14677331603722052,-1.4709708104276755,0.09982551636722103,1,1,200,44.0,1,1,156,0,1,38,1,1,155,1,1,1,-0.10040769726037979,0.023814430460333824,0.05999080836772919,0.001325815648422845
/workspace/ripl/t2/nominal,best_eval_success_once.pt,rgb,1,0,2023,3,0.07543063908815384,0.03587501496076584,0.019999999552965164,1.1520390148307968,-0.005923561751842499,0.2402460277080536,0.019999999552965164,0.6584493042111776,0.21996821780808817,-0.4935897106196192,-0.4935897106196192,0,0,200,0.0,0,0,-1,0,1,46,0,1,99,1,1,1,-0.07457651197910309,0.19703420996665955,0.019999925047159195,0.026146209930377532
/workspace/ripl/t2/nominal,best_eval_success_once.pt,rgb,1,0,2024,4,0.10071077197790146,-0.08602606505155563,0.019999999552965164,3.0464053186801845,-0.06027638167142868,0.006037168204784393,0.019999999552965164,-2.7487750260400983,0.18545215705869883,0.48800496245930347,0.48800496245930347,1,1,200,87.0,1,1,114,0,1,50,1,1,104,1,1,1,-0.06091659888625145,0.009187632240355015,0.06000199913978577,1.0398245542497052e-05
/workspace/ripl/t2/nominal,best_eval_success_once.pt,rgb,1,0,2025,5,-0.004998583346605301,0.04674562066793442,0.019999999552965164,2.4397530601983415,0.0864030122756958,-0.1043127253651619,0.019999999552965164,2.9987378295217453,0.17655841976115813,0.5589847693234038,0.5589847693234038,1,1,200,113.0,1,1,88,0,1,38,1,1,81,1,1,1,0.07824008166790009,-0.11788095533847809,0.06000043451786041,0.0002539047169897563
/workspace/ripl/t2/nominal,best_eval_success_once.pt,rgb,1,0,2026,6,-0.023302890360355377,-0.2239106446504593,0.019999999552965164,-1.8962290611344894,-0.16576749086380005,-0.0518062561750412,0.019999999552965164,1.22792957925715,0.22341907467605293,3.1241586403916397,-0.01743401319815341,0,0,200,0.0,0,0,-1,0,1,54,0,1,158,1,1,1,-0.11314968019723892,-0.09256226569414139,0.019999926909804344,0.006909805899383089
/workspace/ripl/t2/nominal,best_eval_success_once.pt,rgb,1,0,2027,7,-0.07749512791633606,0.1854897439479828,0.019999999552965164,-2.116989983404638,0.01037256047129631,0.16806384921073914,0.019999999552965164,-2.8707352154571435,0.08957897336975659,-0.7537452320525055,-0.7537452320525055,1,1,200,93.0,1,1,108,0,1,55,1,1,102,1,1,1,0.006403991486877203,0.17642273008823395,0.059999559074640274,0.0006813319936282937
/workspace/ripl/t2/nominal,best_eval_success_once.pt,rgb,1,0,2028,8,0.09408660233020782,-0.16790997982025146,0.019999999552965164,-0.49334650588355045,0.026295430958271027,0.0018704906105995178,0.019999999552965164,-1.5758564436674911,0.18281425287898198,-1.0825099377839411,0.48828638901095545,0,0,200,0.0,0,0,-1,1,1,49,0,1,103,0,1,1,0.04107760637998581,-0.023739444091916084,0.020343860611319542,0.01626146948781275
/workspace/ripl/t2/nominal,best_eval_success_once.pt,rgb,1,0,2029,9,-0.029524121433496475,0.10845159739255905,0.019999999552965164,1.3576229541070999,-0.011705707758665085,-0.025091715157032013,0.019999999552965164,2.9527659184091393,0.13472680576858187,1.5951429643020394,0.024346637507142832,1,1,200,108.0,1,1,93,0,1,44,1,1,88,1,1,1,-0.0016251540509983897,-0.018890369683504105,0.06000141799449921,2.1962310254929508e-06
/workspace/ripl/t2/nominal,best_eval_success_once.pt,rgb,1,0,2030,0,-0.022296704351902008,-0.036268506199121475,0.019999999552965164,0.548397010421652,-0.08245329558849335,0.02279522642493248,0.019999999552965164,-2.002664836096951,0.08430504125313072,-2.5510618465186035,0.5905308070711897,0,0,200,0.0,0,0,-1,0,1,45,0,1,91,1,1,1,-0.06088859587907791,0.0731658861041069,0.019999897107481956,0.00010270194525215452
/workspace/ripl/t2/nominal,best_eval_success_once.pt,rgb,1,0,2031,1,-0.06358008086681366,0.22781029343605042,0.019999999552965164,-1.1155932748792052,-0.0463714599609375,0.12377182394266129,0.019999999552965164,1.3106207070265492,0.10545207332247677,2.4262139819057547,-0.7153786716840385,1,1,200,112.0,1,1,89,0,1,46,1,1,88,1,1,1,-0.059062812477350235,0.11666668206453323,0.05999148264527321,3.611240155090897e-05
/workspace/ripl/t2/nominal,best_eval_success_once.pt,rgb,1,0,2032,2,0.033709071576595306,0.07338831573724747,0.019999999552965164,-1.424351883762201,-0.05595669895410538,-0.02427375316619873,0.019999999552965164,-0.9800574613303601,0.1325814093580459,0.4442944224318408,0.4442944224318408,1,0,200,38.0,0,1,94,1,1,45,0,1,93,0,1,1,-0.03744760900735855,-0.027800343930721283,0.08863653987646103,0.011268389953511945
/workspace/ripl/t2/nominal,best_eval_success_once.pt,rgb,1,0,2033,3,0.14712010324001312,-0.1495032161474228,0.019999999552965164,1.5974245249968106,0.007613435387611389,0.1843033730983734,0.019999999552965164,0.5209396571526597,0.3617857783263351,-1.076484867844151,0.4943114589507456,0,0,200,0.0,0,0,-1,0,1,58,0,1,122,0,1,1,0.10837902128696442,0.24232636392116547,0.020000377669930458,0.07260345706426884
/workspace/ripl/t2/nominal,best_eval_success_once.pt,rgb,1,0,2034,4,0.042279575020074844,-0.03254462033510208,0.019999999552965164,-0.4556806784673264,-0.013916265219449997,0.13369280099868774,0.019999999552965164,0.08581304158946157,0.17547892383968555,0.541493720056788,0.541493720056788,1,1,200,102.0,1,1,99,0,1,41,1,1,98,1,1,1,-0.019097959622740746,0.1374823898077011,0.060000911355018616,1.6244212070215318e-06
/workspace/ripl/t2/nominal,best_eval_success_once.pt,rgb,1,0,2035,5,-0.08567868173122406,-0.23347115516662598,0.019999999552965164,2.359738551891652,0.06597957015037537,0.011300913989543915,0.019999999552965164,2.3506555484295135,0.28794720210964975,-0.009083003462138528,-0.009083003462138528,1,1,200,108.0,1,1,93,0,1,37,1,1,89,1,1,1,0.06174821779131889,0.009888816624879837,0.059998419135808945,2.717691190605116e-07
/workspace/ripl/t2/nominal,best_eval_success_once.pt,rgb,1,0,2036,6,-0.10875823348760605,-0.20315422117710114,0.019999999552965164,0.5885808553721601,0.031644828617572784,-0.173789381980896,0.019999999552965164,-1.1662991723155969,0.14344097611745987,-1.754880027687757,-0.1840837008928604,0,0,200,0.0,0,0,-1,1,1,51,0,1,103,0,1,1,0.053908079862594604,0.01185039896517992,0.11291759461164474,2.458716996560248e-06
/workspace/ripl/t2/nominal,best_eval_success_once.pt,rgb,1,0,2037,7,-0.12118414044380188,-0.20452716946601868,0.019999999552965164,1.8685211054577462,-0.04248438775539398,0.024779856204986572,0.019999999552965164,1.6628522966399262,0.24243630729595686,-0.20566880881782001,-0.20566880881782001,0,0,200,0.0,0,0,-1,0,1,47,0,0,-1,1,1,1,-0.004087801557034254,-0.01914980262517929,0.019999900832772255,0.06623472021773288
/workspace/ripl/t2/nominal,best_eval_success_once.pt,rgb,1,0,2038,8,0.18150284886360168,-0.04163729399442673,0.019999999552965164,-1.4196708706500427,0.17015340924263,-0.11350177973508835,0.019999999552965164,-1.0938107123697574,0.07275516538693208,0.32586015828028536,0.32586015828028536,0,0,200,0.0,0,0,-1,0,1,64,0,1,178,1,1,1,0.17192000150680542,-0.17550507187843323,0.01999996043741703,0.00013217291508019766
/workspace/ripl/t2/nominal,best_eval_success_once.pt,rgb,1,0,2039,9,-0.09478749334812164,-0.08799022436141968,0.019999999552965164,1.2643141394022432,-0.0024720728397369385,-0.08227811753749847,0.019999999552965164,-1.458846720158153,0.09249197277606194,-2.723160859560396,0.4184317940293969,1,1,200,86.0,1,1,106,0,1,49,1,1,101,1,1,1,0.0035867055412381887,-0.08223503082990646,0.059997640550136566,0.0007995848731813663
/workspace/ripl/t2/nominal,best_eval_success_once.pt,rgb,1,0,2040,0,-0.052086930721998215,0.13447970151901245,0.019999999552965164,-1.3354504465968127,0.038801249116659164,0.24521833658218384,0.019999999552965164,0.06432308495971872,0.14326097350652892,1.3997735315565314,-0.17102279523836517,1,1,200,108.0,1,1,93,0,1,37,1,1,90,1,1,1,0.0376691035926342,0.237892746925354,0.05999845266342163,1.2910160013410044e-06
/workspace/ripl/t2/nominal,best_eval_success_once.pt,rgb,1,0,2041,1,-0.08304286003112793,0.0019345879554748535,0.019999999552965164,-2.314977956423694,0.035935260355472565,0.18331940472126007,0.019999999552965164,-2.9172581280300607,0.21692451425296744,-0.6022801716063668,-0.6022801716063668,0,0,200,0.0,0,0,-1,0,1,47,0,1,98,1,1,1,0.03148850053548813,0.13290126621723175,0.019999945536255836,0.0015306719762539509
/workspace/ripl/t2/nominal,best_eval_success_once.pt,rgb,1,0,2042,2,-0.08175834268331528,0.041955817490816116,0.019999999552965164,0.01336802884964472,0.11740248650312424,0.07635439932346344,0.019999999552965164,0.716387012198731,0.20210961954921264,0.7030189833490863,0.7030189833490863,1,1,200,80.0,1,1,121,0,1,50,1,1,110,1,1,1,0.0988374650478363,0.08114872127771378,0.05999833717942238,7.726497074931205e-05
/workspace/ripl/t2/nominal,best_eval_success_once.pt,rgb,1,0,2043,3,-0.05403102934360504,-0.19131797552108765,0.019999999552965164,-2.8438101162727705,0.016231469810009003,-0.16968560218811035,0.019999999552965164,-1.3903143300114698,0.07351719773854905,1.4534957862613007,-0.11730054053359584,0,0,200,0.0,0,0,-1,1,1,54,0,1,100,0,1,1,0.0218577291816473,-0.14743903279304504,0.09395860880613327,0.002985432665917998
/workspace/ripl/t2/nominal,best_eval_success_once.pt,rgb,1,0,2044,4,0.13739964365959167,0.018520690500736237,0.019999999552965164,0.24106944616773385,0.037852175533771515,0.04820341616868973,0.019999999552965164,0.027264113014785707,0.10387859554951716,-0.21380533315294814,-0.21380533315294814,1,1,200,86.0,1,1,115,0,1,57,1,1,111,1,1,1,0.033483345061540604,0.05955180898308754,0.05999778211116791,1.347509337302047e-05
/workspace/ripl/t2/nominal,best_eval_success_once.pt,rgb,1,0,2045,5,-0.037643373012542725,0.17640641331672668,0.019999999552965164,1.6742588741469,-0.036532387137413025,-0.14562687277793884,0.019999999552965164,-2.737110492405444,0.32203520248964,1.8718159406272425,0.301019613832346,0,0,200,0.0,0,0,-1,0,1,44,0,1,99,1,1,1,-0.030429882928729057,-0.059421706944704056,0.019999923184514046,6.488385339167706e-05
/workspace/ripl/t2/nominal,best_eval_success_once.pt,rgb,1,0,2046,6,-0.05718401074409485,-0.09437700361013412,0.019999999552965164,1.5269588179192999,-0.07553843408823013,0.2246805727481842,0.019999999552965164,-3.009771391023021,0.3195850776991001,1.7464550982372655,0.17565877144236897,1,1,200,11.0,1,1,190,0,1,41,1,1,103,1,1,1,-0.08171401917934418,0.2292822301387787,0.0599861778318882,2.339482307434082e-06
/workspace/ripl/t2/nominal,best_eval_success_once.pt,rgb,1,0,2047,7,0.04720286652445793,0.04934152215719223,0.019999999552965164,-0.40791543727622415,0.03556746616959572,0.19951343536376953,0.019999999552965164,2.4105703863680477,0.15062199725651534,2.818485823644272,-0.3231068299455213,1,0,200,28.0,0,1,94,0,1,43,1,1,91,0,1,1,0.013525745831429958,0.20366372168064117,0.05999859422445297,6.753449929659201e-06
/workspace/ripl/t2/nominal,best_eval_success_once.pt,rgb,1,0,2048,8,-0.007348492741584778,0.17916077375411987,0.019999999552965164,-1.5725486835473061,0.08403488993644714,0.12056141346693039,0.019999999552965164,-0.9383595484999017,0.10855785395699136,0.6341891350474045,0.6341891350474045,1,1,200,100.0,1,1,101,0,1,55,1,1,97,1,1,1,0.07694895565509796,0.13041077554225922,0.059996459633111954,5.214129019023295e-06
/workspace/ripl/t2/nominal,best_eval_success_once.pt,rgb,1,0,2049,9,-0.026618674397468567,-0.09682509303092957,0.019999999552965164,-0.21484643992168362,-0.04324129968881607,-0.03131604194641113,0.019999999552965164,3.110452179682451,0.06758511260307695,-2.957886687575451,0.18370596601434208,1,1,200,114.0,1,1,85,0,1,38,1,1,84,1,1,1,-0.05909605696797371,-0.032944533973932266,0.059994976967573166,3.215514699688014e-06
/workspace/ripl/t2/nominal,best_eval_success_once.pt,rgb,1,0,2050,0,-0.07296624034643173,0.061227016150951385,0.019999999552965164,-0.11853582058307843,-0.08765868842601776,-0.016263358294963837,0.019999999552965164,0.5339706312833905,0.07887094624980406,0.6525064518664689,0.6525064518664689,0,0,200,0.0,0,0,-1,0,1,45,0,1,86,1,1,1,-0.060898978263139725,-0.09509231150150299,0.019999951124191284,0.028444624484288982
/workspace/ripl/t2/nominal,best_eval_success_once.pt,rgb,1,0,2051,1,-0.028671234846115112,0.0837944895029068,0.019999999552965164,1.4372123831564407,-0.14197207987308502,-0.19131171703338623,0.019999999552965164,1.34119324594306,0.297523959301793,-0.09601913721338073,-0.09601913721338073,1,0,200,1.0,0,1,101,0,1,41,0,1,93,1,1,1,-0.14488232135772705,-0.2478044182062149,0.020000014454126358,0.07438734431868481
/workspace/ripl/t2/nominal,best_eval_success_once.pt,rgb,1,0,2052,2,-0.019562821835279465,0.12652935087680817,0.019999999552965164,2.2695964527691546,-0.09815581142902374,-0.05958856642246246,0.019999999552965164,1.2600180199442699,0.2020315251466972,-1.0095784328248847,0.5612178939700119,1,1,200,104.0,1,1,97,0,1,44,1,1,96,1,1,1,-0.10074102878570557,-0.049985744059085846,0.0599985308945179,1.9471609172505022e-05
/workspace/ripl/t2/nominal,best_eval_success_once.pt,rgb,1,0,2053,3,-0.035018440335989,0.14390142261981964,0.019999999552965164,-0.43870574793966677,0.06219174712896347,0.053861990571022034,0.019999999552965164,2.7622549200624342,0.1325025277896284,-3.0822246391774852,0.05936801441230788,1,1,200,100.0,1,1,100,0,1,40,1,1,88,1,1,1,0.0769987478852272,0.03825068101286888,0.05998953431844711,0.0001371285899105923
/workspace/ripl/t2/nominal,best_eval_success_once.pt,rgb,1,0,2054,4,0.05390185862779617,-0.10484378784894943,0.019999999552965164,-2.3046047973213915,0.12424683570861816,0.09909915179014206,0.019999999552965164,-0.5800717405925306,0.21573395288905148,1.7245330567288608,0.15373672993396426,1,1,200,100.0,1,1,101,0,1,45,1,1,94,1,1,1,0.119619220495224,0.10371626913547516,0.0599963441491127,1.5385223429161063e-06
/workspace/ripl/t2/nominal,best_eval_success_once.pt,rgb,1,0,2055,5,0.06556984782218933,0.1491013467311859,0.019999999552965164,0.019021961566131118,-0.01286216452717781,0.1712423861026764,0.019999999552965164,-1.3682559901223215,0.08149727716691627,-1.3872779516884526,0.18351837510644398,0,0,200,0.0,0,0,-1,0,1,48,0,1,94,1,1,1,-0.04566439613699913,0.12000569701194763,0.019999898970127106,0.013710619489850447
/workspace/ripl/t2/nominal,best_eval_success_once.pt,rgb,1,0,2056,6,0.08823621273040771,0.12462983280420303,0.019999999552965164,-0.511514048051585,0.14714361727237701,-0.14224344491958618,0.019999999552965164,2.864608813258243,0.2732973265015777,-2.9070624458697587,0.2345302077200344,0,0,200,0.0,0,0,-1,1,1,48,0,1,100,0,1,1,0.16238391399383545,-0.188899427652359,0.10459880530834198,0.0008713284125563855
/workspace/ripl/t2/nominal,best_eval_success_once.pt,rgb,1,0,2057,7,-0.014588214457035065,0.12152744084596634,0.019999999552965164,2.8093933700425695,0.01976289600133896,-0.08945418149232864,0.019999999552965164,-0.9525340255231107,0.21375978048786995,2.5212579116139064,-0.6203347419758867,1,1,200,115.0,1,1,86,0,1,36,1,1,82,1,1,1,0.009906046092510223,-0.07761899381875992,0.06001090630888939,5.298054701773677e-06
/workspace/ripl/t2/nominal,best_eval_success_once.pt,rgb,1,0,2058,8,0.12640033662319183,0.14334052801132202,0.019999999552965164,2.1152756046888723,0.0294162817299366,-0.03514433652162552,0.019999999552965164,3.066907170341885,0.20313235530284823,0.9516315656530128,-0.6191647611418838,1,1,200,93.0,1,1,108,0,1,52,1,1,104,1,1,1,0.04335348308086395,-0.034535329788923264,0.06000431999564171,4.388292750616605e-06
/workspace/ripl/t2/nominal,best_eval_success_once.pt,rgb,1,0,2059,9,-0.12532773613929749,0.04278402775526047,0.019999999552965164,-0.6460856115743923,0.052758168429136276,-0.06792677193880081,0.019999999552965164,0.9793463987108164,0.20969375425809864,1.6254320102852087,0.054635683490312115,1,1,200,91.0,1,1,110,0,1,47,1,1,101,1,1,1,0.0494450181722641,-0.0736234039068222,0.060002971440553665,5.547765801139083e-05
/workspace/ripl/t2/nominal,best_eval_success_once.pt,rgb,1,0,2060,0,-0.030736759305000305,-0.13513943552970886,0.019999999552965164,1.5481812331509963,-0.06038562208414078,0.2088671326637268,0.019999999552965164,0.2718617567129815,0.3452818761886022,-1.2763194764380152,0.2944768503568813,1,1,200,107.0,1,1,94,0,1,37,1,1,88,1,1,1,-0.0703776478767395,0.20912738144397736,0.059999167919158936,2.0719045216939006e-06
/workspace/ripl/t2/nominal,best_eval_success_once.pt,rgb,1,0,2061,1,-0.0008441992104053497,-0.09166794270277023,0.019999999552965164,0.6053850099104929,0.057639770209789276,0.058673180639743805,0.019999999552965164,1.9342112112411702,0.16131592620392843,1.3288262013306773,-0.24197012546421925,0,0,200,0.0,0,0,-1,0,1,36,0,1,81,1,1,1,0.02845670096576214,0.12095745652914047,0.01999993994832039,0.018479934399485455
/workspace/ripl/t2/nominal,best_eval_success_once.pt,rgb,1,0,2062,2,-0.001446269452571869,0.2087266743183136,0.019999999552965164,-2.240863556033929,-0.09096824377775192,0.0914861336350441,0.019999999552965164,-2.3467235317087507,0.14751111235016692,-0.10585997567482153,-0.10585997567482153,1,1,200,87.0,1,1,106,0,1,54,1,1,100,1,1,1,-0.08445505797863007,0.10264808684587479,0.06000630930066109,0.004985180751809128
/workspace/ripl/t2/nominal,best_eval_success_once.pt,rgb,1,0,2063,3,-0.0637318566441536,0.012445114552974701,0.019999999552965164,-2.6788535919560097,-0.14278501272201538,-0.18269747495651245,0.019999999552965164,-2.608249260014171,0.2105469822304252,0.0706043319418388,0.0706043319418388,1,1,200,96.0,1,1,105,0,1,47,1,1,104,1,1,1,-0.15271160006523132,-0.17446154356002808,0.059995587915182114,9.439623930878553e-07
/workspace/ripl/t2/nominal,best_eval_success_once.pt,rgb,1,0,2064,4,-0.009759478271007538,0.22206363081932068,0.019999999552965164,1.1532679737341123,0.09167709946632385,0.23978835344314575,0.019999999552965164,-1.816355068275147,0.10297351647464124,-2.9696230420092595,0.1719696115805336,0,0,200,0.0,0,0,-1,1,1,47,0,0,-1,0,1,1,0.05684415251016617,0.19867032766342163,0.12185652554035187,4.258063847138117e-06
/workspace/ripl/t2/nominal,best_eval_success_once.pt,rgb,1,0,2065,5,-0.13745829463005066,0.27805233001708984,0.019999999552965164,-1.4341672190899004,-0.15875576436519623,0.1614382266998291,0.019999999552965164,-0.995640166103783,0.11854295132823463,0.4385270529861174,0.4385270529861174,0,0,200,0.0,0,0,-1,0,0,-1,0,0,-1,1,1,1,-0.13745881617069244,0.2780528962612152,0.019999925047159195,6.034510353599962e-07
/workspace/ripl/t2/nominal,best_eval_success_once.pt,rgb,1,0,2066,6,0.07674123346805573,0.08069882541894913,0.019999999552965164,-1.3560106697726972,0.08699239790439606,-0.11625080555677414,0.019999999552965164,-2.9804583123992314,0.19721623542136296,-1.6244476426265342,-0.053651315831637625,0,0,200,0.0,0,0,-1,0,1,42,0,1,90,1,1,1,0.15499180555343628,-0.07921503484249115,0.019999779760837555,0.041964707779029185
/workspace/ripl/t2/nominal,best_eval_success_once.pt,rgb,1,0,2067,7,0.07659231871366501,-0.08720280975103378,0.019999999552965164,2.8285038567425005,0.13096095621585846,-0.2283240556716919,0.019999999552965164,1.6443289758099215,0.1512321222295177,-1.184174880932579,0.3866214458623176,1,0,200,25.0,0,1,113,0,1,44,0,1,97,1,1,1,0.19298392534255981,-0.23103873431682587,0.019999902695417404,0.0007919820754899365
/workspace/ripl/t2/nominal,best_eval_success_once.pt,rgb,1,0,2068,8,0.02609429508447647,0.02704593539237976,0.019999999552965164,-0.29316884902704565,-0.12333667278289795,-0.19158343970775604,0.019999999552965164,-3.1223388373712346,0.2648177067615687,-2.829169988344189,0.31242266524560414,1,1,200,107.0,1,1,94,0,1,38,1,1,93,1,1,1,-0.11657433956861496,-0.1818026453256607,0.05999791622161865,2.2128098941858495e-06
/workspace/ripl/t2/nominal,best_eval_success_once.pt,rgb,1,0,2069,9,-0.03618583828210831,-0.1398586928844452,0.019999999552965164,2.886354226878203,-0.12449631094932556,-0.10193575173616409,0.019999999552965164,-2.339330013215985,0.09610873554491974,1.057501067085397,-0.5132952597094995,0,0,200,0.0,0,0,-1,1,1,46,0,1,96,0,1,1,-0.08630106598138809,-0.05616363510489464,0.10452965646982193,0.0006093364282244519
/workspace/ripl/t2/nominal,best_eval_success_once.pt,rgb,1,0,2070,0,-0.06140623241662979,0.19119518995285034,0.019999999552965164,-1.6786020165170568,-0.011177770793437958,-0.08566201478242874,0.019999999552965164,2.44783755263351,0.28137663401722735,-2.15674573802902,-0.5859494112341235,1,1,200,107.0,1,1,94,0,1,40,1,1,88,1,1,1,-0.014159503392875195,-0.07960247993469238,0.060001201927661896,0.00029035444244323975
/workspace/ripl/t2/nominal,best_eval_success_once.pt,rgb,1,0,2071,1,-0.02012094110250473,-0.18403655290603638,0.019999999552965164,0.5792132748575352,0.004068195819854736,0.07803133875131607,0.019999999552965164,-2.0086976700997585,0.26318186522399006,-2.5879109449572937,0.5536817086324994,1,1,200,105.0,1,1,96,0,1,39,1,1,88,1,1,1,-0.0004584574780892581,0.08401119709014893,0.05999881029129028,1.212521994750341e-06
/workspace/ripl/t2/nominal,best_eval_success_once.pt,rgb,1,0,2072,2,0.02112102136015892,-0.19869790971279144,0.019999999552965164,-1.0480616818754829,0.015280839055776596,-0.06012056767940521,0.019999999552965164,-1.3002608718287263,0.13870035131313307,-0.2521991899532434,-0.2521991899532434,1,1,200,114.0,1,1,87,0,1,43,1,1,87,1,1,1,0.017634505406022072,-0.054274290800094604,0.059999845921993256,6.920579031346486e-07
/workspace/ripl/t2/nominal,best_eval_success_once.pt,rgb,1,0,2073,3,-0.0012489408254623413,-0.27820003032684326,0.019999999552965164,-1.4676068315915742,0.10387149453163147,-0.26872292160987854,0.019999999552965164,-1.6220385745372479,0.10554677408285915,-0.15443174294567363,-0.15443174294567363,0,0,200,0.0,0,0,-1,0,1,50,0,0,-1,1,1,1,-0.019614633172750473,-0.29848966002464294,0.019999926909804344,2.9074071033983214e-06
/workspace/ripl/t2/nominal,best_eval_success_once.pt,rgb,1,0,2074,4,0.0417148694396019,0.031171835958957672,0.019999999552965164,-1.6931651370896565,0.00338049978017807,0.18438586592674255,0.019999999552965164,0.4479100583051947,0.1579368952339973,2.1410751953948512,0.5702788685999547,1,1,200,108.0,1,1,93,0,1,46,1,1,89,1,1,1,-0.002687963889911771,0.1807529479265213,0.059998661279678345,7.044605770924669e-07
/workspace/ripl/t2/nominal,best_eval_success_once.pt,rgb,1,0,2075,5,-0.05615521967411041,0.11857088655233383,0.019999999552965164,0.3338962448464282,-0.03431352972984314,0.01980682462453842,0.019999999552965164,2.4581420743956386,0.10115037987125364,2.1242458295492104,0.5534495027543138,1,1,200,82.0,1,1,91,0,1,47,1,1,87,1,1,1,-0.022497251629829407,0.037104856222867966,0.05999355390667915,0.003932402063711951
/workspace/ripl/t2/nominal,best_eval_success_once.pt,rgb,1,0,2076,6,-0.03037591278553009,0.012243412435054779,0.019999999552965164,1.5343286581773399,-0.08456780016422272,0.2273203432559967,0.019999999552965164,0.6214655830271711,0.22179911367952115,-0.9128630751501685,0.657933251644728,1,1,200,89.0,1,1,98,0,1,41,1,1,95,1,1,1,-0.09418884664773941,0.23236127197742462,0.05999753996729851,0.0029013938383507447
/workspace/ripl/t2/nominal,best_eval_success_once.pt,rgb,1,0,2077,7,-0.04944836348295212,-0.2071952521800995,0.019999999552965164,2.312903395294025,-0.0029853209853172302,-0.000913664698600769,0.019999999552965164,-0.5569599040904656,0.21144953925706303,-2.869863299384491,0.2717293542053021,0,0,200,0.0,0,0,-1,1,1,40,0,1,91,0,1,1,-0.024651233106851578,0.047282811254262924,0.027376098558306694,0.017809997626573808
/workspace/ripl/t2/nominal,best_eval_success_once.pt,rgb,1,0,2078,8,0.07772132754325867,0.009885609149932861,0.019999999552965164,-1.4835719312465763,-0.07786915451288223,0.10045057535171509,0.019999999552965164,-0.17193920023509346,0.18002891770377408,1.3116327310114828,-0.25916359578341375,1,1,200,95.0,1,1,106,0,1,46,1,1,100,1,1,1,-0.08590301871299744,0.08654659986495972,0.05999258905649185,2.485419436395598e-05
/workspace/ripl/t2/nominal,best_eval_success_once.pt,rgb,1,0,2079,9,-0.003703746944665909,-0.021598361432552338,0.019999999552965164,1.5555910563926745,0.02652398869395256,0.13543501496315002,0.019999999552965164,-1.667210850421406,0.15991621964038713,3.060383400365506,-0.08120925322428718,1,1,200,113.0,1,1,88,0,1,40,1,1,83,1,1,1,0.014718474820256233,0.13736936450004578,0.059996847063302994,0.0003607888347067
/workspace/ripl/t2/nominal,best_eval_success_once.pt,rgb,1,0,2080,0,0.003758292645215988,-0.17773935198783875,0.019999999552965164,2.1976512262878307,0.04303520545363426,0.10086656361818314,0.019999999552965164,0.14859127940436423,0.28136085742410916,-2.0490599468834665,-0.47826362008856993,1,1,200,100.0,1,1,101,0,1,41,1,1,98,1,1,1,0.03798890858888626,0.10132857412099838,0.05999971553683281,5.79806460688821e-07
/workspace/ripl/t2/nominal,best_eval_success_once.pt,rgb,1,0,2081,1,-0.013072200119495392,-0.1929047554731369,0.019999999552965164,1.7563769687213298,-0.09111948311328888,0.021265938878059387,0.019999999552965164,1.5104049923105263,0.22794838166038123,-0.2459719764108037,-0.2459719764108037,1,1,200,62.0,1,1,139,0,1,83,1,1,138,1,1,1,-0.1018037423491478,0.013267653994262218,0.05999970808625221,6.288572503927109e-07
/workspace/ripl/t2/nominal,best_eval_success_once.pt,rgb,1,0,2082,2,0.10587798058986664,0.04010014981031418,0.019999999552965164,1.8762458328120577,0.003642883151769638,-0.08840834349393845,0.019999999552965164,1.7153324411677793,0.16421464002794126,-0.16091339164427865,-0.16091339164427865,1,1,200,100.0,1,1,101,0,1,46,1,1,99,1,1,1,-0.0027065814938396215,-0.09249546378850937,0.05999774485826492,8.456408977508545e-07
/workspace/ripl/t2/nominal,best_eval_success_once.pt,rgb,1,0,2083,3,0.008317351341247559,0.08209577947854996,0.019999999552965164,-2.9022806407804067,0.007412835955619812,0.006621308624744415,0.019999999552965164,-1.0996541324990288,0.07547989069112898,1.802626508281378,0.23183018148648138,1,1,200,123.0,1,1,78,0,1,37,1,1,75,1,1,1,0.022665146738290787,0.0010848783422261477,0.05999710410833359,6.377572616438586e-05
/workspace/ripl/t2/nominal,best_eval_success_once.pt,rgb,1,0,2084,4,0.12235219776630402,-0.019724182784557343,0.019999999552965164,1.6194496986820546,0.10751104354858398,0.1376383900642395,0.019999999552965164,0.01195239168574247,0.15806087179345507,-1.6074973069963123,-0.03670098020141577,1,1,200,102.0,1,1,99,0,1,49,1,1,97,1,1,1,0.1140606552362442,0.13210727274417877,0.05999881401658058,1.4362431478525984e-06
/workspace/ripl/t2/nominal,best_eval_success_once.pt,rgb,1,0,2085,5,-0.08832946419715881,-0.06924440711736679,0.019999999552965164,0.6413541019295286,-0.025464896112680435,-0.002714984118938446,0.019999999552965164,-2.284803862763976,0.09153206020270616,-2.9261579646935045,0.21543468889628858,1,1,200,97.0,1,1,95,0,1,44,1,1,91,1,1,1,-0.029724476858973503,0.004497384186834097,0.059999603778123856,0.0009528679080384736
/workspace/ripl/t2/nominal,best_eval_success_once.pt,rgb,1,0,2086,6,-0.06614072620868683,-0.20383423566818237,0.019999999552965164,-2.4701434203335397,-0.16296470165252686,0.006155937910079956,0.019999999552965164,-0.4371875002671004,0.23123744337839855,2.0329559200664393,0.46215959327154277,0,0,200,0.0,0,0,-1,0,1,66,0,0,-1,1,1,1,-0.07033287733793259,-0.2173333466053009,0.019999975338578224,6.790588647368043e-07
/workspace/ripl/t2/nominal,best_eval_success_once.pt,rgb,1,0,2087,7,-0.08235880732536316,-0.0009711459279060364,0.019999999552965164,1.9839796345883864,0.06981285661458969,0.26554328203201294,0.019999999552965164,-1.559127603907748,0.3068976305171755,2.7400780686834523,-0.40151458490634084,0,0,200,0.0,0,0,-1,0,1,36,0,1,94,1,1,1,0.047262340784072876,0.22752107679843903,0.020000018179416656,0.030790689687502835
/workspace/ripl/t2/nominal,best_eval_success_once.pt,rgb,1,0,2088,8,0.06940732896327972,0.05128102004528046,0.019999999552965164,2.745639128455106,0.04222004860639572,0.13065911829471588,0.019999999552965164,0.6610295968829973,0.08390489076866041,-2.0846095315721085,-0.5138132047772119,1,1,200,113.0,1,1,88,0,1,45,1,1,86,1,1,1,0.04109254479408264,0.11661478132009506,0.05999712273478508,2.2407903249828547e-05
/workspace/ripl/t2/nominal,best_eval_success_once.pt,rgb,1,0,2089,9,0.12577959895133972,0.10141643136739731,0.019999999552965164,-1.153874257222884,0.0911777913570404,0.026038922369480133,0.019999999552965164,-2.619679311658091,0.0829400624036659,-1.465805054435207,0.10499127235968952,1,1,200,78.0,1,1,101,0,1,52,1,1,97,1,1,1,0.08775432407855988,0.009704053401947021,0.0599973089993,1.753821094880074e-05
/workspace/ripl/t2/nominal,best_eval_success_once.pt,rgb,1,0,2090,0,-0.06412601470947266,-0.1501563936471939,0.019999999552965164,-1.552604411540953,-0.06681518256664276,0.079208143055439,0.019999999552965164,-0.1947458419772956,0.22938030063756015,1.3578585695636574,-0.2129377572312392,1,1,200,106.0,1,1,95,0,1,40,1,1,94,1,1,1,-0.06894197314977646,0.08335379511117935,0.059998732060194016,1.3048942688461785e-06
/workspace/ripl/t2/nominal,best_eval_success_once.pt,rgb,1,0,2091,1,-0.12837743759155273,0.22050702571868896,0.019999999552965164,-1.3335897321633423,-0.06266142427921295,-0.029720574617385864,0.019999999552965164,-2.5979843122278865,0.258713057992089,-1.2643945800645442,0.30640174673035236,1,1,200,80.0,1,1,121,0,1,62,1,1,114,1,1,1,-0.06813573837280273,-0.03022289089858532,0.05999810993671417,0.000624516184447087
/workspace/ripl/t2/nominal,best_eval_success_once.pt,rgb,1,0,2092,2,-0.05803786218166351,-0.18011394143104553,0.019999999552965164,-2.631927032270129,-0.08591564744710922,0.0012790784239768982,0.019999999552965164,1.7202232251709433,0.18352274671939406,-1.9310350497385143,-0.3602387229436177,1,1,200,111.0,1,1,90,0,1,39,1,1,89,1,1,1,-0.08017601072788239,0.013328371569514275,0.059998199343681335,1.0724131487824657e-06
/workspace/ripl/t2/nominal,best_eval_success_once.pt,rgb,1,0,2093,3,-0.08635298162698746,0.15993010997772217,0.019999999552965164,1.9037060715181828,-0.16509106755256653,0.12042843550443649,0.019999999552965164,-3.0640865079052233,0.08809125076542677,1.3153927277561799,-0.2554035990387167,1,1,200,115.0,1,1,86,0,1,36,1,1,85,1,1,1,-0.16589339077472687,0.1269092857837677,0.059997957199811935,1.8344927209980981e-06
/workspace/ripl/t2/nominal,best_eval_success_once.pt,rgb,1,0,2094,4,0.03652043640613556,0.17327985167503357,0.019999999552965164,2.087787274570436,-0.03501087427139282,0.04148516058921814,0.019999999552965164,0.9848044238519056,0.14995522333566977,-1.1029828507185302,0.46781347607636636,1,1,200,110.0,1,1,91,0,1,40,1,1,90,1,1,1,-0.03281361609697342,0.03921714052557945,0.06000208109617233,7.429129297009044e-07
/workspace/ripl/t2/nominal,best_eval_success_once.pt,rgb,1,0,2095,5,0.12439243495464325,0.09384843707084656,0.019999999552965164,-1.4861634508193848,0.03254755586385727,0.12760955095291138,0.019999999552965164,-2.9010141424959777,0.09785343440962532,-1.4148506916765928,0.15594563511830373,0,0,200,0.0,0,0,-1,0,1,50,0,1,101,1,1,1,0.03313443064689636,0.07196936756372452,0.019999941810965538,0.007766847263636122
/workspace/ripl/t2/nominal,best_eval_success_once.pt,rgb,1,0,2096,6,-0.08267956972122192,-0.0811649039387703,0.019999999552965164,0.9329819949018625,-0.034802038222551346,0.11796784400939941,0.019999999552965164,-2.731770639221544,0.2048074933389779,2.61843267305618,-0.5231599805336131,1,0,200,8.0,0,1,94,1,1,37,0,1,89,0,1,1,-0.01617770828306675,0.07380475103855133,0.08943641185760498,0.0006621776301165581
/workspace/ripl/t2/nominal,best_eval_success_once.pt,rgb,1,0,2097,7,0.13024088740348816,0.10626837611198425,0.019999999552965164,0.5597468389307139,0.11959913372993469,-0.10679670423269272,0.019999999552965164,-2.974475195690565,0.2133306714552135,2.7489632725583073,-0.3926293810314858,1,0,200,39.0,0,1,101,1,1,51,1,1,99,0,1,1,0.11467203497886658,-0.09346036612987518,0.060442108660936356,0.001322615158523919
/workspace/ripl/t2/nominal,best_eval_success_once.pt,rgb,1,0,2098,8,0.10923515260219574,0.24811187386512756,0.019999999552965164,2.2695502587444847,-0.001719299703836441,-0.10713803023099899,0.019999999552965164,-2.2519016341714044,0.37217386373419437,1.7617334142636967,0.19093708746880012,1,1,200,70.0,1,1,131,0,1,59,1,1,125,1,1,1,-0.011607990600168705,-0.10245636850595474,0.05999733507633209,0.0002765683863246776
/workspace/ripl/t2/nominal,best_eval_success_once.pt,rgb,1,0,2099,9,-0.13679641485214233,0.23464763164520264,0.019999999552965164,0.7290996822890787,0.03776300325989723,0.20944759249687195,0.019999999552965164,2.7969928104622563,0.17636902342727662,2.0678931281731776,0.49709680137828105,0,0,200,0.0,0,0,-1,0,1,57,0,0,-1,1,1,1,0.035686712712049484,0.12686078250408173,0.019999967887997627,0.013236981425787392
/workspace/ripl/t2/nominal,best_eval_success_once.pt,rgb,1,0,2100,0,0.16358815133571625,0.034899767488241196,0.019999999552965164,0.9637088677157513,0.024185698479413986,0.10752078890800476,0.019999999552965164,-0.7359889227751322,0.15718414873772524,-1.6996977904908839,-0.12890146369598732,1,1,200,71.0,1,1,119,0,1,53,1,1,112,1,1,1,0.027117189019918442,0.11681100726127625,0.05999480187892914,0.0007616747594486184
/workspace/ripl/t2/nominal,best_eval_success_once.pt,rgb,1,0,2101,1,0.052112139761447906,0.14139288663864136,0.019999999552965164,-2.3998828360573574,0.09074363857507706,-0.016238771378993988,0.019999999552965164,0.13590373467909034,0.16229643344810807,2.5357865707364478,-0.6058060828533454,1,1,200,107.0,1,1,94,0,1,41,1,1,89,1,1,1,0.10235018283128738,-0.021294865757226944,0.05999862402677536,8.721676873939164e-05
/workspace/ripl/t2/nominal,best_eval_success_once.pt,rgb,1,0,2102,2,0.022456809878349304,0.26758334040641785,0.019999999552965164,-1.2623074920468165,-0.04684191197156906,-0.11388101428747177,0.019999999552965164,-0.009537999228585559,0.3877078368463268,1.252769492818231,-0.31802683397666565,0,0,200,0.0,0,0,-1,0,1,47,0,1,106,1,1,1,-0.06742711365222931,-0.10646171867847443,0.019999932497739792,0.05592996614635423
/workspace/ripl/t2/nominal,best_eval_success_once.pt,rgb,1,0,2103,3,0.06016429513692856,-0.19953188300132751,0.019999999552965164,-1.9589388186548176,0.07742956280708313,0.14869043231010437,0.019999999552965164,-0.691298776867439,0.34865006861977865,1.2676400417873785,-0.303156285007518,0,0,200,0.0,0,0,-1,0,1,46,0,1,99,1,1,1,0.12320146709680557,0.1843525469303131,0.019999723881483078,0.012759447801747627
/workspace/ripl/t2/nominal,best_eval_success_once.pt,rgb,1,0,2104,4,-0.03310694545507431,0.15025800466537476,0.019999999552965164,-0.29223663056650384,-0.025827594101428986,0.04027288407087326,0.019999999552965164,2.804587647314936,0.11022574884443677,3.09682427788144,-0.044768375708353236,1,1,200,114.0,1,1,87,0,1,46,1,1,83,1,1,1,-0.014115038327872753,0.046308502554893494,0.05999865010380745,3.985764674091967e-06
/workspace/ripl/t2/nominal,best_eval_success_once.pt,rgb,1,0,2105,5,0.009761381894350052,-0.20141610503196716,0.019999999552965164,2.6647645691455155,0.07975006103515625,-0.26834240555763245,0.019999999552965164,-1.8787955039960327,0.09683772462179388,1.739625234038038,0.16882890724314148,0,0,200,0.0,0,0,-1,1,1,37,0,1,96,0,1,1,0.07915173470973969,-0.3139094412326813,0.1256019026041031,0.005257402678114894
/workspace/ripl/t2/nominal,best_eval_success_once.pt,rgb,1,0,2106,6,-0.18854805827140808,0.14211586117744446,0.019999999552965164,2.247303963128067,-0.17026737332344055,-0.10807869583368301,0.019999999552965164,0.3564644209103198,0.25086151518349953,-1.8908395422177477,-0.3200432154228512,1,0,200,13.0,0,1,134,0,1,62,0,1,123,1,1,1,-0.11282933503389359,-0.08593914657831192,0.02000000886619091,0.0008336392709410318
/workspace/ripl/t2/nominal,best_eval_success_once.pt,rgb,1,0,2107,7,-0.12974929809570312,0.0467352494597435,0.019999999552965164,1.2248900583711921,0.005135010927915573,0.08002238720655441,0.019999999552965164,-1.1327288350686056,0.13893095537047973,-2.3576188934397972,0.7839737601499959,1,1,200,69.0,1,1,108,0,1,44,1,1,101,1,1,1,0.010944227688014507,0.06468798965215683,0.05999711528420448,8.7814932508317e-05
/workspace/ripl/t2/nominal,best_eval_success_once.pt,rgb,1,0,2108,8,-0.1199437826871872,-0.11670168489217758,0.019999999552965164,-0.4184401652063503,0.005713850259780884,-0.035171158611774445,0.019999999552965164,-2.4186916661178,0.14979007788700313,-2.0002515009114497,-0.4294551741165531,0,0,200,0.0,0,0,-1,0,1,56,0,1,109,1,1,1,0.057738225907087326,-0.09332093596458435,0.020000001415610313,8.498751268329917e-05
/workspace/ripl/t2/nominal,best_eval_success_once.pt,rgb,1,0,2109,9,0.07421398907899857,-0.0069437697529792786,0.019999999552965164,-2.1541208674213275,-0.012340791523456573,0.020532675087451935,0.019999999552965164,-1.358123688935967,0.0908112606795457,0.7959971784853606,-0.774799148309536,1,1,200,102.0,1,1,99,0,1,47,1,1,97,1,1,1,-0.0018872583750635386,0.027091894298791885,0.05999264866113663,3.0166410844814794e-06
/workspace/ripl/t2/nominal,best_eval_success_once.pt,rgb,1,0,2110,0,0.015603944659233093,-0.07404769212007523,0.019999999552965164,0.2909241695609044,-0.07051326334476471,-0.14463064074516296,0.019999999552965164,-2.771897810514531,0.11134687310838863,-3.0628219800754355,0.07877067351435763,1,1,200,65.0,1,1,85,0,1,37,1,1,82,1,1,1,-0.052257660776376724,-0.1312083601951599,0.059974052011966705,0.01101705944005869
/workspace/ripl/t2/nominal,best_eval_success_once.pt,rgb,1,0,2111,1,-0.05519067123532295,-0.032748743891716,0.019999999552965164,1.7914674861179023,0.05035378411412239,0.10588765144348145,0.019999999552965164,-2.6589371823480175,0.1742403000644461,1.8327806387136665,0.2619843119187699,1,1,200,100.0,1,1,101,0,1,44,1,1,92,1,1,1,0.048710111528635025,0.09929785877466202,0.05999721959233284,0.0006124700650921355
/workspace/ripl/t2/nominal,best_eval_success_once.pt,rgb,1,0,2112,2,-0.0820860043168068,-0.007733382284641266,0.019999999552965164,3.053628928991844,0.06304605305194855,-0.16511425375938416,0.019999999552965164,-1.307697675335655,0.21408421890050008,1.921858702852087,0.3510623760571905,1,1,200,86.0,1,1,113,0,1,43,1,1,100,1,1,1,0.05607011541724205,-0.18701301515102386,0.05998832732439041,0.0003693728067103798
/workspace/ripl/t2/nominal,best_eval_success_once.pt,rgb,1,0,2113,3,-0.0766751617193222,0.10019513964653015,0.019999999552965164,-0.934932473561835,0.09351608157157898,-0.015459373593330383,0.019999999552965164,-2.6731139211671406,0.20576935079270622,-1.7381814476053057,-0.16738512081040913,1,1,200,3.0,1,1,198,0,1,47,1,1,100,1,1,1,0.07153842598199844,-0.012994405813515186,0.059989698231220245,0.010762466836873931
/workspace/ripl/t2/nominal,best_eval_success_once.pt,rgb,1,0,2114,4,0.004164889454841614,0.26982179284095764,0.019999999552965164,-0.12918694079205206,0.0375060960650444,0.18615016341209412,0.019999999552965164,-1.27889807484304,0.09006984861486829,-1.149711134050988,0.42108519274390854,0,0,200,0.0,0,0,-1,0,0,-1,0,0,-1,1,1,1,0.0041646808385849,0.26982107758522034,0.019999904558062553,5.972675577995766e-07
/workspace/ripl/t2/nominal,best_eval_success_once.pt,rgb,1,0,2115,5,0.11906521022319794,-0.19579607248306274,0.019999999552965164,1.611521453961117,-0.03321097046136856,0.0286642387509346,0.019999999552965164,-1.764814166827371,0.27123876294353966,2.906849686391098,-0.23474296719869514,1,1,200,66.0,1,1,135,0,1,71,1,1,134,1,1,1,-0.030764983966946602,0.02035726048052311,0.06000183895230293,3.224743231359432e-05
/workspace/ripl/t2/nominal,best_eval_success_once.pt,rgb,1,0,2116,6,0.032473787665367126,-0.16842514276504517,0.019999999552965164,-1.6683220437262225,-0.04988285154104233,-0.0894002690911293,0.019999999552965164,1.0987123639398817,0.11413827876988972,2.767034407666104,-0.3745582459236889,1,1,200,107.0,1,1,94,0,1,41,1,1,93,1,1,1,-0.048462215811014175,-0.09094934165477753,0.05999970808625221,1.009168696639201e-06
/workspace/ripl/t2/nominal,best_eval_success_once.pt,rgb,1,0,2117,7,0.004895418882369995,-0.19131438434123993,0.019999999552965164,-2.414767419110447,0.11649118363857269,-0.05760447680950165,0.019999999552965164,-1.6251986643673897,0.1741607133760876,0.7895687547430574,-0.7812275720518391,1,1,200,97.0,1,1,104,0,1,44,1,1,94,1,1,1,0.12032140791416168,-0.0601624920964241,0.059997279196977615,3.4345479522991505e-08
/workspace/ripl/t2/nominal,best_eval_success_once.pt,rgb,1,0,2118,8,-0.16090601682662964,-0.12058761715888977,0.019999999552965164,2.7389130476065002,0.007831491529941559,-0.2191825807094574,0.019999999552965164,-0.1418111979708785,0.19543109671677558,-2.8807242455773787,0.2608684080124144,1,1,200,67.0,1,1,126,0,1,61,1,1,119,1,1,1,0.009830926544964314,-0.22139857709407806,0.0599997341632843,0.005726962399829563
/workspace/ripl/t2/nominal,best_eval_success_once.pt,rgb,1,0,2119,9,0.04567059129476547,0.19157570600509644,0.019999999552965164,0.7597695787888492,-0.0314846932888031,0.08656881004571915,0.019999999552965164,1.257572874291059,0.13030497357428433,0.4978032955022096,0.4978032955022096,1,1,200,105.0,1,1,96,0,1,44,1,1,95,1,1,1,-0.03596370667219162,0.08077883720397949,0.059999000281095505,3.580270299975029e-05
/workspace/ripl/t2/nominal,best_eval_success_once.pt,rgb,1,0,2120,0,0.09843412041664124,0.12480141967535019,0.019999999552965164,-2.683867571323658,0.06964722275733948,-0.18195384740829468,0.019999999552965164,-1.490027647470093,0.30810303367608277,1.1938399238535649,-0.3769564029413317,0,0,200,0.0,0,0,-1,1,1,49,0,0,-1,0,1,1,0.02409347891807556,-0.13291439414024353,0.02107655256986618,0.00038333267878558574
/workspace/ripl/t2/nominal,best_eval_success_once.pt,rgb,1,0,2121,1,-0.15197688341140747,0.2517410218715668,0.019999999552965164,-2.8164818954116004,-0.11299937218427658,-0.08827222138643265,0.019999999552965164,1.07570970088514,0.3422400502166346,-2.390993710882846,0.7505989427069473,0,0,200,0.0,0,0,-1,0,1,71,0,1,134,1,1,1,-0.12113240361213684,-0.13606196641921997,0.019999926909804344,0.0006513322099870923
/workspace/ripl/t2/nominal,best_eval_success_once.pt,rgb,1,0,2122,2,0.052077293395996094,-0.12166149169206619,0.019999999552965164,-2.236116623831002,0.12134303152561188,0.10501498728990555,0.019999999552965164,2.907340004821229,0.2370231393815903,-1.139728678527355,0.4310676482675415,1,1,200,98.0,1,1,103,0,1,45,1,1,95,1,1,1,0.11750677973031998,0.09759493917226791,0.0599987767636776,1.6702932193422077e-06
/workspace/ripl/t2/nominal,best_eval_success_once.pt,rgb,1,0,2123,3,0.0065150633454322815,0.15243926644325256,0.019999999552965164,-2.30514056280313,0.022173956036567688,-0.01040341705083847,0.019999999552965164,2.469903536188611,0.16359382778047954,-1.5081412081878458,0.06265511860705075,1,1,200,106.0,1,1,95,0,1,55,1,1,93,1,1,1,0.022697102278470993,-0.0050302837044000626,0.0599982813000679,2.1329720865931085e-06
/workspace/ripl/t2/nominal,best_eval_success_once.pt,rgb,1,0,2124,4,0.12223230302333832,0.025772541761398315,0.019999999552965164,-2.2641171204417265,0.11178798973560333,-0.08924032747745514,0.019999999552965164,0.44887288259481073,0.11548611938499778,2.7129900030365373,-0.42860265055325586,1,1,200,107.0,1,1,94,0,1,48,1,1,91,1,1,1,0.10937020182609558,-0.08794388920068741,0.06000153347849846,7.468812212948656e-07
/workspace/ripl/t2/nominal,best_eval_success_once.pt,rgb,1,0,2125,5,-0.029591970145702362,-0.22061596810817719,0.019999999552965164,2.6238546323337077,-0.051999084651470184,-0.14199191331863403,0.019999999552965164,2.9878668992208954,0.08175463761783593,0.3640122668871877,0.3640122668871877,1,0,200,55.0,0,1,91,0,1,46,1,1,88,0,1,1,-0.05382173880934715,-0.1601698398590088,0.06000407040119171,1.3338012653883072e-05
/workspace/ripl/t2/nominal,best_eval_success_once.pt,rgb,1,0,2126,6,0.02277025207877159,-0.049901194870471954,0.019999999552965164,2.7455397069317997,0.10012497007846832,-0.19295340776443481,0.019999999552965164,1.8655699540240296,0.16262745159004455,-0.8799697529077699,0.6908265738871266,1,1,200,109.0,1,1,92,0,1,38,1,1,83,1,1,1,0.10084584355354309,-0.2094591110944748,0.06000061333179474,0.0003422373315200496
/workspace/ripl/t2/nominal,best_eval_success_once.pt,rgb,1,0,2127,7,0.00278627872467041,-0.08506465703248978,0.019999999552965164,-3.0310533797090873,-0.04174418747425079,0.05283872038125992,0.019999999552965164,1.6634062989033596,0.1449148160886676,-1.5887256285671398,-0.017929301772243278,1,1,200,117.0,1,1,84,0,1,38,1,1,81,1,1,1,-0.04247981682419777,0.04320729523897171,0.06000541150569916,1.5097303692670673e-05
/workspace/ripl/t2/nominal,best_eval_success_once.pt,rgb,1,0,2128,8,-0.0006282515823841095,0.08576872199773788,0.019999999552965164,-0.6412017706468438,0.0673435851931572,-0.13524267077445984,0.019999999552965164,-1.043780609447749,0.23122760719634558,-0.4025788388009053,-0.4025788388009053,1,1,200,109.0,1,1,92,0,1,39,1,1,89,1,1,1,0.06596603989601135,-0.12795644998550415,0.05999482795596123,2.8428432045148683e-06
/workspace/ripl/t2/nominal,best_eval_success_once.pt,rgb,1,0,2129,9,0.04404173791408539,0.018145553767681122,0.019999999552965164,-2.020911066277961,0.1720626950263977,-0.1729833483695984,0.019999999552965164,1.1390290486078323,0.2300426540712706,-3.123245192293793,0.018347461295999956,1,0,200,54.0,0,1,120,0,1,40,1,1,97,0,1,1,0.15892934799194336,-0.164983868598938,0.05998988822102547,0.0008739376691762606
/workspace/ripl/t2/nominal,best_eval_success_once.pt,rgb,1,0,2130,0,0.12916012108325958,0.10104217380285263,0.019999999552965164,-2.6814369174011787,-0.01255728304386139,0.08494613319635391,0.019999999552965164,-0.4390495311144247,0.14262855659276574,2.242387386286754,0.6715910594918575,1,1,200,89.0,1,1,112,0,1,50,1,1,108,1,1,1,-0.006240054499357939,0.08169905096292496,0.06000344827771187,1.9818861682677156e-06
/workspace/ripl/t2/nominal,best_eval_success_once.pt,rgb,1,0,2131,1,-0.16203144192695618,-0.07787557691335678,0.019999999552965164,2.4393572872644125,-0.15689009428024292,-0.13693994283676147,0.019999999552965164,0.516243351602272,0.059287711859694954,-1.9231139356621405,-0.35231760886724395,0,0,200,0.0,0,0,-1,0,1,57,0,0,-1,1,1,1,-0.11208595335483551,-0.06299437582492828,0.019999930635094643,6.64934160479646e-06
/workspace/ripl/t2/nominal,best_eval_success_once.pt,rgb,1,0,2132,2,0.09660662710666656,-0.0755339041352272,0.019999999552965164,1.4018640117949939,-0.028903786092996597,-0.2021769881248474,0.019999999552965164,2.807384480886281,0.1783012466135674,1.405520469091287,-0.16527585770360953,1,1,200,97.0,1,1,104,0,1,46,1,1,103,1,1,1,-0.03560400381684303,-0.20236140489578247,0.059996116906404495,1.5603775420074308e-06
/workspace/ripl/t2/nominal,best_eval_success_once.pt,rgb,1,0,2133,3,0.03742137551307678,0.03038862720131874,0.019999999552965164,2.3449776668993936,0.09303015470504761,0.09119477868080139,0.019999999552965164,-2.3602143939074303,0.08239978386480852,1.5779932463727624,0.007196919577865835,0,0,200,0.0,0,0,-1,0,1,39,0,0,-1,1,1,1,0.024208595976233482,0.0033384317066520452,0.019999921321868896,1.2194395102599124e-06
/workspace/ripl/t2/nominal,best_eval_success_once.pt,rgb,1,0,2134,4,-0.060034990310668945,-0.06206430494785309,0.019999999552965164,0.2925723638963573,0.1198769360780716,-0.03184739500284195,0.019999999552965164,0.45620535678974994,0.18243180343222096,0.16363299289339261,0.16363299289339261,1,1,200,32.0,1,1,116,0,1,51,1,1,105,1,1,1,0.11778485029935837,-0.02215397357940674,0.05999293923377991,0.005258248297956096
/workspace/ripl/t2/nominal,best_eval_success_once.pt,rgb,1,0,2135,5,0.05268995463848114,0.1736588180065155,0.019999999552965164,0.4832458931867931,0.08803299069404602,0.1188623234629631,0.019999999552965164,0.8192936958161003,0.06520572069908075,0.3360478026293072,0.3360478026293072,1,1,200,112.0,1,1,89,0,1,42,1,1,88,1,1,1,0.0903899297118187,0.09940110892057419,0.059995707124471664,2.3579645687165834e-06
/workspace/ripl/t2/nominal,best_eval_success_once.pt,rgb,1,0,2136,6,0.15141329169273376,-0.09633579850196838,0.019999999552965164,0.884711851501085,0.08078984916210175,0.10572215914726257,0.019999999552965164,-1.98407665302702,0.21404459555021682,-2.868788504528105,0.27280414906168815,1,1,200,92.0,1,1,109,0,1,52,1,1,104,1,1,1,0.06726472079753876,0.10592825710773468,0.059996284544467926,3.2512715180931142e-06
/workspace/ripl/t2/nominal,best_eval_success_once.pt,rgb,1,0,2137,7,-0.01935591548681259,-0.19192999601364136,0.019999999552965164,1.375692053250123,0.039267294108867645,-0.04366684705018997,0.019999999552965164,-0.6994031318278302,0.15943224907106351,-2.075095185077953,-0.5042988582830565,1,1,200,114.0,1,1,87,0,1,40,1,1,87,1,1,1,0.03236733749508858,-0.04237706586718559,0.05999854579567909,9.147010162590429e-07
/workspace/ripl/t2/nominal,best_eval_success_once.pt,rgb,1,0,2138,8,-0.12223337590694427,0.0492657907307148,0.019999999552965164,-1.5004489493372555,0.014205332845449448,0.10933707654476166,0.019999999552965164,1.8646881532227995,0.1490774316433357,-2.918048204619531,0.22354444897026227,1,0,200,76.0,0,1,108,0,1,47,1,1,100,0,1,1,0.02075970731675625,0.09345833212137222,0.059985727071762085,0.0030986812638462767
/workspace/ripl/t2/nominal,best_eval_success_once.pt,rgb,1,0,2139,9,0.13214564323425293,0.1964748203754425,0.019999999552965164,-1.1646026001432075,0.08752239495515823,-0.015215225517749786,0.019999999552965164,1.9374945562153423,0.21634211290740318,3.1020971563585498,-0.03949549723124335,0,0,200,0.0,0,0,-1,0,1,56,0,1,113,1,1,1,0.03536920249462128,-0.0668000727891922,0.019999349489808083,0.025559825487574177
/workspace/ripl/t2/nominal,best_eval_success_once.pt,rgb,1,0,2140,0,-0.11932786554098129,0.07472055405378342,0.019999999552965164,-1.3132776304545057,0.05464443564414978,0.1518077552318573,0.019999999552965164,2.9116518483361373,0.19028609556433385,-2.058255828388943,-0.4874595015940466,1,1,200,85.0,1,1,116,0,1,45,1,1,106,1,1,1,0.050876252353191376,0.13989008963108063,0.059994716197252274,0.000603871892841313
/workspace/ripl/t2/nominal,best_eval_success_once.pt,rgb,1,0,2141,1,-0.08622569590806961,0.0077962726354599,0.019999999552965164,1.4503887188816815,-0.040048748254776,-0.0680423155426979,0.019999999552965164,-2.275399609875511,0.08879077627451647,2.5573969784223936,-0.5841956751673996,0,0,200,0.0,0,0,-1,1,1,46,0,1,93,0,1,1,-0.018279947340488434,-0.09955812990665436,0.07625340670347214,0.00048779771157479317
/workspace/ripl/t2/nominal,best_eval_success_once.pt,rgb,1,0,2142,2,-0.10499681532382965,0.1427079439163208,0.019999999552965164,0.6140945072494564,-0.1334386169910431,0.009358309209346771,0.019999999552965164,3.074218289377657,0.1363490416488525,2.4601237821282007,-0.6814688714615924,1,1,200,99.0,1,1,102,0,1,47,1,1,101,1,1,1,-0.13728205859661102,0.012978741899132729,0.0599992461502552,9.18011988954552e-07
/workspace/ripl/t2/nominal,best_eval_success_once.pt,rgb,1,0,2143,3,0.10302527248859406,0.023321539163589478,0.019999999552965164,-2.6314990978334425,-0.0030675306916236877,0.06289835274219513,0.019999999552965164,3.019753697793605,0.1132343016036754,-0.6319325115525389,-0.6319325115525389,1,1,200,98.0,1,1,103,0,1,48,1,1,98,1,1,1,-0.012879302725195885,0.05331437289714813,0.059995755553245544,1.7661702231966247e-06
/workspace/ripl/t2/nominal,best_eval_success_once.pt,rgb,1,0,2144,4,-0.04623836651444435,0.022878095507621765,0.019999999552965164,-0.1097725077790841,-0.12329219281673431,0.10542666912078857,0.019999999552965164,2.4171904812713447,0.11292280174257054,2.526962989050429,-0.6146296645393643,1,1,200,103.0,1,1,98,0,1,46,1,1,90,1,1,1,-0.12524260580539703,0.11070670187473297,0.06000097095966339,5.859492045948434e-07
/workspace/ripl/t2/nominal,best_eval_success_once.pt,rgb,1,0,2145,5,0.09006498008966446,0.19566653668880463,0.019999999552965164,-1.780073959889779,0.0859360620379448,-0.13094410300254822,0.019999999552965164,-2.796455930212817,0.3266367369477483,-1.016381970323038,0.5544143564718587,0,0,200,0.0,0,0,-1,0,1,45,0,1,98,1,1,1,0.07943718135356903,-0.035649701952934265,0.01999991573393345,2.47387326112211e-06
/workspace/ripl/t2/nominal,best_eval_success_once.pt,rgb,1,0,2146,6,0.018447749316692352,-0.19188599288463593,0.019999999552965164,0.6575931942377093,0.01624462753534317,0.037371277809143066,0.019999999552965164,0.4915356256475807,0.2292678562545219,-0.16605756859012866,-0.16605756859012866,1,1,200,110.0,1,1,91,0,1,39,1,1,86,1,1,1,0.025562724098563194,0.026452509686350822,0.05999862030148506,8.417919714839374e-07
/workspace/ripl/t2/nominal,best_eval_success_once.pt,rgb,1,0,2147,7,-0.030196834355592728,0.14645221829414368,0.019999999552965164,1.6662703019252008,0.023380640894174576,-0.018078625202178955,0.019999999552965164,3.0993790630319684,0.17303451770022893,1.4331087611067677,-0.1376875656881289,1,1,200,18.0,1,1,100,0,1,35,1,1,79,1,1,1,0.013953770510852337,-0.0874016135931015,0.05999647080898285,0.08165379492469342
/workspace/ripl/t2/nominal,best_eval_success_once.pt,rgb,1,0,2148,8,-0.07172152400016785,-0.03399600833654404,0.019999999552965164,-1.1562098583918772,0.002413034439086914,-0.1972121000289917,0.019999999552965164,-0.11313469025424006,0.17926356390058956,1.0430751681376371,-0.5277211586572594,0,0,200,0.0,0,0,-1,0,1,45,0,1,97,1,1,1,0.06626231223344803,-0.18540172278881073,0.019999584183096886,0.017743880075595627
/workspace/ripl/t2/nominal,best_eval_success_once.pt,rgb,1,0,2149,9,0.05904190242290497,-0.02748642861843109,0.019999999552965164,1.4270006153211507,-0.026406288146972656,0.19532641768455505,0.019999999552965164,1.2759851442600343,0.23863561710127063,-0.15101547106111646,-0.15101547106111646,1,1,200,100.0,1,1,101,0,1,48,1,1,96,1,1,1,-0.03517516329884529,0.19161370396614075,0.0599992461502552,1.4714012485358486e-06
/workspace/ripl/t2/nominal,best_eval_success_once.pt,rgb,1,0,2150,0,-0.024236492812633514,0.17047317326068878,0.019999999552965164,-2.86556393282307,0.07763296365737915,-0.09742885082960129,0.019999999552965164,1.292334935615819,0.28661626030839593,-2.125286438740697,-0.5544901119458006,1,1,200,81.0,1,1,106,0,1,47,1,1,96,1,1,1,0.07609707117080688,-0.11587011814117432,0.0599907822906971,7.546412057172275e-06
/workspace/ripl/t2/nominal,best_eval_success_once.pt,rgb,1,0,2151,1,-0.09542878717184067,-0.11211929470300674,0.019999999552965164,-2.7759473826292265,-0.005909144878387451,0.022109203040599823,0.019999999552965164,2.247865461221059,0.161341426679118,-1.259372463329301,0.3114238634655955,1,1,200,103.0,1,1,97,0,1,47,1,1,89,1,1,1,0.003254322335124016,0.03275582939386368,0.05999648571014404,0.0011023833043062887
/workspace/ripl/t2/nominal,best_eval_success_once.pt,rgb,1,0,2152,2,0.06402358412742615,-0.10757362097501755,0.019999999552965164,2.4455398751494775,0.147784024477005,0.15611226856708527,0.019999999552965164,-3.0199969743810087,0.27666958580799117,0.8176484576490992,-0.7531478691457973,1,0,200,1.0,0,1,106,0,1,43,1,1,98,0,1,1,0.15086030960083008,0.1383328139781952,0.05998590961098671,1.1394722223533682e-05
/workspace/ripl/t2/nominal,best_eval_success_once.pt,rgb,1,0,2153,3,-0.12731751799583435,-0.06659325212240219,0.019999999552965164,-1.4145853276021194,-0.08197503536939621,-0.14592969417572021,0.019999999552965164,-1.9847024867061869,0.09137949315031427,-0.5701171591040675,-0.5701171591040675,1,1,200,101.0,1,1,100,0,1,48,1,1,93,1,1,1,-0.0895901545882225,-0.15412293374538422,0.05999596416950226,0.0003859367219290701
/workspace/ripl/t2/nominal,best_eval_success_once.pt,rgb,1,0,2154,4,0.0341930016875267,-0.16963684558868408,0.019999999552965164,1.502901231371339,0.037900082767009735,-0.02564355731010437,0.019999999552965164,-2.4862388507959317,0.14404099943907644,2.294045225012315,0.7232488982174186,1,1,200,110.0,1,1,91,0,1,42,1,1,86,1,1,1,0.024242090061306953,-0.018969200551509857,0.0599970705807209,4.415932548661073e-06
/workspace/ripl/t2/nominal,best_eval_success_once.pt,rgb,1,0,2155,5,-0.03470513969659805,0.17302283644676208,0.019999999552965164,2.667284833588468,-0.045273855328559875,0.2368355691432953,0.019999999552965164,0.7661586760709875,0.06468201144296977,-1.9011261575174805,-0.33032983072258393,0,0,200,0.0,0,0,-1,0,1,54,0,1,180,1,1,1,-0.08717138320207596,0.17892490327358246,0.01999991200864315,0.0005663394360045796
/workspace/ripl/t2/nominal,best_eval_success_once.pt,rgb,1,0,2156,6,-0.08604389429092407,0.07348956912755966,0.019999999552965164,1.9900152613122528,-0.11148048937320709,0.21061304211616516,0.019999999552965164,-2.0380942901295143,0.13946278074754156,2.2550757557378187,0.6842794289429222,1,1,200,108.0,1,1,93,0,1,41,1,1,89,1,1,1,-0.12249969691038132,0.21445272862911224,0.059995636343955994,3.726511993354695e-06
/workspace/ripl/t2/nominal,best_eval_success_once.pt,rgb,1,0,2157,7,0.03867268189787865,0.07813313603401184,0.019999999552965164,1.3997728640474951,-0.046478863805532455,0.00735945999622345,0.019999999552965164,-3.1216946308435496,0.11072352485168602,1.7617178122885413,0.19092148549364474,1,1,200,106.0,1,1,95,0,1,45,1,1,91,1,1,1,-0.04371456429362297,0.005548267159610987,0.05999961495399475,1.788955580044109e-06
/workspace/ripl/t2/nominal,best_eval_success_once.pt,rgb,1,0,2158,8,-0.010343983769416809,0.15082323551177979,0.019999999552965164,1.7134043311775637,0.07021648436784744,0.09047874808311462,0.019999999552965164,-3.0693309868100265,0.10065508526410127,1.5004499891919956,-0.07034633760290099,1,1,200,91.0,1,1,100,0,1,40,1,1,81,1,1,1,0.06634455174207687,0.07452071458101273,0.05999472364783287,0.005519227255252695
/workspace/ripl/t2/nominal,best_eval_success_once.pt,rgb,1,0,2159,9,0.12629878520965576,-0.14838789403438568,0.019999999552965164,-1.3491604367126682,0.0012712031602859497,0.09799711406230927,0.019999999552965164,2.3459240669399364,0.2762923605312321,-2.5881008035269817,0.5534918500628114,1,1,200,88.0,1,1,113,0,1,51,1,1,104,1,1,1,0.008226229809224606,0.11078286916017532,0.05998313054442406,0.0007660894757592194
/workspace/ripl/t2/nominal,best_eval_success_once.pt,rgb,1,0,2160,0,0.03122512251138687,-0.08870360255241394,0.019999999552965164,2.054063391386701,-0.00950605794787407,0.03843206167221069,0.019999999552965164,-1.048337779705439,0.13350095947011534,-3.10240117109214,0.03919148249765314,1,1,200,111.0,1,1,90,0,1,40,1,1,85,1,1,1,-0.014623347669839859,0.041969023644924164,0.05998943746089935,4.399008303628248e-07
/workspace/ripl/t2/nominal,best_eval_success_once.pt,rgb,1,0,2161,1,-0.10709436237812042,0.1668304204940796,0.019999999552965164,-2.8020876513303783,-0.02546805888414383,0.0785028263926506,0.019999999552965164,2.4525174792480344,0.12026893739381574,-1.0285801766011735,0.542216150193723,1,0,200,20.0,0,1,86,0,1,38,0,1,81,1,1,1,0.021486515179276466,0.01788407936692238,0.019999992102384567,0.0032173085532244483
/workspace/ripl/t2/nominal,best_eval_success_once.pt,rgb,1,0,2162,2,-0.08482393622398376,0.19037824869155884,0.019999999552965164,1.5709750031752192,-0.12536656856536865,-0.030767597258090973,0.019999999552965164,-2.4330567810359796,0.2248314707018458,2.2791535229683877,0.7083571961734911,0,0,200,0.0,0,0,-1,0,1,47,0,1,100,1,1,1,-0.16248854994773865,0.05045616254210472,0.019999930635094643,0.00453176148691296
/workspace/ripl/t2/nominal,best_eval_success_once.pt,rgb,1,0,2163,3,0.05313505604863167,-0.07670404762029648,0.019999999552965164,1.8702612751798218,0.006158106029033661,-0.1137627437710762,0.019999999552965164,-2.109240692113005,0.05983461200291705,2.30368333988676,0.7328870130918634,0,0,200,0.0,0,0,-1,1,1,125,0,0,-1,0,1,1,0.0319845974445343,-0.05797265097498894,0.038158517330884933,0.04289172556299429
/workspace/ripl/t2/nominal,best_eval_success_once.pt,rgb,1,0,2164,4,-0.02853388339281082,0.023476310074329376,0.019999999552965164,0.27025703007722024,0.13191990554332733,-0.20666801929473877,0.019999999552965164,-2.785947170225989,0.28055628797925897,-3.0562042003032097,0.0853884532865834,0,0,200,0.0,0,0,-1,1,1,37,0,0,-1,0,1,1,-0.009375615045428276,-0.1485022008419037,0.09716836363077164,1.8324187610031512e-06
/workspace/ripl/t2/nominal,best_eval_success_once.pt,rgb,1,0,2165,5,0.018798135221004486,-0.03579866141080856,0.019999999552965164,2.9991007025299745,0.09540325403213501,0.01140844076871872,0.019999999552965164,0.05219542414734857,0.08998252454924652,-2.9469052783826264,0.19468737520716672,1,1,200,117.0,1,1,84,0,1,35,1,1,81,1,1,1,0.09403259307146072,0.00961999036371708,0.059999141842126846,2.2587306708797646e-06
/workspace/ripl/t2/nominal,best_eval_success_once.pt,rgb,1,0,2166,6,-0.005980677902698517,0.14675703644752502,0.019999999552965164,2.8713780048209587,-0.03658353537321091,-0.1240423247218132,0.019999999552965164,1.9432738281160324,0.2725230795640659,-0.9281041767049265,0.64269215008997,1,1,200,108.0,1,1,93,0,1,37,1,1,92,1,1,1,-0.0337555892765522,-0.13563384115695953,0.05999486893415451,2.7712579505217238e-06
/workspace/ripl/t2/nominal,best_eval_success_once.pt,rgb,1,0,2167,7,-0.12290787696838379,0.005624428391456604,0.019999999552965164,-0.6075318154450855,0.025184985250234604,0.15458127856254578,0.019999999552965164,-1.2298038922897145,0.2100467544452782,-0.622272076844629,-0.622272076844629,1,1,200,83.0,1,1,112,0,1,48,1,1,104,1,1,1,0.033645354211330414,0.13966085016727448,0.059991251677274704,4.28958240636752e-06
/workspace/ripl/t2/nominal,best_eval_success_once.pt,rgb,1,0,2168,8,0.04056784510612488,0.07336461544036865,0.019999999552965164,0.15711130688322505,-0.04298419505357742,0.014729384332895279,0.019999999552965164,-2.4002888910527815,0.10207366821014771,-2.5574001979360066,0.5841924556537865,1,1,200,108.0,1,1,93,0,1,40,1,1,87,1,1,1,-0.04852413758635521,0.019162628799676895,0.06000230461359024,1.2847459048999425e-06
/workspace/ripl/t2/nominal,best_eval_success_once.pt,rgb,1,0,2169,9,0.006290003657341003,0.10869481414556503,0.019999999552965164,-2.3504865912005375,-0.05578606575727463,0.005165062844753265,0.019999999552965164,1.785057892916563,0.1207139088853315,-2.1476408230624857,-0.5768444962675892,1,1,200,115.0,1,1,86,0,1,37,1,1,85,1,1,1,-0.052096106112003326,0.007416417822241783,0.06000431254506111,1.6242743163975377e-05
/workspace/ripl/t2/nominal,best_eval_success_once.pt,rgb,1,0,2170,0,0.005778379738330841,0.004883818328380585,0.019999999552965164,3.041071391713043,-0.1223757416009903,-0.04938554763793945,0.019999999552965164,0.13818335359693723,0.13917127181512648,-2.9028880381161057,0.23870461547368738,1,1,200,104.0,1,1,97,0,1,40,1,1,90,1,1,1,-0.1343347728252411,-0.06892222166061401,0.059998832643032074,0.00019641688224907828
/workspace/ripl/t2/nominal,best_eval_success_once.pt,rgb,1,0,2171,1,0.025929663330316544,-0.022032149136066437,0.019999999552965164,1.9108501683231955,0.015558525919914246,0.114589162170887,0.019999999552965164,0.48554913058254456,0.13701439046471334,-1.4253010377406508,0.1454952890542458,1,1,200,113.0,1,1,88,0,1,42,1,1,85,1,1,1,0.012376528233289719,0.11699801683425903,0.059998106211423874,8.348495246036914e-07
/workspace/ripl/t2/nominal,best_eval_success_once.pt,rgb,1,0,2172,2,-0.08317328989505768,-0.025302276015281677,0.019999999552965164,0.36412047208547627,-0.02110164240002632,-0.237074613571167,0.019999999552965164,-2.088258999062232,0.22068169923360492,-2.452379471147708,0.6892131824420851,0,0,200,0.0,0,0,-1,0,1,48,0,0,-1,0,1,1,0.09769555181264877,-0.2172546237707138,0.01998947560787201,0.05295465680725304
/workspace/ripl/t2/nominal,best_eval_success_once.pt,rgb,1,0,2173,3,-0.14461280405521393,-0.2043975293636322,0.019999999552965164,-0.37622864986698534,-0.022738240659236908,-0.07108021527528763,0.019999999552965164,-0.5238288298400158,0.18062922088823374,-0.14760017997303043,-0.14760017997303043,1,1,200,86.0,1,1,115,0,1,59,1,1,114,1,1,1,-0.017742451280355453,-0.09247325360774994,0.05999785289168358,1.3169333927042148e-05
/workspace/ripl/t2/nominal,best_eval_success_once.pt,rgb,1,0,2174,4,-0.09691431373357773,0.07615800946950912,0.019999999552965164,-2.712339214094234,-0.05284338444471359,0.1828957498073578,0.019999999552965164,-2.358792001813378,0.11547810191033653,0.35354721228085584,0.35354721228085584,1,1,200,104.0,1,1,97,0,1,46,1,1,93,1,1,1,-0.052124448120594025,0.1912873536348343,0.05999785289168358,1.8304220610289871e-06
/workspace/ripl/t2/nominal,best_eval_success_once.pt,rgb,1,0,2175,5,0.13004222512245178,-0.04641880840063095,0.019999999552965164,0.3013620680081086,-0.03515661507844925,0.05286084860563278,0.019999999552965164,-0.6057671355045535,0.19273584798631574,-0.9071292035126621,0.6636671232822344,1,1,200,95.0,1,1,106,0,1,47,1,1,99,1,1,1,-0.0422726571559906,0.04389732703566551,0.059997085481882095,9.863258159557595e-06
/workspace/ripl/t2/nominal,best_eval_success_once.pt,rgb,1,0,2176,6,0.04540964215993881,-0.10005495697259903,0.019999999552965164,-2.438003473020231,-0.010252915322780609,0.017782919108867645,0.019999999552965164,2.3767673861405765,0.13032300389765478,-1.4684144480187786,0.10238187877611793,1,1,200,107.0,1,1,94,0,1,47,1,1,93,1,1,1,-0.004326544236391783,0.026609469205141068,0.06000187620520592,5.38625968729882e-05
/workspace/ripl/t2/nominal,best_eval_success_once.pt,rgb,1,0,2177,7,-0.0046292878687381744,-0.0364106148481369,0.019999999552965164,-1.0341618658951797,0.14617891609668732,-0.0715186595916748,0.019999999552965164,-0.602862170090245,0.154840851163353,0.43129969580493466,0.43129969580493466,0,0,200,0.0,0,0,-1,0,1,39,0,1,91,1,1,1,0.12260433286428452,-0.1496320217847824,0.01999996043741703,0.0001939225033579541
/workspace/ripl/t2/nominal,best_eval_success_once.pt,rgb,1,0,2178,8,-0.0008873790502548218,-0.010688729584217072,0.019999999552965164,1.1918173827252214,0.12196062505245209,0.1594887375831604,0.019999999552965164,1.3932392664001418,0.20988568899170457,0.20142188367492064,0.20142188367492064,1,1,200,96.0,1,1,105,0,1,43,1,1,95,1,1,1,0.12165564298629761,0.15361034870147705,0.05999934300780296,9.734063079548744e-07
/workspace/ripl/t2/nominal,best_eval_success_once.pt,rgb,1,0,2179,9,-0.10363131761550903,-0.17952847480773926,0.019999999552965164,2.3703336623201876,0.06273677945137024,-0.029078759253025055,0.019999999552965164,-3.1013582371949546,0.22430662190882592,0.8114934076644431,-0.7593029191304534,0,0,200,0.0,0,0,-1,1,1,63,0,0,-1,0,1,1,0.10147638618946075,0.14342358708381653,0.13117508590221405,0.004153826940339731
/workspace/ripl/t2/nominal,best_eval_success_once.pt,rgb,1,0,2180,0,0.12786255776882172,-0.046699054539203644,0.019999999552965164,-3.0951462533998244,-0.019269078969955444,0.18691954016685486,0.019999999552965164,-2.4676790448031873,0.27608941725800556,0.6274672085966371,0.6274672085966371,1,1,200,85.0,1,1,116,0,1,52,1,1,112,1,1,1,-0.009695002809166908,0.19729343056678772,0.059991542249917984,9.127219907162744e-06
/workspace/ripl/t2/nominal,best_eval_success_once.pt,rgb,1,0,2181,1,0.11115442216396332,-0.026207558810710907,0.019999999552965164,-1.8575008074156063,0.10037757456302643,0.13213172554969788,0.019999999552965164,-2.0164813348675263,0.15870560612650145,-0.15898052745192004,-0.15898052745192004,1,1,200,104.0,1,1,97,0,1,49,1,1,96,1,1,1,0.10121013224124908,0.12325325608253479,0.05999763682484627,1.925942658874518e-06
/workspace/ripl/t2/nominal,best_eval_success_once.pt,rgb,1,0,2182,2,-0.06358139961957932,-0.06415322422981262,0.019999999552965164,-0.12737304538301686,-0.15218910574913025,-0.11333486437797546,0.019999999552965164,0.6127231359599823,0.10134179450357213,0.7400961813429991,0.7400961813429991,1,1,200,57.0,1,1,88,0,1,40,1,1,85,1,1,1,-0.13720877468585968,-0.10373907536268234,0.05999625474214554,1.2051320449091914e-05
/workspace/ripl/t2/nominal,best_eval_success_once.pt,rgb,1,0,2183,3,-0.11184388399124146,-0.23087559640407562,0.019999999552965164,1.562874529340795,-0.0524740144610405,0.07174643874168396,0.019999999552965164,-2.7464543696593555,0.30839078709292606,1.9738564081794356,0.4030600813845391,0,0,200,0.0,0,0,-1,1,1,89,0,0,-1,0,1,1,-0.0374179482460022,0.04541762173175812,0.08051659911870956,0.016420631241631532
/workspace/ripl/t2/nominal,best_eval_success_once.pt,rgb,1,0,2184,4,0.05290335416793823,0.12613168358802795,0.019999999552965164,-1.7466247831474586,-0.10652252286672592,0.12415557354688644,0.019999999552965164,-1.820614701661441,0.15943812366923588,-0.07398991851398229,-0.07398991851398229,1,1,200,101.0,1,1,100,0,1,42,1,1,94,1,1,1,-0.10459025204181671,0.11149173229932785,0.0599978007376194,1.988020984348974e-06
/workspace/ripl/t2/nominal,best_eval_success_once.pt,rgb,1,0,2185,5,0.09005308151245117,-0.052835941314697266,0.019999999552965164,-1.433770584284007,0.017238490283489227,0.019644521176815033,0.019999999552965164,1.491349753564938,0.10273938942209236,2.925120337848945,-0.21647231574084813,1,1,200,95.0,1,1,95,0,1,46,1,1,94,1,1,1,0.024137897416949272,0.028452850878238678,0.059996671974658966,0.00035372451767071004
/workspace/ripl/t2/nominal,best_eval_success_once.pt,rgb,1,0,2186,6,-0.021287858486175537,-0.14078031480312347,0.019999999552965164,3.036147364374127,-0.035013291984796524,-0.22105666995048523,0.019999999552965164,2.4206366318379313,0.0814412716039627,-0.6155107325361957,-0.6155107325361957,0,0,200,0.0,0,0,-1,0,1,42,0,0,-1,1,1,1,-0.08859407156705856,-0.14775069057941437,0.019999928772449493,0.013542695740274975
/workspace/ripl/t2/nominal,best_eval_success_once.pt,rgb,1,0,2187,7,0.015055142343044281,0.019457124173641205,0.019999999552965164,0.696933263511458,-0.031990401446819305,0.08350155502557755,0.019999999552965164,-0.009431186927507884,0.07946680007168042,-0.7063644504389659,-0.7063644504389659,0,0,200,0.0,0,0,-1,0,1,42,0,1,87,0,1,1,0.0162481889128685,0.06945981085300446,0.022440604865550995,3.155790335610947e-05
/workspace/ripl/t2/nominal,best_eval_success_once.pt,rgb,1,0,2188,8,-0.07329437136650085,-0.22066986560821533,0.019999999552965164,-2.5880029003784255,-0.11725299060344696,-0.0778718814253807,0.019999999552965164,-1.79810469232027,0.14941092494158484,0.7898982080581556,-0.780898118736741,0,0,200,0.0,0,0,-1,0,1,77,0,0,-1,1,1,1,-0.07956726104021072,-0.23942314088344574,0.020000003278255463,1.3474638156447769e-06
/workspace/ripl/t2/nominal,best_eval_success_once.pt,rgb,1,0,2189,9,0.009265989065170288,0.1364039182662964,0.019999999552965164,2.903860127847641,0.0012217164039611816,-0.16933372616767883,0.019999999552965164,2.1491003164369173,0.3058434526791177,-0.7547598114107235,-0.7547598114107235,1,1,200,53.0,1,1,97,0,1,39,1,1,90,1,1,1,-0.017193198204040527,-0.1641942262649536,0.05999040976166725,6.739373341089887e-06
/workspace/ripl/t2/nominal,best_eval_success_once.pt,rgb,1,0,2190,0,-0.0680757686495781,-0.09611600637435913,0.019999999552965164,-2.4342558819210396,0.013257712125778198,-0.12820404767990112,0.019999999552965164,1.5506701042835243,0.08743441822223912,-2.2982593209750224,-0.7274629941801258,1,1,200,104.0,1,1,97,0,1,46,1,1,89,1,1,1,0.012768362648785114,-0.1323484182357788,0.06000141426920891,0.0003757366356176915
/workspace/ripl/t2/nominal,best_eval_success_once.pt,rgb,1,0,2191,1,-0.16064198315143585,0.014669828116893768,0.019999999552965164,1.1105332528177234,-0.014671571552753448,0.0935865268111229,0.019999999552965164,0.8139966233529563,0.16593735684011754,-0.2965366294647671,-0.2965366294647671,0,0,200,0.0,0,0,-1,0,1,54,0,0,-1,1,1,1,-0.005496172234416008,0.023823635652661324,0.019999910145998,0.01922157229653009
/workspace/ripl/t2/nominal,best_eval_success_once.pt,rgb,1,0,2192,2,-0.10278113186359406,-0.1407833695411682,0.019999999552965164,2.7087740662513315,-0.1213555857539177,-0.2801012396812439,0.019999999552965164,0.38344804943059696,0.1405506288768953,-2.3253260168207346,-0.754529690025838,0,0,200,0.0,0,0,-1,1,1,61,0,0,-1,0,1,1,-0.021807825192809105,-0.13404475152492523,0.1324925422668457,2.047825656584411e-06
/workspace/ripl/t2/nominal,best_eval_success_once.pt,rgb,1,0,2193,3,0.02409418299794197,-0.0840725526213646,0.019999999552965164,-1.8618200662995683,-0.008035488426685333,0.06507858633995056,0.019999999552965164,1.4847095628569655,0.15257253369893303,-2.936655678023053,0.2049369755667403,1,1,200,113.0,1,1,88,0,1,41,1,1,87,1,1,1,-0.011467797681689262,0.06670185923576355,0.05999711900949478,1.0327863468648089e-06
/workspace/ripl/t2/nominal,best_eval_success_once.pt,rgb,1,0,2194,4,-0.0405438169836998,0.0692463144659996,0.019999999552965164,1.775869836770056,0.08712147176265717,0.107679583132267,0.019999999552965164,-1.7574638485553944,0.13332494924455884,2.749851621854136,-0.39174103173565733,1,1,200,103.0,1,1,98,0,1,40,1,1,90,1,1,1,0.08730001747608185,0.11969941109418869,0.06000145152211189,3.116488715500006e-05
/workspace/ripl/t2/nominal,best_eval_success_once.pt,rgb,1,0,2195,5,0.03339745104312897,0.06555557250976562,0.019999999552965164,-0.7480367259000675,-0.021532271057367325,-0.1214832216501236,0.019999999552965164,-1.5748679480402163,0.19493790008826697,-0.8268312221401488,0.7439651046547477,1,1,200,111.0,1,1,90,0,1,39,1,1,85,1,1,1,-0.024838745594024658,-0.11758141964673996,0.060002490878105164,8.482237326055459e-07
/workspace/ripl/t2/nominal,best_eval_success_once.pt,rgb,1,0,2196,6,-0.056471019983291626,0.049026183784008026,0.019999999552965164,-0.30404695350421473,-0.1544652283191681,-0.1660812497138977,0.019999999552965164,2.561954771647928,0.2363769718340412,2.8660017251521426,-0.27559092843765054,0,0,200,0.0,0,0,-1,0,1,39,0,1,89,1,1,1,-0.1825924813747406,-0.22779938578605652,0.019999943673610687,0.041853475314508684
/workspace/ripl/t2/nominal,best_eval_success_once.pt,rgb,1,0,2197,7,0.11605946719646454,-0.18799945712089539,0.019999999552965164,1.5327519568464532,-0.008134625852108002,0.030086025595664978,0.019999999552965164,-0.01857597042013781,0.25096902302848584,-1.5513279272665912,0.01946839952830537,1,0,200,3.0,0,1,118,0,1,51,0,1,117,1,1,1,0.041406307369470596,0.014813348650932312,0.01999991573393345,0.002133590978597031
/workspace/ripl/t2/nominal,best_eval_success_once.pt,rgb,1,0,2198,8,0.037022896111011505,-0.10826218128204346,0.019999999552965164,2.5255088811843853,0.0282178595662117,0.11097802221775055,0.019999999552965164,-0.9392025773503754,0.2194169444213148,2.8184738486448255,-0.3231188049449676,1,1,200,102.0,1,1,99,0,1,46,1,1,94,1,1,1,0.02460539899766445,0.09892771393060684,0.05999711900949478,2.859191246867102e-06
/workspace/ripl/t2/nominal,best_eval_success_once.pt,rgb,1,0,2199,9,0.03794769197702408,0.03241498023271561,0.019999999552965164,0.23881975961283786,0.05295959860086441,0.16827979683876038,0.019999999552965164,-2.4689118847412175,0.1366916447039726,-2.7077316443540553,0.4338610092357378,0,0,200,0.0,0,0,-1,0,1,43,0,1,88,0,1,1,0.11755479872226715,0.16337932646274567,0.020001087337732315,0.01502131253015866
