run_id,ckpt_tag,obs_mode,policy_seed,repeat_idx,seed,env_idx,cubeA_x,cubeA_y,cubeA_z,cubeA_theta,cubeB_x,cubeB_y,cubeB_z,cubeB_theta,separation,relative_yaw,relative_yaw_mod90,success_once,success_at_end,ep_len,return,success,ever_success,first_success_step,is_cubeA_grasped,ever_is_cubeA_grasped,first_is_cubeA_grasped_step,is_cubeA_on_cubeB,ever_is_cubeA_on_cubeB,first_is_cubeA_on_cubeB_step,is_cubeA_static,ever_is_cubeA_static,first_is_cubeA_static_step,final_cubeA_x,final_cubeA_y,final_cubeA_z,cubeB_displacement
/workspace/ripl/t2/region_far,best_eval_success_once.pt,rgb,1,0,2203,0,-0.0015154555439949036,0.28091737627983093,0.019999999552965164,2.8280992258105258,-0.12623363733291626,0.024083547294139862,0.019999999552965164,1.8622336221078177,0.285513993667886,-0.9658656037027082,0.6049307230921883,1,1,200,86.0,1,1,115,0,1,51,1,1,112,1,1,1,-0.13624221086502075,0.03250905126333237,0.05999639630317688,3.208178499703736e-06
/workspace/ripl/t2/region_far,best_eval_success_once.pt,rgb,1,0,2204,1,-0.010306689888238907,-0.10919658094644547,0.019999999552965164,2.1831433385303227,-0.006254382431507111,0.17753367125988007,0.019999999552965164,-1.000216308183635,0.28675888604544925,3.099825660465628,-0.0417669931241651,1,1,200,88.0,1,1,103,0,1,47,1,1,100,1,1,1,-0.001786703011021018,0.1879149079322815,0.06000037491321564,0.0008225448640416306
/workspace/ripl/t2/region_far,best_eval_success_once.pt,rgb,1,0,2206,2,-0.07766739279031754,0.04133068025112152,0.019999999552965164,-0.14936810869116224,0.10317797213792801,-0.2406892627477646,0.019999999552965164,-1.8139581172791202,0.3350228264836969,-1.6645900085879575,-0.09379368179306091,1,1,200,77.0,1,1,124,0,1,42,1,1,106,1,1,1,0.09204518795013428,-0.24612243473529816,0.05999542027711868,0.0004264242083570861
/workspace/ripl/t2/region_far,best_eval_success_once.pt,rgb,1,0,2210,3,0.0450449213385582,-0.16673651337623596,0.019999999552965164,-2.9657934138675586,-0.020856991410255432,0.1988731324672699,0.019999999552965164,1.3119241513501088,0.3715016490377479,-2.005467741961919,-0.43467141516702235,1,1,200,69.0,1,1,123,0,1,61,1,1,117,1,1,1,-0.021602850407361984,0.2015049010515213,0.05999940261244774,0.0008051889094821509
/workspace/ripl/t2/region_far,best_eval_success_once.pt,rgb,1,0,2213,4,-0.0995158851146698,0.01280367374420166,0.019999999552965164,3.1326911448200856,-0.13273198902606964,-0.2602728009223938,0.019999999552965164,-0.45552093990989206,0.27508920475981724,2.694973222449608,-0.446619431140185,1,0,200,3.0,0,1,110,1,1,48,0,1,105,0,1,1,-0.0689796507358551,-0.23187226057052612,0.08909706771373749,0.007194122454864945
/workspace/ripl/t2/region_far,best_eval_success_once.pt,rgb,1,0,2239,5,0.10687457025051117,0.15797311067581177,0.019999999552965164,2.2451872711062073,0.0782860741019249,-0.13081270456314087,0.019999999552965164,-1.7020486429099275,0.2901974314070754,2.3359493931634514,0.7651530663685548,0,0,200,0.0,0,0,-1,1,1,47,0,0,-1,0,1,1,0.0921614021062851,-0.043793853372335434,0.11006341129541397,1.736432895745825e-06
/workspace/ripl/t2/region_far,best_eval_success_once.pt,rgb,1,0,2243,6,-0.08777893334627151,0.1973080039024353,0.019999999552965164,0.498710807254064,-0.05088150501251221,-0.14113162457942963,0.019999999552965164,1.166836327771549,0.3404450063440315,0.668125520517485,0.668125520517485,1,0,200,1.0,0,1,112,1,1,48,0,1,102,0,1,1,-0.0807594284415245,-0.06143397465348244,0.11837321519851685,0.01851474819965425
/workspace/ripl/t2/region_far,best_eval_success_once.pt,rgb,1,0,2245,7,0.017085395753383636,0.21797996759414673,0.019999999552965164,-0.6873472357639705,-0.007337525486946106,-0.10534033924341202,0.019999999552965164,-0.7529672146275708,0.32424142223880725,-0.06561997886360027,-0.06561997886360027,1,1,200,104.0,1,1,97,0,1,40,1,1,90,1,1,1,-0.0079733245074749,-0.1035107895731926,0.05999930202960968,7.486514299643627e-07
/workspace/ripl/t2/region_far,best_eval_success_once.pt,rgb,1,0,2246,8,-0.059620097279548645,-0.22029973566532135,0.019999999552965164,-1.9654201364021384,0.021387524902820587,0.1440439671278,0.019999999552965164,1.7905426020355952,0.3732406309830748,-2.527222568741853,0.6143700848479403,1,1,200,106.0,1,1,95,0,1,37,1,1,91,1,1,1,0.017335331067442894,0.14379817247390747,0.0599997378885746,6.99385429159902e-07
/workspace/ripl/t2/region_far,best_eval_success_once.pt,rgb,1,0,2248,9,-0.03238684684038162,0.026266351342201233,0.019999999552965164,-3.0340018943635307,-0.10423856228590012,-0.26019400358200073,0.019999999552965164,0.013770624574122259,0.2953340548527439,3.047772518937653,-0.09382013465214012,0,0,200,0.0,0,0,-1,1,1,43,0,1,98,0,1,1,0.025389716029167175,-0.06772174686193466,0.12656518816947937,1.9590352093630785e-06
/workspace/ripl/t2/region_far,best_eval_success_once.pt,rgb,1,0,2255,0,0.03870841860771179,-0.22746603190898895,0.019999999552965164,1.5610164701949516,0.0320761501789093,0.062397923320531845,0.019999999552965164,1.865124881247901,0.28993982052455874,0.3041084110529493,0.3041084110529493,1,1,200,102.0,1,1,99,0,1,43,1,1,97,1,1,1,0.02766275778412819,0.05225275456905365,0.05999770760536194,1.7000553193515319e-06
/workspace/ripl/t2/region_far,best_eval_success_once.pt,rgb,1,0,2259,1,-0.020269744098186493,0.09197068214416504,0.019999999552965164,-2.2526672431272363,0.04945909231901169,-0.15964192152023315,0.019999999552965164,1.3234112415491202,0.26109579267172023,-2.7071068225032295,0.4344858310865636,0,0,200,0.0,0,0,-1,1,1,38,0,0,-1,0,1,1,0.060081351548433304,-0.10063348710536957,0.11851727217435837,3.257574131945949e-06
/workspace/ripl/t2/region_far,best_eval_success_once.pt,rgb,1,0,2263,2,0.03970487415790558,-0.030063524842262268,0.019999999552965164,-0.4794266744451039,-0.01890871673822403,-0.2869222164154053,0.019999999552965164,-2.8336878469677558,0.26346145918218444,-2.3542611725226514,-0.7834648457277549,1,1,200,113.0,1,1,88,0,1,36,1,1,84,1,1,1,-0.017419172450900078,-0.2888723611831665,0.059999629855155945,3.2309780150495037e-07
/workspace/ripl/t2/region_far,best_eval_success_once.pt,rgb,1,0,2277,3,0.0767151415348053,0.17721030116081238,0.019999999552965164,-0.6170453127894016,0.03222972899675369,-0.19163013994693756,0.019999999552965164,0.5294009054738056,0.3715134222679447,1.1464462182632071,-0.4243501085316894,1,1,200,49.0,1,1,152,0,1,44,1,1,99,1,1,1,0.04584035277366638,-0.19827663898468018,0.0599992536008358,0.00674368121502348
/workspace/ripl/t2/region_far,best_eval_success_once.pt,rgb,1,0,2286,4,-0.1422593593597412,-0.11324035376310349,0.019999999552965164,1.8985817690772844,0.023102551698684692,0.1643945872783661,0.019999999552965164,-2.6251021147857827,0.32314968995187826,1.759501423316519,0.18870509652162237,1,1,200,29.0,1,1,146,0,1,76,1,1,140,1,1,1,0.037627171725034714,0.17953738570213318,0.05998861789703369,0.0013236838284113091
/workspace/ripl/t2/region_far,best_eval_success_once.pt,rgb,1,0,2301,5,0.06209557503461838,-0.1485690176486969,0.019999999552965164,-2.9592684207228235,-0.0687120109796524,0.09834534674882889,0.019999999552965164,-2.2397358786717216,0.27942320573766777,0.7195325420511018,0.7195325420511018,1,1,200,97.0,1,1,104,0,1,42,1,1,97,1,1,1,-0.07876763492822647,0.09389418363571167,0.06000150740146637,1.566394868614423e-06
/workspace/ripl/t2/region_far,best_eval_success_once.pt,rgb,1,0,2302,6,-0.09248115122318268,-0.23450961709022522,0.019999999552965164,1.3860217241433053,0.0006047487258911133,0.1065598577260971,0.019999999552965164,-0.811907562635322,0.3535440162424064,-2.1979292867786278,-0.6271329599837312,0,0,200,0.0,0,0,-1,1,1,66,0,0,-1,0,1,1,0.025162726640701294,0.060846563428640366,0.02059503085911274,0.01631772293775433
/workspace/ripl/t2/region_far,best_eval_success_once.pt,rgb,1,0,2303,7,-0.07411620765924454,0.13843682408332825,0.019999999552965164,0.10578925542323736,-0.09392359852790833,-0.1422303020954132,0.019999999552965164,0.06904898443973062,0.28136518699095947,-0.03674027098350674,-0.03674027098350674,0,0,200,0.0,0,0,-1,1,1,42,0,1,95,0,1,1,-0.12314920127391815,-0.15634992718696594,0.13163535296916962,0.017832229927346063
/workspace/ripl/t2/region_far,best_eval_success_once.pt,rgb,1,0,2326,8,-0.009150288999080658,-0.18004611134529114,0.019999999552965164,-2.394246620316311,0.0622129961848259,0.08924160897731781,0.019999999552965164,-1.5898549877923012,0.2785831918633772,0.8043916325240099,-0.7664046942708866,1,1,200,110.0,1,1,91,0,1,37,1,1,86,1,1,1,0.05444623529911041,0.09471848607063293,0.05999939888715744,1.6371114478239895e-06
/workspace/ripl/t2/region_far,best_eval_success_once.pt,rgb,1,0,2328,9,0.04353263974189758,0.10621172189712524,0.019999999552965164,-2.344723281660464,-0.09245606511831284,-0.20392517745494843,0.019999999552965164,1.9727393315508959,0.3386411436746511,-1.9657226939682264,-0.39492636717332985,0,0,200,0.0,0,0,-1,0,1,38,0,0,-1,1,1,1,-0.02901771478354931,-0.16586636006832123,0.020000020042061806,0.022981494372033204
/workspace/ripl/t2/region_far,best_eval_success_once.pt,rgb,1,0,2334,0,0.037297748029232025,-0.06838037073612213,0.019999999552965164,-0.3241761194852528,-0.0729627013206482,0.19572532176971436,0.019999999552965164,-0.8803413733684122,0.28619780485675456,-0.5561652538831594,-0.5561652538831594,1,1,200,107.0,1,1,94,0,1,37,1,1,89,1,1,1,-0.0769885703921318,0.19129128754138947,0.060001444071531296,6.306642518582787e-07
/workspace/ripl/t2/region_far,best_eval_success_once.pt,rgb,1,0,2341,1,0.10138963162899017,0.0016709566116333008,0.019999999552965164,-1.3708241908607404,-0.0007539130747318268,0.2868785858154297,0.019999999552965164,0.1126475967644156,0.30294668752222964,1.483471787625156,-0.08732453916974059,1,1,200,100.0,1,1,101,0,1,44,1,1,94,1,1,1,0.007812025025486946,0.2862938642501831,0.059998586773872375,5.087690540080538e-07
/workspace/ripl/t2/region_far,best_eval_success_once.pt,rgb,1,0,2346,2,-0.0690736472606659,-0.2500823140144348,0.019999999552965164,-1.639809974605864,0.03561002016067505,0.1036967858672142,0.019999999552965164,0.7109817526993591,0.36894216584425765,2.3507917273052232,0.7799954005103267,0,0,200,0.0,0,0,-1,0,1,52,0,0,-1,1,1,1,0.008542811498045921,0.06915244460105896,0.019999893382191658,0.04050354862292693
/workspace/ripl/t2/region_far,best_eval_success_once.pt,rgb,1,0,2357,3,-0.11807915568351746,0.13245418667793274,0.019999999552965164,-1.5312420973096996,0.005906280130147934,-0.16381171345710754,0.019999999552965164,2.170312442835524,0.3211633102904661,-2.581630767034363,0.5599618865554303,1,1,200,65.0,1,1,136,0,1,47,1,1,128,1,1,1,0.0022210353054106236,-0.165270134806633,0.05999304726719856,0.01287344239492758
/workspace/ripl/t2/region_far,best_eval_success_once.pt,rgb,1,0,2361,4,0.037382252514362335,-0.027298703789711,0.019999999552965164,-3.036822379186626,0.09857963025569916,0.2612082064151764,0.019999999552965164,-2.650213117296224,0.2949260183137236,0.3866092618904018,0.3866092618904018,1,1,200,107.0,1,1,94,0,1,38,1,1,85,1,1,1,0.09249986708164215,0.25480639934539795,0.059997450560331345,1.8952174124407304e-06
/workspace/ripl/t2/region_far,best_eval_success_once.pt,rgb,1,0,2362,5,-0.007151946425437927,0.26079556345939636,0.019999999552965164,2.7428898520556566,-0.12772154808044434,-0.1087975725531578,0.019999999552965164,-0.13555842946770724,0.3887622860191576,-2.8784482815233634,0.2631443720664297,0,0,200,0.0,0,0,-1,1,1,44,0,1,105,0,1,1,-0.03968656808137894,-0.03685321286320686,0.07257519662380219,2.002806977212405e-06
/workspace/ripl/t2/region_far,best_eval_success_once.pt,rgb,1,0,2366,6,0.10725544393062592,-0.06796377152204514,0.019999999552965164,-0.5170200278983943,-0.026805393397808075,0.2508881390094757,0.019999999552965164,-0.33255943085687756,0.34588849208206074,0.18446059704151674,0.18446059704151674,1,1,200,85.0,1,1,116,0,1,51,1,1,111,1,1,1,-0.022237185388803482,0.24041301012039185,0.05999969691038132,6.150757829455691e-05
/workspace/ripl/t2/region_far,best_eval_success_once.pt,rgb,1,0,2367,7,0.09451989829540253,0.08449579775333405,0.019999999552965164,2.8729217295409706,-0.008350729942321777,-0.16923701763153076,0.019999999552965164,-0.44395620794146184,0.27379318427812255,2.9663073696971534,-0.17528528389263975,1,1,200,98.0,1,1,103,0,1,46,1,1,99,1,1,1,-0.016581088304519653,-0.16805346310138702,0.060002218931913376,1.242626197491473e-06
/workspace/ripl/t2/region_far,best_eval_success_once.pt,rgb,1,0,2369,8,-0.12517741322517395,0.173991858959198,0.019999999552965164,-1.7490790961391607,-0.023070670664310455,-0.15068161487579346,0.019999999552965164,1.6755878288442008,0.3403507771233545,-2.858518382196225,0.2830742713935681,0,0,200,0.0,0,0,-1,1,1,54,0,1,110,0,1,1,-0.06741411238908768,-0.15144848823547363,0.10574716329574585,0.015235464313568103
/workspace/ripl/t2/region_far,best_eval_success_once.pt,rgb,1,0,2374,9,0.07388773560523987,-0.05696951597929001,0.019999999552965164,0.10872651091676167,0.12100543081760406,0.2680085599422455,0.019999999552965164,0.7544583539936007,0.3283760451552283,0.6457318430768391,0.6457318430768391,0,0,200,0.0,0,0,-1,0,1,45,0,1,98,1,1,1,0.06857569515705109,0.21065829694271088,0.019999966025352478,0.045388287734384115
/workspace/ripl/t2/region_far,best_eval_success_once.pt,rgb,1,0,2384,0,-0.01287195086479187,-0.07207601517438889,0.019999999552965164,-0.5533440886331848,-0.04673536866903305,0.22915151715278625,0.019999999552965164,0.32930026813623714,0.3031249862635938,0.882644356769422,-0.6881519700254746,1,0,200,8.0,0,1,99,1,1,39,0,1,91,0,1,1,-0.010580933652818203,0.16403189301490784,0.021474560722708702,0.02826087461145688
/workspace/ripl/t2/region_far,best_eval_success_once.pt,rgb,1,0,2385,1,-0.04740482568740845,0.09882223606109619,0.019999999552965164,-1.9269102110740421,-0.014372654259204865,-0.20508818328380585,0.019999999552965164,2.3252209826881782,0.3057002900483682,-2.0310541134173654,-0.46025778662246886,1,1,200,98.0,1,1,103,0,1,45,1,1,95,1,1,1,-0.0169993843883276,-0.22523286938667297,0.059993378818035126,3.59467157595896e-06
/workspace/ripl/t2/region_far,best_eval_success_once.pt,rgb,1,0,2386,2,0.13065898418426514,0.2611328363418579,0.019999999552965164,2.619519513593521,0.06654885411262512,-0.07843735069036484,0.019999999552965164,-0.8827841953945033,0.3455691257894741,2.780881598191562,-0.3607110553982311,0,0,200,0.0,0,0,-1,1,1,109,0,0,-1,0,1,1,0.06338426470756531,-0.0365002378821373,0.13402169942855835,0.01075375831774092
/workspace/ripl/t2/region_far,best_eval_success_once.pt,rgb,1,0,2392,3,-0.0878438949584961,-0.15849223732948303,0.019999999552965164,1.3150240796990644,-0.026283517479896545,0.101023368537426,0.019999999552965164,2.2747984620496626,0.2667171343648108,0.9597743823505982,-0.6110219444442984,0,0,200,0.0,0,0,-1,0,1,53,0,1,105,0,1,1,0.0471784733235836,0.0697263777256012,0.01999998651444912,0.0460195780277067
/workspace/ripl/t2/region_far,best_eval_success_once.pt,rgb,1,0,2396,4,0.04623942822217941,-0.09847811609506607,0.019999999552965164,-0.6885869864818637,-0.09031657129526138,0.13055673241615295,0.019999999552965164,-1.3312304849189003,0.266654275864394,-0.6426434984370366,-0.6426434984370366,1,1,200,106.0,1,1,95,0,1,39,1,1,94,1,1,1,-0.09781144559383392,0.13026371598243713,0.06000102311372757,5.796149474017836e-07
/workspace/ripl/t2/region_far,best_eval_success_once.pt,rgb,1,0,2397,5,0.06024578958749771,0.05182602256536484,0.019999999552965164,-0.6418465022567768,0.12855829298496246,-0.27657896280288696,0.019999999552965164,-2.432689143465274,0.3354346919076056,-1.7908426412084975,-0.2200463144136009,1,1,200,90.0,1,1,111,0,1,46,1,1,100,1,1,1,0.1279529631137848,-0.28167828917503357,0.06000102683901787,4.070386310161402e-05
/workspace/ripl/t2/region_far,best_eval_success_once.pt,rgb,1,0,2409,6,0.17097367346286774,-0.09483922272920609,0.019999999552965164,0.38250912122165204,0.15797623991966248,0.2182992696762085,0.019999999552965164,-1.109688975055695,0.31340811844086924,-1.4921980962773471,0.07859823051754944,1,1,200,73.0,1,1,128,0,1,61,1,1,115,1,1,1,0.15826067328453064,0.21781273186206818,0.059998251497745514,0.0024170399605999296
/workspace/ripl/t2/region_far,best_eval_success_once.pt,rgb,1,0,2425,7,0.10100992023944855,-0.18615669012069702,0.019999999552965164,-1.4662378370439422,0.02262851595878601,0.06987331062555313,0.019999999552965164,2.942938108050415,0.26775923106241084,-1.8740093620852285,-0.30321303529033194,0,0,200,0.0,0,0,-1,0,1,52,0,1,106,1,1,1,0.04387953132390976,0.0003643278032541275,0.019999904558062553,0.032272224591646546
/workspace/ripl/t2/region_far,best_eval_success_once.pt,rgb,1,0,2429,8,0.1207251101732254,-0.0968344509601593,0.019999999552965164,-1.677506247953776,-0.06942225247621536,0.1435539573431015,0.019999999552965164,1.0351475530399181,0.3065005813519987,2.712653800993694,-0.4289388525960991,0,0,200,0.0,0,0,-1,0,1,49,0,0,-1,1,1,1,-0.10174162685871124,0.0873866006731987,0.019999895244836807,0.04314984059955834
/workspace/ripl/t2/region_far,best_eval_success_once.pt,rgb,1,0,2437,9,0.13815581798553467,-0.158931165933609,0.019999999552965164,1.1117024657260002,0.006360672414302826,0.08621782809495926,0.019999999552965164,0.174302304762616,0.2783307199526513,-0.9374001609633842,0.6333961658315124,1,1,200,73.0,1,1,118,0,1,51,1,1,113,1,1,1,0.01443065982311964,0.09735798835754395,0.06000559777021408,0.00074855818071003
/workspace/ripl/t2/region_far,best_eval_success_once.pt,rgb,1,0,2438,0,0.023542262613773346,-0.15923422574996948,0.019999999552965164,1.9447638182180647,-0.06323612481355667,0.13169938325881958,0.019999999552965164,1.8394243145070608,0.3035998243994333,-0.10533950371100387,-0.10533950371100387,1,0,200,14.0,0,1,101,0,1,41,0,1,100,1,1,1,-0.013953561894595623,0.17094328999519348,0.01999993994832039,0.0019978056796945928
/workspace/ripl/t2/region_far,best_eval_success_once.pt,rgb,1,0,2441,1,-0.13628244400024414,-0.04738052934408188,0.019999999552965164,1.5487287889173709,-0.026152461767196655,0.28934839367866516,0.019999999552965164,-1.650009872027426,0.35428093455153703,3.084446646234789,-0.05714600735500408,0,0,200,0.0,0,0,-1,1,1,49,0,0,-1,0,1,1,-0.029246913269162178,0.19291339814662933,0.023410603404045105,3.190667645995273e-06
/workspace/ripl/t2/region_far,best_eval_success_once.pt,rgb,1,0,2447,2,-0.16849862039089203,-0.25107452273368835,0.019999999552965164,2.0080455852121877,-0.16269564628601074,0.10497352480888367,0.019999999552965164,-0.5578277276765413,0.3560953336781311,-2.565873312888729,0.5757193407010641,0,0,200,0.0,0,0,-1,0,0,-1,0,0,-1,1,1,1,-0.16849824786186218,-0.25107619166374207,0.019999941810965538,3.7342202920143806e-07
/workspace/ripl/t2/region_far,best_eval_success_once.pt,rgb,1,0,2457,3,0.050555117428302765,-0.10285597294569016,0.019999999552965164,0.1334889121320706,-0.0042992159724235535,0.16927410662174225,0.019999999552965164,0.7309467378725762,0.27760363487932777,0.5974578257405057,0.5974578257405057,1,1,200,72.0,1,1,102,0,1,47,1,1,101,1,1,1,0.009451830759644508,0.18014779686927795,0.05999090149998665,0.0012243471048950358
/workspace/ripl/t2/region_far,best_eval_success_once.pt,rgb,1,0,2459,4,0.0023029595613479614,-0.08526720851659775,0.019999999552965164,2.895558116310808,0.09954606741666794,0.1659148633480072,0.019999999552965164,0.911013820560532,0.26934857573701215,-1.9845442957502755,-0.4137479689553789,1,1,200,99.0,1,1,102,0,1,47,1,1,96,1,1,1,0.09833119809627533,0.1486424207687378,0.059996530413627625,0.0003358780604229084
/workspace/ripl/t2/region_far,best_eval_success_once.pt,rgb,1,0,2462,5,0.1629452109336853,0.19039741158485413,0.019999999552965164,0.574215136127818,0.10117776691913605,-0.08831896632909775,0.019999999552965164,-0.3405111397250278,0.2854786094571068,-0.9147262758528463,0.6560700509420503,0,0,200,0.0,0,0,-1,0,0,-1,0,0,-1,1,1,1,0.1629444807767868,0.1903979480266571,0.019999895244836807,8.059035112255788e-07
/workspace/ripl/t2/region_far,best_eval_success_once.pt,rgb,1,0,2466,6,0.041838888078927994,0.20530551671981812,0.019999999552965164,0.8517867311761695,0.012249283492565155,-0.1069224551320076,0.019999999552965164,0.21020968048507616,0.31362692981675183,-0.6415770506910934,-0.6415770506910934,1,1,200,98.0,1,1,103,0,1,43,1,1,96,1,1,1,0.00782918743789196,-0.0971430316567421,0.059998273849487305,4.087806605680921e-05
/workspace/ripl/t2/region_far,best_eval_success_once.pt,rgb,1,0,2467,7,-0.028648290783166885,-0.1372382640838623,0.019999999552965164,0.2936232714607816,0.012910425662994385,0.15610134601593018,0.019999999552965164,2.7211680226012134,0.29626888761081666,2.427544751140432,-0.7140479024493613,1,1,200,90.0,1,1,101,0,1,45,1,1,98,1,1,1,0.008759358897805214,0.1654534786939621,0.05999758467078209,0.0017769539751009002
/workspace/ripl/t2/region_far,best_eval_success_once.pt,rgb,1,0,2468,8,0.04740680009126663,-0.12734228372573853,0.019999999552965164,2.6537291760264035,0.013426654040813446,0.20466729998588562,0.019999999552965164,-0.5123098539395929,0.33374393477930964,3.11714627721359,-0.024446376376203283,1,1,200,81.0,1,1,120,0,1,58,1,1,115,1,1,1,0.021924352273344994,0.20182663202285767,0.059997715055942535,0.00010444126854815074
/workspace/ripl/t2/region_far,best_eval_success_once.pt,rgb,1,0,2473,9,0.18166041374206543,0.15846078097820282,0.019999999552965164,0.5073098561652492,0.0676959827542305,-0.0988115444779396,0.019999999552965164,-2.491832964060192,0.28138397427002176,-2.9991428202254413,0.1424498333643518,0,0,200,0.0,0,0,-1,0,0,-1,0,0,-1,1,1,1,0.18165920674800873,0.15846136212348938,0.019999897107481956,6.109930376282604e-07
/workspace/ripl/t2/region_far,best_eval_success_once.pt,rgb,1,0,2474,0,0.027066998183727264,-0.16336175799369812,0.019999999552965164,3.0408210744146866,-0.09141705930233002,0.1517486274242401,0.019999999552965164,1.9571652155127117,0.3366497094556906,-1.0836558589019747,0.48714046789292187,1,1,200,95.0,1,1,106,0,1,47,1,1,102,1,1,1,-0.09257399290800095,0.14089854061603546,0.05999484658241272,4.213552002288654e-06
/workspace/ripl/t2/region_far,best_eval_success_once.pt,rgb,1,0,2491,1,0.11230787634849548,-0.02334635704755783,0.019999999552965164,1.6028353665663806,0.04986708611249924,0.2615950107574463,0.019999999552965164,2.314729337478151,0.29170264889418185,0.7118939709117704,0.7118939709117704,0,0,200,0.0,0,0,-1,1,1,46,0,1,89,0,1,1,0.11462736129760742,0.31088608503341675,0.121573306620121,4.442959630463184e-06
/workspace/ripl/t2/region_far,best_eval_success_once.pt,rgb,1,0,2500,2,0.030627340078353882,0.12370666861534119,0.019999999552965164,0.48993122791467547,-0.016848325729370117,-0.17995771765708923,0.019999999552965164,2.595131174618646,0.30735321428951823,2.1051999467039706,0.534403619909074,0,0,200,0.0,0,0,-1,0,1,41,0,0,-1,1,1,1,0.019638145342469215,-0.10767984390258789,0.020000020042061806,0.030301634996386995
/workspace/ripl/t2/region_far,best_eval_success_once.pt,rgb,1,0,2502,3,0.02315448969602585,-0.15655484795570374,0.019999999552965164,-2.0412581046816793,-0.013069186359643936,0.1681986153125763,0.019999999552965164,-2.7515922046319368,0.3267674503553379,-0.7103340999502574,-0.7103340999502574,1,1,200,106.0,1,1,95,0,1,45,1,1,92,1,1,1,-0.01600331813097,0.16626812517642975,0.06000116840004921,9.036497730866813e-07
/workspace/ripl/t2/region_far,best_eval_success_once.pt,rgb,1,0,2512,4,-0.013774916529655457,0.22362574934959412,0.019999999552965164,2.506936506307569,-0.05000360310077667,-0.0804511085152626,0.019999999552965164,-2.915787285739297,0.30622745340617785,0.8604615151327195,-0.710334811662177,0,0,200,0.0,0,0,-1,0,1,50,0,1,107,0,1,1,-0.09651825577020645,-0.11999683082103729,0.020000111311674118,0.016216021722105893
/workspace/ripl/t2/region_far,best_eval_success_once.pt,rgb,1,0,2515,5,0.1426268219947815,-0.16841638088226318,0.019999999552965164,-2.168545578708171,0.035076215863227844,0.09978049248456955,0.019999999552965164,0.6232827120925566,0.2889579480876231,2.7918282908007277,-0.3497643627890654,1,0,200,6.0,0,1,123,0,1,57,0,1,117,1,1,1,0.02972366102039814,0.01260930672287941,0.019999898970127106,0.0022606149454800087
/workspace/ripl/t2/region_far,best_eval_success_once.pt,rgb,1,0,2516,6,0.0018300935626029968,-0.12322105467319489,0.019999999552965164,3.031008248033237,0.0836838111281395,0.12393902987241745,0.019999999552965164,0.13605877674898936,0.2603615533674142,-2.8949494712842476,0.2466431823055455,1,1,200,110.0,1,1,91,0,1,39,1,1,85,1,1,1,0.08727212250232697,0.12081575393676758,0.06000300124287605,1.4045283127460298e-06
/workspace/ripl/t2/region_far,best_eval_success_once.pt,rgb,1,0,2517,7,0.036666106432676315,-0.040684774518013,0.019999999552965164,-1.300803046685715,-0.12966351211071014,-0.2711240351200104,0.019999999552965164,2.277742367825746,0.2841967537316071,-2.7046398926681254,0.4369527609216677,0,0,200,0.0,0,0,-1,1,1,39,0,0,-1,0,1,1,-0.09247533977031708,-0.24116891622543335,0.09140710532665253,2.129198135156605e-06
/workspace/ripl/t2/region_far,best_eval_success_once.pt,rgb,1,0,2527,8,0.03334570676088333,0.03860097378492355,0.019999999552965164,-2.07976898924203,-0.13930901885032654,0.23399990797042847,0.019999999552965164,0.3850572735429387,0.260749684097054,2.464826262784969,-0.6767663908048243,0,0,200,0.0,0,0,-1,0,1,38,0,1,93,1,1,1,-0.08230174332857132,0.11933030188083649,0.019999930635094643,0.013911550317379427
/workspace/ripl/t2/region_far,best_eval_success_once.pt,rgb,1,0,2530,9,-0.06849416345357895,-0.12161068618297577,0.019999999552965164,2.9178154415150805,-0.13964708149433136,0.17644506692886353,0.019999999552965164,1.3051645236548917,0.3064310194950566,-1.612650917860189,-0.041854591065292546,0,0,200,0.0,0,0,-1,0,1,46,1,1,102,0,1,1,-0.1597525030374527,0.16541583836078644,0.059985846281051636,1.6741227468117836e-05
/workspace/ripl/t2/region_far,best_eval_success_once.pt,rgb,1,0,2532,0,0.01205039769411087,-0.07962147146463394,0.019999999552965164,-2.5932353047524934,0.07183265686035156,0.2550365924835205,0.019999999552965164,2.6635842067578825,0.3399557887086887,-1.0263657956692107,0.5444305311256858,1,1,200,105.0,1,1,96,0,1,38,1,1,90,1,1,1,0.0587431937456131,0.24861273169517517,0.059994328767061234,0.00042200435167280505
/workspace/ripl/t2/region_far,best_eval_success_once.pt,rgb,1,0,2535,1,-0.003578402101993561,-0.01730046421289444,0.019999999552965164,-1.2455567144672042,-0.16608993709087372,0.2352772057056427,0.019999999552965164,-0.7172769191681967,0.3003422686634692,0.5282797952990075,0.5282797952990075,1,1,200,71.0,1,1,130,0,1,68,1,1,127,1,1,1,-0.1544952392578125,0.24289840459823608,0.05999409034848213,6.40876405454264e-06
/workspace/ripl/t2/region_far,best_eval_success_once.pt,rgb,1,0,2556,2,0.10753913223743439,0.21608752012252808,0.019999999552965164,1.7963930242229151,-0.02724137157201767,-0.09181723743677139,0.019999999552965164,-0.45011882501222145,0.3361117729785446,-2.2465118492351364,-0.6757155224402398,0,0,200,0.0,0,0,-1,0,1,49,0,1,115,1,1,1,-0.0066480920650064945,0.0016155126504600048,0.01999993436038494,0.0005038577256115182
/workspace/ripl/t2/region_far,best_eval_success_once.pt,rgb,1,0,2562,3,0.04575492441654205,-0.16031986474990845,0.019999999552965164,3.0184161610046187,-0.050409235060214996,0.10878672450780869,0.019999999552965164,-0.8117788755044493,0.2857724653457587,2.4529902706705187,-0.6886023829192744,1,1,200,101.0,1,1,100,0,1,41,1,1,98,1,1,1,-0.05899618938565254,0.10957731306552887,0.06000587344169617,1.1857898045976618e-06
/workspace/ripl/t2/region_far,best_eval_success_once.pt,rgb,1,0,2571,4,0.049913182854652405,-0.2305973768234253,0.019999999552965164,0.017444537679302652,-0.08695737272500992,0.022137679159641266,0.019999999552965164,0.04273612055307163,0.2874170445666875,0.02529158287376898,0.02529158287376898,1,1,200,58.0,1,1,143,0,1,75,1,1,140,1,1,1,-0.09725864231586456,0.005058546084910631,0.059997133910655975,9.301951888195372e-05
/workspace/ripl/t2/region_far,best_eval_success_once.pt,rgb,1,0,2575,5,-0.08238282054662704,0.0760030448436737,0.019999999552965164,2.501724996584137,-0.05323445796966553,-0.21155719459056854,0.019999999552965164,1.5904447058035702,0.28903376678927456,-0.9112802907805664,0.6595160360143302,0,0,200,0.0,0,0,-1,0,1,43,0,1,102,1,1,1,-0.06584984809160233,-0.2718682885169983,0.01999988965690136,0.016620047649959828
/workspace/ripl/t2/region_far,best_eval_success_once.pt,rgb,1,0,2578,6,0.0635785385966301,0.2385750710964203,0.019999999552965164,2.7342355640146807,-0.10371911525726318,-0.012659639120101929,0.019999999552965164,-0.8696172424770987,0.3018399983477952,2.6793325006878064,-0.46226015290198674,1,1,200,81.0,1,1,120,0,1,50,1,1,115,1,1,1,-0.09158003330230713,-0.011973131448030472,0.059996265918016434,1.8622038828925597e-06
/workspace/ripl/t2/region_far,best_eval_success_once.pt,rgb,1,0,2593,7,0.09461946040391922,0.042186468839645386,0.019999999552965164,-1.270538706333526,-0.09805735945701599,-0.20249351859092712,0.019999999552965164,-2.1410563850009137,0.31143643518501235,-0.8705176786673876,0.700278648127509,1,1,200,53.0,1,1,148,0,1,45,1,1,101,1,1,1,-0.0795082300901413,-0.20154595375061035,0.060002345591783524,3.3225206527893516e-05
/workspace/ripl/t2/region_far,best_eval_success_once.pt,rgb,1,0,2596,8,0.107658252120018,-0.26045310497283936,0.019999999552965164,-0.8312343230755728,0.1280674934387207,0.1062946543097496,0.019999999552965164,2.383364345748797,0.36731519988969263,-3.0685866383552165,0.07300601523457662,0,0,200,0.0,0,0,-1,0,1,57,0,0,-1,1,1,1,0.08641869574785233,-0.32384252548217773,0.019999980926513672,3.8078225669803136e-07
/workspace/ripl/t2/region_far,best_eval_success_once.pt,rgb,1,0,2600,9,0.1570904552936554,0.12121352553367615,0.019999999552965164,-2.378758069567885,0.13329899311065674,-0.2648206353187561,0.019999999552965164,-2.4797382379835122,0.38676660535502105,-0.10098016841562707,-0.10098016841562707,0,0,200,0.0,0,0,-1,1,1,57,0,0,-1,0,1,1,0.004144645296037197,-0.20796141028404236,0.09654608368873596,1.5736077764563662e-06
/workspace/ripl/t2/region_far,best_eval_success_once.pt,rgb,1,0,2604,0,0.0439419150352478,0.1672593504190445,0.019999999552965164,0.5464526009516164,0.0036047399044036865,-0.20063276588916779,0.019999999552965164,-1.4804723972406046,0.3700968750736374,-2.0269249981922215,-0.45612867139732494,1,1,200,99.0,1,1,102,0,1,41,1,1,101,1,1,1,-0.008836567401885986,-0.2068147510290146,0.06000295281410217,7.01931876268184e-07
/workspace/ripl/t2/region_far,best_eval_success_once.pt,rgb,1,0,2624,1,0.018074236810207367,-0.11852621287107468,0.019999999552965164,-0.6290510483913176,0.05403035134077072,0.16671663522720337,0.019999999552965164,2.1360599340195416,0.2875001296753661,2.7651109824108593,-0.37648167117893383,1,1,200,102.0,1,1,99,0,1,42,1,1,93,1,1,1,0.05570602789521217,0.1620330810546875,0.05998973175883293,0.000599156704008198
/workspace/ripl/t2/region_far,best_eval_success_once.pt,rgb,1,0,2635,2,0.011607088148593903,-0.15242338180541992,0.019999999552965164,2.018501906058175,0.1669468730688095,0.1180856004357338,0.019999999552965164,-2.334604401155964,0.3119383885516556,1.9300789999654473,0.35928267317055074,1,1,200,86.0,1,1,115,0,1,48,1,1,105,1,1,1,0.1625489890575409,0.10519939661026001,0.05999809131026268,2.600679560647118e-06
/workspace/ripl/t2/region_far,best_eval_success_once.pt,rgb,1,0,2638,3,0.13100525736808777,0.11224446445703506,0.019999999552965164,-0.7171547788534416,0.11293330788612366,-0.20503193140029907,0.019999999552965164,1.1860438973888936,0.3177906649451781,1.9031986762423352,0.3324023494474386,1,0,200,3.0,0,1,113,0,1,50,0,1,108,1,1,1,0.08699161559343338,-0.15670590102672577,0.01999989151954651,0.029159158409482137
/workspace/ripl/t2/region_far,best_eval_success_once.pt,rgb,1,0,2650,4,-0.07441087067127228,0.285418301820755,0.019999999552965164,0.1309703521042911,0.07192077487707138,-0.02727944403886795,0.019999999552965164,-0.4483440695312084,0.3452431472956059,-0.5793144216354995,-0.5793144216354995,0,0,200,0.0,0,0,-1,0,0,-1,0,0,-1,1,1,1,-0.07441139966249466,0.2854178845882416,0.01999993808567524,0.03674598805321922
/workspace/ripl/t2/region_far,best_eval_success_once.pt,rgb,1,0,2653,5,0.07108527421951294,-0.0892217680811882,0.019999999552965164,0.3518785802366162,0.016986478120088577,0.16832584142684937,0.019999999552965164,0.5627137365808745,0.2631681038855425,0.2108351563442583,0.2108351563442583,1,1,200,102.0,1,1,99,0,1,43,1,1,97,1,1,1,0.027096685022115707,0.1751900464296341,0.05999427288770676,7.600845054026553e-06
/workspace/ripl/t2/region_far,best_eval_success_once.pt,rgb,1,0,2655,6,-0.07711725682020187,0.05893414467573166,0.019999999552965164,-0.4899285441721748,-0.02604547142982483,-0.2547920346260071,0.019999999552965164,-0.4759591271546011,0.317856009605336,0.013969417017573704,0.013969417017573704,1,1,200,93.0,1,1,108,0,1,44,1,1,103,1,1,1,-0.01891346648335457,-0.25494301319122314,0.060001976788043976,4.842877388000488e-07
/workspace/ripl/t2/region_far,best_eval_success_once.pt,rgb,1,0,2656,7,-0.047087661921978,-0.2130410373210907,0.019999999552965164,-2.9651399136205105,-0.03264947235584259,0.06813587248325348,0.019999999552965164,3.0649097064879847,0.2815473600037265,-0.253135687071091,-0.253135687071091,1,1,200,102.0,1,1,99,0,1,46,1,1,92,1,1,1,-0.02133069559931755,0.06928709894418716,0.059997327625751495,0.0008427338772389501
/workspace/ripl/t2/region_far,best_eval_success_once.pt,rgb,1,0,2657,8,-0.02066545933485031,0.1903056800365448,0.019999999552965164,-1.79889273797302,-0.16206295788288116,-0.0971878245472908,0.019999999552965164,1.9226195491925693,0.320383782007667,-2.5616730200139965,0.5799196335757966,0,0,200,0.0,0,0,-1,1,1,50,0,1,111,0,1,1,-0.10928109288215637,-0.11441921442747116,0.06839648634195328,0.024656998804354718
/workspace/ripl/t2/region_far,best_eval_success_once.pt,rgb,1,0,2665,9,0.05260438472032547,-0.09330633282661438,0.019999999552965164,0.5506774441513604,-0.08102300018072128,0.16293853521347046,0.019999999552965164,1.8924436554049322,0.28899430858128156,1.3417662112535718,-0.2290301155413248,1,1,200,104.0,1,1,97,0,1,39,1,1,94,1,1,1,-0.07614773511886597,0.16131213307380676,0.06000189110636711,7.801437445109143e-07
/workspace/ripl/t2/region_far,best_eval_success_once.pt,rgb,1,0,2666,0,-0.06592730432748795,-0.06547947973012924,0.019999999552965164,-1.0376651551050777,-0.03113950788974762,0.20865681767463684,0.019999999552965164,1.001267409155175,0.2763347613598188,2.0389325642602527,0.46813623746535615,1,1,200,89.0,1,1,112,0,1,51,1,1,109,1,1,1,-0.04287999868392944,0.2051859349012375,0.05999255180358887,4.423237519232614e-06
/workspace/ripl/t2/region_far,best_eval_success_once.pt,rgb,1,0,2675,1,0.007864456623792648,-0.26285961270332336,0.019999999552965164,-2.5283275208639377,0.08437906205654144,-0.0015525221824645996,0.019999999552965164,1.5169371353476437,0.27227904877350645,-2.2379206509680047,-0.6671243241731082,0,0,200,0.0,0,0,-1,0,1,157,0,0,-1,1,1,1,0.13150380551815033,-0.30819016695022583,0.020000001415610313,8.622237762078375e-07
/workspace/ripl/t2/region_far,best_eval_success_once.pt,rgb,1,0,2679,2,0.012332901358604431,-0.06925616413354874,0.019999999552965164,0.9182782204054729,0.041919074952602386,0.24833089113235474,0.019999999552965164,1.7957353095951605,0.31896219108289653,0.8774570891896873,-0.6933392376052092,1,1,200,105.0,1,1,95,0,1,36,1,1,91,1,1,1,0.033838480710983276,0.23737429082393646,0.059998415410518646,0.00012815003180442392
/workspace/ripl/t2/region_far,best_eval_success_once.pt,rgb,1,0,2697,3,-0.17236477136611938,-0.15388944745063782,0.019999999552965164,2.513925793367007,-0.09809032827615738,0.11324800550937653,0.019999999552965164,-0.9880344904625993,0.27727082729758623,2.78122502334998,-0.36036763023981333,0,0,200,0.0,0,0,-1,0,0,-1,0,0,-1,1,1,1,-0.11647949367761612,-0.14741668105125427,0.019999906420707703,6.488852611125411e-07
/workspace/ripl/t2/region_far,best_eval_success_once.pt,rgb,1,0,2705,4,0.12933595478534698,0.22363558411598206,0.019999999552965164,3.0270419172152794,0.17827725410461426,-0.09081939607858658,0.019999999552965164,-0.9653275860690336,0.3182407663204459,2.2908158038952733,0.7200194771003767,1,1,200,75.0,1,1,113,0,1,54,1,1,110,1,1,1,0.15664944052696228,-0.08914920687675476,0.05998586118221283,0.00013687953370050376
/workspace/ripl/t2/region_far,best_eval_success_once.pt,rgb,1,0,2712,5,0.12869982421398163,-0.18031874299049377,0.019999999552965164,-2.4215350692446833,-0.02255835384130478,0.11200124025344849,0.019999999552965164,-0.3565343111336432,0.32913524428772956,2.06500075811104,0.49420443131614356,1,1,200,78.0,1,1,123,0,1,55,1,1,115,1,1,1,-0.024704482406377792,0.11760985851287842,0.06000152602791786,4.6373505352721914e-07
/workspace/ripl/t2/region_far,best_eval_success_once.pt,rgb,1,0,2713,6,-0.10809026658535004,-0.2089160531759262,0.019999999552965164,0.26221485642901055,-0.021488912403583527,0.12014009058475494,0.019999999552965164,-0.16345864701179202,0.3402612823886459,-0.42567350344080257,-0.42567350344080257,0,0,200,0.0,0,0,-1,0,1,67,0,0,-1,1,1,1,-0.009006024338304996,0.08055401593446732,0.019999947398900986,0.017316601604186202
/workspace/ripl/t2/region_far,best_eval_success_once.pt,rgb,1,0,2715,7,-0.06698805093765259,-0.16115804016590118,0.019999999552965164,2.4938760463619594,-0.12314923107624054,0.13377638161182404,0.019999999552965164,1.8955761374316258,0.3002338943289382,-0.5982999089303336,-0.5982999089303336,1,0,200,2.0,0,1,120,0,1,50,0,1,112,1,1,1,-0.18220993876457214,0.10388694703578949,0.01999993436038494,0.03817232472695969
/workspace/ripl/t2/region_far,best_eval_success_once.pt,rgb,1,0,2727,8,0.04762079566717148,-0.09191473573446274,0.019999999552965164,-2.0890916480768205,-0.10753719508647919,0.24319404363632202,0.019999999552965164,1.717137908434078,0.36928565651279666,-2.4769557506686875,0.6646369029211057,1,1,200,101.0,1,1,100,0,1,40,1,1,98,1,1,1,-0.10698841512203217,0.2334522157907486,0.05999966710805893,6.433868624175424e-07
/workspace/ripl/t2/region_far,best_eval_success_once.pt,rgb,1,0,2738,9,0.11491110920906067,0.05041278898715973,0.019999999552965164,-2.4099968506677714,-0.00709880143404007,-0.21022498607635498,0.019999999552965164,-1.5278076444201725,0.28778198012592227,0.8821892062475989,-0.6886071205472977,0,0,200,0.0,0,0,-1,1,1,48,0,1,106,0,1,1,-0.008579774759709835,-0.2502654492855072,0.02079216204583645,0.01697584506056262
/workspace/ripl/t2/region_far,best_eval_success_once.pt,rgb,1,0,2742,0,0.012015767395496368,0.21692267060279846,0.019999999552965164,-2.3401673088400132,0.04525476321578026,-0.05719636380672455,0.019999999552965164,1.3288071094004137,0.27612691985525445,-2.6142108889391595,0.5273817646506336,1,1,200,111.0,1,1,90,0,1,39,1,1,87,1,1,1,0.04712965711951256,-0.05156463384628296,0.059998735785484314,1.561643292714257e-06
/workspace/ripl/t2/region_far,best_eval_success_once.pt,rgb,1,0,2767,1,-0.07484365999698639,0.08165549486875534,0.019999999552965164,0.6825623004036139,0.08796942979097366,-0.1909661740064621,0.019999999552965164,1.2722871646747498,0.31753846467256697,0.5897248642711359,0.5897248642711359,1,0,200,10.0,0,1,118,1,1,42,0,1,104,0,1,1,0.09965217858552933,-0.20457181334495544,0.04822942614555359,0.05874595022185893
/workspace/ripl/t2/region_far,best_eval_success_once.pt,rgb,1,0,2777,2,0.08093852549791336,0.1642932891845703,0.019999999552965164,0.5476367719587856,0.014372862875461578,-0.18422511219978333,0.019999999552965164,1.036721980965182,0.3548183528847846,0.4890852090063964,0.4890852090063964,1,0,200,54.0,0,1,102,1,1,43,1,1,98,0,1,1,0.013187584467232227,-0.17321115732192993,0.059939805418252945,0.0028612705490461197
/workspace/ripl/t2/region_far,best_eval_success_once.pt,rgb,1,0,2782,3,0.060854338109493256,-0.06983652710914612,0.019999999552965164,2.124173022010762,-0.012020796537399292,0.2287750542163849,0.019999999552965164,0.9890996855018113,0.30737544103512393,-1.1350733365089507,0.43572299028594585,1,1,200,91.0,1,1,110,0,1,52,1,1,104,1,1,1,-0.01468720380216837,0.21854087710380554,0.05999836325645447,1.2254803771816998e-06
/workspace/ripl/t2/region_far,best_eval_success_once.pt,rgb,1,0,2786,4,0.007394216954708099,-0.293539822101593,0.019999999552965164,0.5169002789465114,-0.1155502200126648,0.033764615654945374,0.019999999552965164,-1.9184868317350352,0.3496334216809772,-2.435387110681546,0.706205542908247,1,1,200,77.0,1,1,124,0,1,63,1,1,117,1,1,1,-0.11199385672807693,0.031406600028276443,0.05999768152832985,0.0006541751450883866
/workspace/ripl/t2/region_far,best_eval_success_once.pt,rgb,1,0,2793,5,0.03568734973669052,0.05445166677236557,0.019999999552965164,2.4159973143694264,-0.036729663610458374,-0.23351618647575378,0.019999999552965164,1.925415587020133,0.29693384503362286,-0.4905817273492934,-0.4905817273492934,1,1,200,102.0,1,1,99,0,1,45,1,1,98,1,1,1,-0.033650025725364685,-0.2281353920698166,0.05999879166483879,5.459933698312301e-07
/workspace/ripl/t2/region_far,best_eval_success_once.pt,rgb,1,0,2803,6,0.1526361107826233,0.08059777319431305,0.019999999552965164,-1.5295370492648912,0.08988850563764572,-0.19887903332710266,0.019999999552965164,1.4795317601026154,0.28643419372490925,3.0090688093675064,-0.1325238442222867,0,0,200,0.0,0,0,-1,0,1,56,0,1,111,1,1,1,0.09209039062261581,-0.210615873336792,0.019999919459223747,0.04385312059913439
/workspace/ripl/t2/region_far,best_eval_success_once.pt,rgb,1,0,2805,7,0.11305738985538483,-0.1778823435306549,0.019999999552965164,0.8180716246287911,0.05417800694704056,0.13421878218650818,0.019999999552965164,0.9444101363718578,0.31760650875822405,0.12633851174306665,0.12633851174306665,1,1,200,86.0,1,1,115,0,1,49,1,1,107,1,1,1,0.03943300619721413,0.1276523917913437,0.060001589357852936,0.00010948096094040683
/workspace/ripl/t2/region_far,best_eval_success_once.pt,rgb,1,0,2809,8,-0.016073375940322876,-0.2389785349369049,0.019999999552965164,2.8603424948418157,0.02096707373857498,0.037160784006118774,0.019999999552965164,-1.569823611253665,0.278612487837017,1.8530192010841056,0.282222874289209,1,1,200,103.0,1,1,98,0,1,46,1,1,97,1,1,1,0.030263852328062057,0.04319329932332039,0.059998784214258194,5.5239038675370704e-05
/workspace/ripl/t2/region_far,best_eval_success_once.pt,rgb,1,0,2815,9,0.022008180618286133,-0.1670498251914978,0.019999999552965164,1.1862359966903007,-0.07401148229837418,0.15153740346431732,0.019999999552965164,0.6865616793769114,0.3327425400053647,-0.4996743173133895,-0.4996743173133895,1,1,200,104.0,1,1,97,0,1,40,1,1,93,1,1,1,-0.0744694322347641,0.14731352031230927,0.060000840574502945,1.579653114913766e-05
/workspace/ripl/t2/region_far,best_eval_success_once.pt,rgb,1,0,2819,0,-0.18302235007286072,-0.131649911403656,0.019999999552965164,-0.2682202530515223,-0.03006289154291153,0.09139081835746765,0.019999999552965164,-2.886459178229906,0.2704510363931886,-2.6182389251783835,0.5233537284114096,0,0,200,0.0,0,0,-1,0,1,108,0,0,-1,0,1,1,-0.15174256265163422,-0.09114003926515579,0.01999308541417122,6.835171735589923e-07
/workspace/ripl/t2/region_far,best_eval_success_once.pt,rgb,1,0,2834,1,-0.019134964793920517,0.178553968667984,0.019999999552965164,-2.084072783419976,0.07495704293251038,-0.1030181273818016,0.019999999552965164,-1.9069809267956987,0.29687733357711976,0.17709185662427718,0.17709185662427718,1,0,200,15.0,0,1,95,1,1,38,0,1,89,0,1,1,0.0100923553109169,0.01465335488319397,0.07673913240432739,0.011937331014439652
/workspace/ripl/t2/region_far,best_eval_success_once.pt,rgb,1,0,2844,2,-0.05998573452234268,-0.0808200091123581,0.019999999552965164,1.538682267609837,-0.04648120701313019,0.21189364790916443,0.019999999552965164,3.0427393914888263,0.2930250113388968,1.5040571238789893,-0.06673920291590729,1,1,200,102.0,1,1,99,0,1,42,1,1,98,1,1,1,-0.056220393627882004,0.21544131636619568,0.05999793857336044,1.3636176689280824e-05
/workspace/ripl/t2/region_far,best_eval_success_once.pt,rgb,1,0,2847,3,-0.03187265619635582,-0.14665409922599792,0.019999999552965164,-1.1059362675539521,-0.1442544162273407,0.2039421796798706,0.019999999552965164,-0.8300512594987794,0.368167639493619,0.2758850080551727,0.2758850080551727,1,1,200,90.0,1,1,111,0,1,45,1,1,110,1,1,1,-0.15081186592578888,0.1974785327911377,0.0600050613284111,1.229232905724069e-06
/workspace/ripl/t2/region_far,best_eval_success_once.pt,rgb,1,0,2848,4,-0.06508077681064606,-0.14126038551330566,0.019999999552965164,-1.7162244513711364,0.0037267208099365234,0.15158826112747192,0.019999999552965164,-3.01923353248203,0.30082353891964886,-1.3030090811108934,0.26778724568400314,1,0,200,36.0,0,1,94,0,1,38,0,1,88,0,1,1,0.0483357273042202,0.1789911985397339,0.037254057824611664,0.0019723356482377595
/workspace/ripl/t2/region_far,best_eval_success_once.pt,rgb,1,0,2854,5,0.035035502165555954,0.14971289038658142,0.019999999552965164,-0.3834560708737893,-0.14273791015148163,-0.11130288988351822,0.019999999552965164,-2.444822876577021,0.3158047239622175,-2.0613668057032317,-0.49057047890833516,1,1,200,94.0,1,1,107,0,1,44,1,1,99,1,1,1,-0.15894198417663574,-0.10808361321687698,0.05999673530459404,5.903361643875355e-06
/workspace/ripl/t2/region_far,best_eval_success_once.pt,rgb,1,0,2863,6,0.03343508392572403,0.23684343695640564,0.019999999552965164,2.5042280934755032,0.13431841135025024,-0.016160152852535248,0.019999999552965164,2.5564195978735187,0.2723752231911981,0.052191504398015454,0.052191504398015454,0,0,200,0.0,0,0,-1,1,1,44,0,0,-1,0,1,1,0.07866166532039642,-0.02367040142416954,0.09850504249334335,0.0003808751479469825
/workspace/ripl/t2/region_far,best_eval_success_once.pt,rgb,1,0,2867,7,0.07916026562452316,-0.05198625475168228,0.019999999552965164,0.05925450698031742,-0.04278324171900749,0.2263912558555603,0.019999999552965164,-0.5000737408062301,0.3039148851160916,-0.5593282477865475,-0.5593282477865475,0,0,200,0.0,0,0,-1,0,1,48,0,1,100,0,1,1,-0.062450602650642395,0.17023561894893646,0.020000141113996506,0.028100966861914694
/workspace/ripl/t2/region_far,best_eval_success_once.pt,rgb,1,0,2871,8,0.07515359669923782,-0.12342029809951782,0.019999999552965164,-2.993383000251592,0.008949853479862213,0.19355984032154083,0.019999999552965164,-1.4474504119382292,0.3238199249115016,1.545932588313363,-0.02486373848153356,1,1,200,90.0,1,1,111,0,1,50,1,1,108,1,1,1,0.011507107876241207,0.19331349432468414,0.06000255048274994,1.3560261371136677e-06
/workspace/ripl/t2/region_far,best_eval_success_once.pt,rgb,1,0,2874,9,0.12084086239337921,-0.15881407260894775,0.019999999552965164,2.9302863868259394,0.11815139651298523,0.12223072350025177,0.019999999552965164,0.8986637222713281,0.28105766427333617,-2.031622664554611,-0.4608263377597144,0,0,200,0.0,0,0,-1,0,1,53,0,0,-1,1,1,1,0.12061678618192673,0.09904211759567261,0.01999993994832039,0.02555376602951158
/workspace/ripl/t2/region_far,best_eval_success_once.pt,rgb,1,0,2883,0,0.03170790523290634,0.20138686895370483,0.019999999552965164,0.6920246440963576,0.05050097405910492,-0.11083488911390305,0.019999999552965164,-1.1751091625877743,0.3127868373936699,-1.8671338066841319,-0.2963374798892353,1,1,200,79.0,1,1,110,0,1,49,1,1,106,1,1,1,0.037565845996141434,-0.10838465392589569,0.05999905243515968,0.0018746601515061117
/workspace/ripl/t2/region_far,best_eval_success_once.pt,rgb,1,0,2884,1,0.07691042125225067,0.21955490112304688,0.019999999552965164,2.61258911777319,-0.014487408101558685,-0.10040947049856186,0.019999999552965164,-1.154249915872695,0.33276232106084214,2.516346273533701,-0.6252463800560921,0,0,200,0.0,0,0,-1,0,1,47,0,0,-1,1,1,1,-0.08412107080221176,-0.09412477910518646,0.01999993994832039,0.006456954431640359
/workspace/ripl/t2/region_far,best_eval_success_once.pt,rgb,1,0,2891,2,-0.07166299223899841,0.14725491404533386,0.019999999552965164,-1.6914165856046255,0.01626201719045639,-0.1154819205403328,0.019999999552965164,2.389706097964454,0.2770585705789765,-2.202062623610507,-0.6312662968156104,0,0,200,0.0,0,0,-1,0,1,38,0,1,88,0,1,1,0.009674406610429287,-0.026958193629980087,0.02000042423605919,0.007729317095717973
/workspace/ripl/t2/region_far,best_eval_success_once.pt,rgb,1,0,2895,3,0.117426298558712,0.12903007864952087,0.019999999552965164,-1.0312331510070587,-0.003408282995223999,-0.17704758048057556,0.019999999552965164,2.3110286796897324,0.32906614763277353,-2.940923476482795,0.20066917710699794,1,1,200,89.0,1,1,112,0,1,52,1,1,106,1,1,1,0.0006670067668892443,-0.1704874187707901,0.059996604919433594,3.641074212282207e-06
/workspace/ripl/t2/region_far,best_eval_success_once.pt,rgb,1,0,2900,4,0.025360696017742157,0.1864767074584961,0.019999999552965164,-1.5519913388450082,0.0225394144654274,-0.1303403675556183,0.019999999552965164,-1.6171980177294198,0.3168296366347321,-0.06520667888441167,-0.06520667888441167,1,1,200,95.0,1,1,106,0,1,48,1,1,104,1,1,1,0.017495643347501755,-0.14442689716815948,0.05999600142240524,1.8952759917815301e-06
/workspace/ripl/t2/region_far,best_eval_success_once.pt,rgb,1,0,2901,5,-0.05009525269269943,-0.17352530360221863,0.019999999552965164,2.318831912333527,-0.019438251852989197,0.13984030485153198,0.019999999552965164,-2.1258480187111086,0.3148616462227105,1.8385053761349504,0.2677090493400538,0,0,200,0.0,0,0,-1,0,1,43,0,0,-1,1,1,1,-0.05941039323806763,-0.19382305443286896,0.019999977201223373,4.1950474036760913e-07
/workspace/ripl/t2/region_far,best_eval_success_once.pt,rgb,1,0,2902,6,0.03785809874534607,-0.16695347428321838,0.019999999552965164,2.5958145921264695,-0.009844325482845306,0.11658785492181778,0.019999999552965164,-1.0432970789447378,0.28752601037924386,2.644073636108379,-0.49751901748141414,1,1,200,102.0,1,1,99,0,1,44,1,1,98,1,1,1,-0.014787483960390091,0.10843472182750702,0.05999688431620598,3.2122449691199614e-06
/workspace/ripl/t2/region_far,best_eval_success_once.pt,rgb,1,0,2903,7,-0.15490518510341644,0.1022457554936409,0.019999999552965164,-2.21576960280526,-0.0003373473882675171,-0.11242777854204178,0.019999999552965164,-1.6046903091689808,0.264529663121749,0.611079293636279,0.611079293636279,1,1,200,79.0,1,1,122,0,1,60,1,1,115,1,1,1,-0.009256544522941113,-0.11278747767210007,0.05999879911541939,1.1451635398223994e-06
/workspace/ripl/t2/region_far,best_eval_success_once.pt,rgb,1,0,2908,8,0.06625673174858093,-0.23503248393535614,0.019999999552965164,2.6159780674419535,-0.00030449777841567993,0.10523383319377899,0.019999999552965164,-1.2998277911967584,0.34671539315232414,2.3673794485408743,-0.7742132050489188,1,1,200,73.0,1,1,119,0,1,56,1,1,112,1,1,1,-0.004687859211117029,0.09917644411325455,0.0599994882941246,0.007117089616184451
/workspace/ripl/t2/region_far,best_eval_success_once.pt,rgb,1,0,2920,9,-0.0002468526363372803,0.23671647906303406,0.019999999552965164,-2.4264463294374403,0.08449142426252365,-0.05970937758684158,0.019999999552965164,1.8306020872811097,0.30829995793447756,-2.0261368904610357,-0.4553405636661392,1,0,200,4.0,0,1,103,1,1,42,0,1,94,0,1,1,0.07756920903921127,-0.07732659578323364,0.021038224920630455,0.054143004595626036
/workspace/ripl/t2/region_far,best_eval_success_once.pt,rgb,1,0,2923,0,-0.08103691041469574,0.2052234709262848,0.019999999552965164,-2.647646731642274,-0.05935327708721161,-0.07320114225149155,0.019999999552965164,0.10613154632949806,0.2792676944751669,2.753778277971772,-0.38781437561802123,1,1,200,94.0,1,1,107,0,1,45,1,1,99,1,1,1,-0.07497371733188629,-0.06922142207622528,0.06000164523720741,5.926434596701699e-06
/workspace/ripl/t2/region_far,best_eval_success_once.pt,rgb,1,0,2925,1,-0.1259072721004486,-0.11622800678014755,0.019999999552965164,1.9583161502666526,0.05834456533193588,0.23434516787528992,0.019999999552965164,-1.6715258542705076,0.39604329357432844,2.6533433026424262,-0.4882493509473669,0,0,200,0.0,0,0,-1,1,1,49,0,0,-1,0,1,1,0.035918980836868286,0.17212633788585663,0.020968230441212654,2.3888959588750325e-06
/workspace/ripl/t2/region_far,best_eval_success_once.pt,rgb,1,0,2928,2,0.004263546317815781,-0.1635114848613739,0.019999999552965164,-2.804197577936762,-0.06719189882278442,0.1477964222431183,0.019999999552965164,-1.342194951821388,0.3194033400984098,1.4620026261153738,-0.10879370067952276,1,1,200,109.0,1,1,92,0,1,37,1,1,91,1,1,1,-0.06610795855522156,0.140251025557518,0.05999867618083954,9.616734266437622e-07
/workspace/ripl/t2/region_far,best_eval_success_once.pt,rgb,1,0,2930,3,-0.0942743569612503,-0.2132301926612854,0.019999999552965164,1.1194498269730517,-0.07859845459461212,0.059442467987537384,0.019999999552965164,0.9309773157942987,0.2731228913517072,-0.18847251117875308,-0.18847251117875308,1,1,200,27.0,1,1,114,0,1,50,1,1,106,1,1,1,-0.08528906852006912,0.042087920010089874,0.05999162793159485,0.0014927610566243237
/workspace/ripl/t2/region_far,best_eval_success_once.pt,rgb,1,0,2932,4,0.02560322731733322,0.25237420201301575,0.019999999552965164,-0.10536605955712197,0.04882187396287918,-0.0572555735707283,0.019999999552965164,0.37553058531000216,0.31049911993448615,0.48089664486712413,0.48089664486712413,0,0,200,0.0,0,0,-1,0,1,65,1,1,114,0,1,1,0.027857879176735878,-0.0765514075756073,0.05736543610692024,0.008595130047685175
/workspace/ripl/t2/region_far,best_eval_success_once.pt,rgb,1,0,2937,5,0.004680093377828598,0.2699262499809265,0.019999999552965164,1.1555597363916286,0.02611331269145012,-0.01912134885787964,0.019999999552965164,2.9267275499228886,0.2898411587139156,1.77116781353126,0.2003714867363635,1,1,200,86.0,1,1,115,0,1,60,1,1,113,1,1,1,0.018724098801612854,-0.032214269042015076,0.05999504029750824,5.862659747329133e-05
/workspace/ripl/t2/region_far,best_eval_success_once.pt,rgb,1,0,2940,6,0.05461544543504715,-0.19171634316444397,0.019999999552965164,-1.1882818639419295,0.03464172035455704,0.08931819349527359,0.019999999552965164,0.9957059122370531,0.2817434302501713,2.1839877761789825,0.613191449384086,1,1,200,105.0,1,1,96,0,1,47,1,1,93,1,1,1,0.017738036811351776,0.08581200242042542,0.05999009311199188,8.874779961706883e-06
/workspace/ripl/t2/region_far,best_eval_success_once.pt,rgb,1,0,2945,7,-0.040428243577480316,-0.15477034449577332,0.019999999552965164,0.10668731117418817,-0.10389751940965652,0.14478105306625366,0.019999999552965164,1.053261884314968,0.3062015492384459,0.9465745731407798,-0.6242217536541168,1,1,200,98.0,1,1,103,0,1,45,1,1,99,1,1,1,-0.11750137060880661,0.15354551374912262,0.0599922239780426,5.1137061962367815e-05
/workspace/ripl/t2/region_far,best_eval_success_once.pt,rgb,1,0,2956,8,-0.15901002287864685,-0.1699112057685852,0.019999999552965164,3.0942096715734326,-0.08800864964723587,0.12144346535205841,0.019999999552965164,-0.39652571038228146,0.29988120878868774,2.792449925223872,-0.349142728365921,0,0,200,0.0,0,0,-1,1,1,124,0,0,-1,0,1,1,-0.16489633917808533,-0.15796507894992828,0.08520306646823883,7.264220561108652e-07
/workspace/ripl/t2/region_far,best_eval_success_once.pt,rgb,1,0,2960,9,0.052163876593112946,-0.21686780452728271,0.019999999552965164,0.1879624612598345,0.10563918948173523,0.03945329040288925,0.019999999552965164,-0.124771419245715,0.2618398609737224,-0.3127338805055495,-0.3127338805055495,1,1,200,75.0,1,1,126,0,1,73,1,1,124,1,1,1,0.09275417029857635,0.03578215092420578,0.059999145567417145,3.483534873502649e-06
/workspace/ripl/t2/region_far,best_eval_success_once.pt,rgb,1,0,2967,0,-0.07823994010686874,-0.1298210620880127,0.019999999552965164,2.1900647295080775,-0.14764687418937683,0.1595361828804016,0.019999999552965164,-2.0850895494101884,0.297565014264857,2.0080310282613203,0.43723470146642374,1,1,200,92.0,1,1,109,0,1,48,1,1,105,1,1,1,-0.14736934006214142,0.15201355516910553,0.0600016787648201,6.398829982752767e-07
/workspace/ripl/t2/region_far,best_eval_success_once.pt,rgb,1,0,2972,1,0.08320915699005127,0.10536888241767883,0.019999999552965164,-0.08518440141119665,0.10994240641593933,-0.20240285992622375,0.019999999552965164,-0.5292208248622896,0.3089305941635893,-0.44403642345109295,-0.44403642345109295,1,1,200,95.0,1,1,106,0,1,45,1,1,100,1,1,1,0.10412846505641937,-0.21001356840133667,0.059997785836458206,3.582265184549063e-06
/workspace/ripl/t2/region_far,best_eval_success_once.pt,rgb,1,0,2984,2,0.1089361384510994,0.07637763023376465,0.019999999552965164,0.9117358666878035,-0.0034393519163131714,-0.1649049073457718,0.019999999552965164,-2.7431670654853324,0.2661682057950139,2.6282823750064503,-0.5133102785833428,1,1,200,90.0,1,1,111,0,1,50,1,1,107,1,1,1,-0.014570496045053005,-0.17488719522953033,0.05999540537595749,4.614111633416812e-06
/workspace/ripl/t2/region_far,best_eval_success_once.pt,rgb,1,0,2990,3,-0.07347653806209564,0.24806159734725952,0.019999999552965164,-1.8529204861060133,-0.0007850155234336853,-0.0019918903708457947,0.019999999552965164,2.0828599088730804,0.2604050770798785,-2.347404912200492,-0.7766085854055955,1,1,200,15.0,1,1,116,0,1,58,1,1,108,1,1,1,-0.01903272233903408,-0.004191304557025433,0.059997864067554474,1.7162953256230466e-06
/workspace/ripl/t2/region_far,best_eval_success_once.pt,rgb,1,0,2996,4,0.08337697386741638,-0.03426209092140198,0.019999999552965164,0.16107809437306608,0.02818383276462555,0.2769585847854614,0.019999999552965164,-0.42005281550636386,0.3160768764276014,-0.58113090987943,-0.58113090987943,0,0,200,0.0,0,0,-1,0,1,43,0,1,101,1,1,1,0.01618153788149357,0.20460575819015503,0.019999906420707703,0.0042243634890801835
/workspace/ripl/t2/region_far,best_eval_success_once.pt,rgb,1,0,3003,5,0.07186556607484818,-0.23136241734027863,0.019999999552965164,0.532020613236516,0.09729424118995667,0.05065976455807686,0.019999999552965164,-2.1181114529908456,0.28316625611258633,-2.6501320662273615,0.4914605873624316,1,1,200,103.0,1,1,98,0,1,44,1,1,93,1,1,1,0.08391661942005157,0.046356089413166046,0.05999252200126648,2.2583775361856243e-05
/workspace/ripl/t2/region_far,best_eval_success_once.pt,rgb,1,0,3008,6,-0.046670544892549515,0.20949283242225647,0.019999999552965164,0.32717870537949434,0.07094010710716248,-0.12240142375230789,0.019999999552965164,-1.1617964130557024,0.35211654710545015,-1.4889751184351967,0.08182120835969986,1,0,200,55.0,0,1,121,1,1,51,1,1,107,0,1,1,0.057684049010276794,-0.11396807432174683,0.0598696731030941,0.00647388392991912
/workspace/ripl/t2/region_far,best_eval_success_once.pt,rgb,1,0,3014,7,-0.00880558043718338,-0.08703093975782394,0.019999999552965164,-1.602802807290887,0.1423242837190628,0.20217809081077576,0.019999999552965164,-3.0644138531917395,0.32631594996615576,-1.4616110459008524,0.10918528089404411,1,0,200,1.0,0,1,114,0,1,42,0,1,108,1,1,1,0.1205420047044754,0.13469268381595612,0.019999906420707703,0.018364915944426203
/workspace/ripl/t2/region_far,best_eval_success_once.pt,rgb,1,0,3022,8,0.13891668617725372,-0.20341956615447998,0.019999999552965164,-0.3873513281124703,0.13040591776371002,0.07868533581495285,0.019999999552965164,2.984223817191767,0.28223325263719773,-2.9116101618753483,0.22998249171444485,0,0,200,0.0,0,0,-1,0,1,55,0,0,-1,1,1,1,0.08152396231889725,0.0737321600317955,0.020000027492642403,0.005199111619345063
/workspace/ripl/t2/region_far,best_eval_success_once.pt,rgb,1,0,3025,9,0.04565885290503502,0.1393875777721405,0.019999999552965164,1.42913832495659,-0.023261573165655136,-0.20989760756492615,0.019999999552965164,2.7302129576781655,0.3560198952667034,1.3010746327215754,-0.26972169407332114,1,1,200,90.0,1,1,111,0,1,51,1,1,105,1,1,1,-0.013380687683820724,-0.20344862341880798,0.059997983276844025,3.586184039393726e-06
/workspace/ripl/t2/region_far,best_eval_success_once.pt,rgb,1,0,3037,0,0.0039617642760276794,0.0926947072148323,0.019999999552965164,1.9815192353054887,0.10875806212425232,-0.25356829166412354,0.019999999552965164,-1.1873681585298481,0.36177386367085945,3.1142979133442497,-0.02729474024554346,0,0,200,0.0,0,0,-1,1,1,37,0,1,93,0,1,1,0.08166199922561646,-0.28180813789367676,0.026805972680449486,0.0172114033080922
/workspace/ripl/t2/region_far,best_eval_success_once.pt,rgb,1,0,3039,1,0.020150192081928253,-0.05802629888057709,0.019999999552965164,0.11514181635334886,-0.11257746815681458,0.19814670085906982,0.019999999552965164,2.7102408529937407,0.28851557598864624,2.595099036640392,-0.5464936169494012,1,1,200,95.0,1,1,96,0,1,41,1,1,91,1,1,1,-0.11088484525680542,0.2096574902534485,0.05999557301402092,0.0004327354706652238
/workspace/ripl/t2/region_far,best_eval_success_once.pt,rgb,1,0,3043,2,0.013144828379154205,0.13355988264083862,0.019999999552965164,1.035050122698082,-0.0005665123462677002,-0.18198354542255402,0.019999999552965164,-0.5968512235015488,0.3158411877170013,-1.6319013461996308,-0.06110501940473423,1,1,200,111.0,1,1,90,0,1,38,1,1,86,1,1,1,-0.005878429394215345,-0.18472595512866974,0.05999821424484253,1.8144920377528278e-06
/workspace/ripl/t2/region_far,best_eval_success_once.pt,rgb,1,0,3046,3,-0.0854850560426712,-0.07931909710168839,0.019999999552965164,-2.7097901456595963,-0.1024673581123352,0.2577356994152069,0.019999999552965164,1.0537302959388413,0.33748234685481104,-2.5196648655811487,0.6219277880086445,0,0,200,0.0,0,0,-1,0,1,52,0,0,-1,1,1,1,-0.08865590393543243,-0.1025574654340744,0.01999996230006218,3.2791020102300326e-07
/workspace/ripl/t2/region_far,best_eval_success_once.pt,rgb,1,0,3062,4,-0.0774264931678772,-0.27592939138412476,0.019999999552965164,-2.30307158473115,-0.00196240097284317,-0.021231748163700104,0.019999999552965164,-2.697778708437383,0.26564208754047114,-0.3947071237062332,-0.3947071237062332,0,0,200,0.0,0,0,-1,0,1,81,0,0,-1,1,1,1,-0.08830631524324417,-0.28659194707870483,0.020000014454126358,8.572504641310785e-07
/workspace/ripl/t2/region_far,best_eval_success_once.pt,rgb,1,0,3065,5,-0.06822836399078369,-0.2236587256193161,0.019999999552965164,0.12071935523178778,0.02207154780626297,0.15155787765979767,0.019999999552965164,1.42469146013197,0.385929492844056,1.3039721049001822,-0.26682422189471433,0,0,200,0.0,0,0,-1,0,1,47,0,0,-1,1,1,1,0.010024093091487885,0.1701335906982422,0.019999904558062553,0.07480571229959927
/workspace/ripl/t2/region_far,best_eval_success_once.pt,rgb,1,0,3067,6,0.010215070098638535,-0.1454656422138214,0.019999999552965164,2.972386598940022,-0.09703570604324341,0.09204167127609253,0.019999999552965164,-1.6753704919109182,0.2606001783273226,1.6354282163286458,0.06463188953374921,1,1,200,97.0,1,1,104,0,1,42,1,1,103,1,1,1,-0.1016402393579483,0.10012409836053848,0.06000344455242157,6.226474766664558e-07
/workspace/ripl/t2/region_far,best_eval_success_once.pt,rgb,1,0,3072,7,0.0026913806796073914,0.11004342883825302,0.019999999552965164,0.9820810169279053,-0.04988088458776474,-0.15047621726989746,0.019999999552965164,2.5356794452541243,0.2657711968661369,1.553598428326219,-0.017197898468677586,0,0,200,0.0,0,0,-1,1,1,37,0,1,88,0,1,1,-0.09170396625995636,-0.22015254199504852,0.10443931072950363,0.010735095835739537
/workspace/ripl/t2/region_far,best_eval_success_once.pt,rgb,1,0,3078,8,-0.016161762177944183,-0.09372546523809433,0.019999999552965164,0.7177569882686408,0.061949871480464935,0.1719077229499817,0.019999999552965164,2.924311210486478,0.2768797897639828,2.206554222217837,0.6357578954229406,1,0,200,50.0,0,1,92,0,1,36,1,1,86,0,1,1,0.04526372626423836,0.17686058580875397,0.059999097138643265,1.0472837265111113e-06
/workspace/ripl/t2/region_far,best_eval_success_once.pt,rgb,1,0,3086,9,0.0384572371840477,0.23345902562141418,0.019999999552965164,-1.3831343815293478,0.11777584254741669,-0.13268917798995972,0.019999999552965164,1.397203423237449,0.37464109246667804,2.7803378047667966,-0.3612548488229965,0,0,200,0.0,0,0,-1,0,1,44,0,1,102,1,1,1,0.13917790353298187,-0.13424080610275269,0.019999928772449493,0.06781673455818801
/workspace/ripl/t2/region_far,best_eval_success_once.pt,rgb,1,0,3100,0,0.08970257639884949,-0.21706277132034302,0.019999999552965164,1.651993850575479,0.016063928604125977,0.13603156805038452,0.019999999552965164,-1.8981875242016475,0.3606913679930334,2.7330039324024593,-0.4085887211873338,1,1,200,84.0,1,1,117,0,1,52,1,1,109,1,1,1,0.011981668882071972,0.13553646206855774,0.06000087037682533,3.839941346661803e-07
/workspace/ripl/t2/region_far,best_eval_success_once.pt,rgb,1,0,3102,1,-0.04093748331069946,0.1484644114971161,0.019999999552965164,0.8866895591248012,-0.13119247555732727,-0.2208506166934967,0.019999999552965164,2.3180892570064437,0.38018357891007337,1.4313996978816426,-0.139396628913254,1,0,200,20.0,0,1,149,0,1,48,1,1,114,0,1,1,-0.14636880159378052,-0.2177603393793106,0.0599980354309082,0.002748042450411516
/workspace/ripl/t2/region_far,best_eval_success_once.pt,rgb,1,0,3108,2,0.047648414969444275,0.08664818108081818,0.019999999552965164,-0.7244499397943227,0.00287521630525589,-0.25793367624282837,0.019999999552965164,-1.979508301422757,0.3474784823773075,-1.2550583616284339,0.3157379651664627,0,0,200,0.0,0,0,-1,0,1,41,0,1,183,1,1,1,0.06088719516992569,-0.2507592737674713,0.05495000258088112,0.021001088184609662
/workspace/ripl/t2/region_far,best_eval_success_once.pt,rgb,1,0,3109,3,-0.0049054622650146484,0.17673450708389282,0.019999999552965164,2.361580256513803,-0.13102227449417114,-0.0605616495013237,0.019999999552965164,-3.0576677959465615,0.2687283316975713,0.8639372547192217,-0.7068590720756749,1,1,200,93.0,1,1,108,0,1,50,1,1,107,1,1,1,-0.13162721693515778,-0.06832493841648102,0.05999583750963211,1.0435667887790527e-06
/workspace/ripl/t2/region_far,best_eval_success_once.pt,rgb,1,0,3136,4,-0.033624302595853806,0.10257358849048615,0.019999999552965164,-3.013062081775468,0.07128147780895233,-0.14681293070316315,0.019999999552965164,-0.3787277327251459,0.27055287601107814,2.634334349050322,-0.5072583045394712,1,1,200,109.0,1,1,92,0,1,33,1,1,85,1,1,1,0.06154085323214531,-0.14255905151367188,0.059997159987688065,0.0011249442814963676
/workspace/ripl/t2/region_far,best_eval_success_once.pt,rgb,1,0,3137,5,0.019528448581695557,-0.14708054065704346,0.019999999552965164,0.012454605358033888,-0.08182580024003983,0.12486054003238678,0.019999999552965164,0.4691404664621821,0.2902148085828038,0.4566858611041482,0.4566858611041482,1,1,200,93.0,1,1,108,0,1,45,1,1,100,1,1,1,-0.0955178365111351,0.12668931484222412,0.05999983847141266,1.318281232187008e-05
/workspace/ripl/t2/region_far,best_eval_success_once.pt,rgb,1,0,3153,6,-0.08500378578901291,0.09793176501989365,0.019999999552965164,2.4959773210107583,-0.030851520597934723,-0.19414569437503815,0.019999999552965164,0.027215425252408387,0.2970550624243305,-2.46876189575835,0.6728307578314432,1,1,200,97.0,1,1,104,0,1,43,1,1,98,1,1,1,-0.03316418454051018,-0.19388365745544434,0.06000102311372757,1.1381173404434088e-06
/workspace/ripl/t2/region_far,best_eval_success_once.pt,rgb,1,0,3157,7,0.06300361454486847,0.10478562116622925,0.019999999552965164,-1.3610742582848214,0.12458863854408264,-0.15237504243850708,0.019999999552965164,-3.028965540689005,0.26443207461768353,-1.6678912824041836,-0.09709495560928705,1,1,200,102.0,1,1,98,0,1,46,1,1,93,1,1,1,0.11287127435207367,-0.14279399812221527,0.060004398226737976,0.0002234851262489289
/workspace/ripl/t2/region_far,best_eval_success_once.pt,rgb,1,0,3173,8,0.032492272555828094,-0.1023959293961525,0.019999999552965164,1.237928900311379,-0.0018624551594257355,0.17914551496505737,0.019999999552965164,0.3669716072402087,0.2836297449305793,-0.8709572930711698,0.6998390337237268,1,1,200,100.0,1,1,101,0,1,43,1,1,100,1,1,1,0.010440998710691929,0.18337015807628632,0.05999548360705376,4.8183297537722195e-06
/workspace/ripl/t2/region_far,best_eval_success_once.pt,rgb,1,0,3178,9,0.008395828306674957,0.2941029965877533,0.019999999552965164,3.065761326362033,0.038940854370594025,-0.012507721781730652,0.019999999552965164,1.7106798463217716,0.30812843302151866,-1.355081480040262,0.2157148467546346,0,0,200,0.0,0,0,-1,0,0,-1,0,0,-1,1,1,1,0.008396178483963013,0.29410383105278015,0.01999991200864315,7.540337492141796e-07
/workspace/ripl/t2/region_far,best_eval_success_once.pt,rgb,1,0,3181,0,0.12961016595363617,0.030578330159187317,0.019999999552965164,-0.21880657014895943,0.04106202721595764,-0.23572656512260437,0.019999999552965164,0.16865362595684497,0.2806404641618047,0.3874601961058044,0.3874601961058044,1,0,200,13.0,0,1,116,0,1,49,0,1,107,1,1,1,0.006025400012731552,-0.23944133520126343,0.019999906420707703,0.01040377835350062
/workspace/ripl/t2/region_far,best_eval_success_once.pt,rgb,1,0,3194,1,0.04513981565833092,-0.269327849149704,0.019999999552965164,1.3558346522282545,0.1773522049188614,-0.04006526619195938,0.019999999552965164,-2.865000843057717,0.2646534485292696,2.0623498118936148,0.4915534850987182,0,0,200,0.0,0,0,-1,0,1,47,0,0,-1,1,1,1,0.13188418745994568,-0.0835406556725502,0.020000098273158073,0.011625817118763636
/workspace/ripl/t2/region_far,best_eval_success_once.pt,rgb,1,0,3198,2,0.015821002423763275,-0.00786484032869339,0.019999999552965164,1.3693899192647503,0.18363770842552185,0.20324379205703735,0.019999999552965164,2.652198487716892,0.2696837063692471,1.2828085684521418,-0.2879877583427548,0,0,200,0.0,0,0,-1,1,1,38,0,0,-1,0,1,1,0.13001930713653564,0.20669804513454437,0.04933822900056839,0.0021089902888590402
/workspace/ripl/t2/region_far,best_eval_success_once.pt,rgb,1,0,3205,3,0.0580778643488884,-0.15258124470710754,0.019999999552965164,-2.1625779498774946,0.07939332723617554,0.2004803866147995,0.019999999552965164,-2.4503780842116862,0.35370448748890015,-0.2878001343341916,-0.2878001343341916,1,1,200,95.0,1,1,105,0,1,41,1,1,101,1,1,1,0.06479419767856598,0.19134272634983063,0.05999353900551796,1.3614190495436986e-05
/workspace/ripl/t2/region_far,best_eval_success_once.pt,rgb,1,0,3211,4,0.05914083868265152,-0.07514672726392746,0.019999999552965164,-1.5795821618762869,0.013927064836025238,0.1932237148284912,0.019999999552965164,-1.9241145338421273,0.2721524931620765,-0.3445323719658404,-0.3445323719658404,1,1,200,100.0,1,1,101,0,1,49,1,1,96,1,1,1,0.010362437926232815,0.194757342338562,0.06000712513923645,1.225999772385284e-06
/workspace/ripl/t2/region_far,best_eval_success_once.pt,rgb,1,0,3212,5,0.09174494445323944,-0.258154034614563,0.019999999552965164,2.3222552162356376,0.006592005491256714,0.055084966123104095,0.019999999552965164,2.2791941108728806,0.324606984824719,-0.04306110536275698,-0.04306110536275698,0,0,200,0.0,0,0,-1,0,1,100,0,0,-1,1,1,1,0.07776612043380737,-0.2844153344631195,0.019999966025352478,4.776086950200805e-07
/workspace/ripl/t2/region_far,best_eval_success_once.pt,rgb,1,0,3214,6,-0.10127629339694977,0.25495287775993347,0.019999999552965164,0.24497217207808397,-0.11181646585464478,-0.011880092322826385,0.019999999552965164,1.3213113713826385,0.26704106268254885,1.0763391993045546,-0.494457127490342,1,0,200,15.0,0,1,111,1,1,54,0,1,108,0,1,1,-0.08941690623760223,0.019471382722258568,0.08696772158145905,0.018727351478498754
/workspace/ripl/t2/region_far,best_eval_success_once.pt,rgb,1,0,3217,7,-0.03489724546670914,0.19895920157432556,0.019999999552965164,-0.6385191487424886,-0.10679690539836884,-0.14589139819145203,0.019999999552965164,0.6280524421483924,0.3522662306510586,1.266571590890881,-0.30422473590401555,0,0,200,0.0,0,0,-1,1,1,42,0,1,109,0,1,1,-0.12130026519298553,-0.17258858680725098,0.0816594809293747,0.012304350958285644
/workspace/ripl/t2/region_far,best_eval_success_once.pt,rgb,1,0,3219,8,0.08728684484958649,0.27320462465286255,0.019999999552965164,0.20643576239258277,0.08693964779376984,-0.007570996880531311,0.019999999552965164,0.29206832435282104,0.2807758361990205,0.08563256196023827,0.08563256196023827,0,0,200,0.0,0,0,-1,0,0,-1,0,0,-1,1,1,1,0.08728634566068649,0.27320432662963867,0.019999904558062553,9.515821163018817e-07
/workspace/ripl/t2/region_far,best_eval_success_once.pt,rgb,1,0,3221,9,0.04989539831876755,-0.13076449930667877,0.019999999552965164,-1.8489436110702986,0.09453265368938446,0.12729108333587646,0.019999999552965164,3.0514500321375952,0.2618877016967584,-1.3827916639716928,0.18800466282320372,1,1,200,104.0,1,1,97,0,1,45,1,1,94,1,1,1,0.10098693519830704,0.12762287259101868,0.059998903423547745,1.8740787362058063e-05
/workspace/ripl/t2/region_far,best_eval_success_once.pt,rgb,1,0,3224,0,-0.14037984609603882,-0.21907764673233032,0.019999999552965164,2.5881859814846617,-0.08156982064247131,0.12541022896766663,0.019999999552965164,2.607029553649091,0.3494717665250597,0.018843572164429112,0.018843572164429112,1,1,200,82.0,1,1,119,0,1,56,1,1,117,1,1,1,-0.0880252793431282,0.1101473867893219,0.0599869042634964,6.055635558264727e-06
/workspace/ripl/t2/region_far,best_eval_success_once.pt,rgb,1,0,3231,1,-0.0579366534948349,0.24871894717216492,0.019999999552965164,0.9681149334492414,-0.12932635843753815,-0.061370231211185455,0.019999999552965164,2.021275143682501,0.3182008619131437,1.0531602102332598,-0.5176361165616368,1,1,200,78.0,1,1,123,0,1,59,1,1,122,1,1,1,-0.13266512751579285,-0.056999463587999344,0.05999968573451042,5.172656463894183e-07
/workspace/ripl/t2/region_far,best_eval_success_once.pt,rgb,1,0,3241,2,0.08225572109222412,-0.2276945263147354,0.019999999552965164,0.37946961952881786,0.0022396817803382874,0.09567014873027802,0.019999999552965164,-2.121276698480406,0.33311751622232116,-2.5007463180092238,0.6408463355805694,1,1,200,75.0,1,1,117,0,1,49,1,1,107,1,1,1,-0.0037298339884728193,0.1029149517416954,0.05999906361103058,5.091526734657935e-05
/workspace/ripl/t2/region_far,best_eval_success_once.pt,rgb,1,0,3242,3,-0.17425666749477386,-0.21762579679489136,0.019999999552965164,0.453294330669308,-0.07434048503637314,0.1549452841281891,0.019999999552965164,-0.6891892622761868,0.3857362490838176,-1.1424835929454948,0.4283127338494017,0,0,200,0.0,0,0,-1,0,1,56,0,0,-1,1,1,1,-0.02668260596692562,0.09687705338001251,0.019999900832772255,0.04075116925362021
/workspace/ripl/t2/region_far,best_eval_success_once.pt,rgb,1,0,3243,4,-0.1212473139166832,0.14899547398090363,0.019999999552965164,0.27641578228796737,-0.007085300981998444,-0.09460887312889099,0.019999999552965164,2.3527364053528785,0.2690279597515627,2.076320623064911,0.5055242962700146,0,0,200,0.0,0,0,-1,0,1,51,0,1,112,1,1,1,-0.06558556109666824,-0.14624445140361786,0.020000018179416656,0.01529524887522178
/workspace/ripl/t2/region_far,best_eval_success_once.pt,rgb,1,0,3246,5,0.04439503699541092,-0.003072693943977356,0.019999999552965164,-2.2412769459182247,-0.12087291479110718,-0.20567508041858673,0.019999999552965164,-0.6975840401713569,0.261459792115189,1.5436929057468678,-0.027103421048028764,0,0,200,0.0,0,0,-1,1,1,41,0,1,96,0,1,1,-0.006961281411349773,-0.15635575354099274,0.06384938210248947,0.033366020216781596
/workspace/ripl/t2/region_far,best_eval_success_once.pt,rgb,1,0,3249,6,-0.1274668574333191,-0.17111286520957947,0.019999999552965164,2.585719346278058,-0.1654413342475891,0.19161942601203918,0.019999999552965164,-0.8248613139310192,0.3647146500816806,2.872604646970509,-0.268988006619284,0,0,200,0.0,0,0,-1,0,1,117,0,0,-1,1,1,1,-0.10700676590204239,0.16287608444690704,0.019999980926513672,0.028040626237354992
/workspace/ripl/t2/region_far,best_eval_success_once.pt,rgb,1,0,3251,7,0.042878203094005585,0.14404232800006866,0.019999999552965164,2.9471006311997505,-0.09339433908462524,-0.13439154624938965,0.019999999552965164,0.9890281394481955,0.30999294843816994,-1.9580724917515546,-0.38727616495665806,1,1,200,103.0,1,1,98,0,1,40,1,1,92,1,1,1,-0.09581328183412552,-0.13114064931869507,0.06000177189707756,3.1442862519635545e-07
/workspace/ripl/t2/region_far,best_eval_success_once.pt,rgb,1,0,3252,8,-0.06947552412748337,0.22616171836853027,0.019999999552965164,-1.0678065239639363,-0.09012971818447113,-0.11680356413125992,0.019999999552965164,0.06308496106647077,0.34358664224952723,1.130891485030407,-0.4399048417644895,1,1,200,50.0,1,1,103,0,1,43,1,1,99,1,1,1,-0.07602646946907043,-0.09878131747245789,0.05999920889735222,1.737657656493392e-05
/workspace/ripl/t2/region_far,best_eval_success_once.pt,rgb,1,0,3257,9,0.014937594532966614,0.17594265937805176,0.019999999552965164,2.93334219174719,-0.10776988416910172,-0.21500292420387268,0.019999999552965164,-2.269738055872068,0.4097506249557528,1.0801050595603279,-0.4906912672345687,1,1,200,19.0,1,1,182,0,1,53,1,1,180,1,1,1,-0.09717333316802979,-0.23009800910949707,0.05999720096588135,0.01513865419457452
/workspace/ripl/t2/region_far,best_eval_success_once.pt,rgb,1,0,3260,0,-0.04861905425786972,0.15628653764724731,0.019999999552965164,-2.6680928426383606,0.06715497374534607,-0.09651676565408707,0.019999999552965164,2.7062490056885324,0.27805239743644694,-0.9088434588526937,0.6619528679422029,1,1,200,39.0,1,1,106,0,1,35,1,1,90,1,1,1,0.09267865121364594,-0.09318138659000397,0.06000186502933502,0.00408361692058612
/workspace/ripl/t2/region_far,best_eval_success_once.pt,rgb,1,0,3262,1,0.15941132605075836,0.25490763783454895,0.019999999552965164,2.205372858516653,0.018946833908557892,-0.10080725699663162,0.019999999552965164,-0.015773120628787662,0.38244393047546743,-2.22114597914544,-0.6503496523505436,0,0,200,0.0,0,0,-1,0,0,-1,0,0,-1,1,1,1,0.1594109833240509,0.25490695238113403,0.01999991200864315,7.982646069890712e-07
/workspace/ripl/t2/region_far,best_eval_success_once.pt,rgb,1,0,3271,2,-0.07322508096694946,-0.06730722635984421,0.019999999552965164,0.481029586308209,-0.012640707194805145,0.25737690925598145,0.019999999552965164,2.40475259779127,0.33028813824592423,1.923723011483061,0.35292668468816446,0,0,200,0.0,0,0,-1,1,1,40,0,1,96,0,1,1,0.006505970843136311,0.15939019620418549,0.1152559295296669,0.006768443567792133
/workspace/ripl/t2/region_far,best_eval_success_once.pt,rgb,1,0,3273,3,-0.07035423815250397,0.14810550212860107,0.019999999552965164,-2.659280336256842,-0.0908578559756279,-0.2045586109161377,0.019999999552965164,-1.1089528928658003,0.3532596424352335,1.5503274433910414,-0.02046888340385511,0,0,200,0.0,0,0,-1,0,1,42,0,1,106,1,1,1,-0.0923854187130928,-0.090504489839077,0.019999774172902107,3.2037653375119875e-05
/workspace/ripl/t2/region_far,best_eval_success_once.pt,rgb,1,0,3274,4,0.043007783591747284,0.18452417850494385,0.019999999552965164,-1.4797448083322147,0.09429658949375153,-0.14318698644638062,0.019999999552965164,-2.620260335868956,0.3317003907815118,-1.1405155275367411,0.43028079925815543,1,1,200,53.0,1,1,100,0,1,46,1,1,96,1,1,1,0.08702174574136734,-0.1521446704864502,0.05999663844704628,0.010648337460167502
/workspace/ripl/t2/region_far,best_eval_success_once.pt,rgb,1,0,3280,5,-0.023916639387607574,-0.08068611472845078,0.019999999552965164,2.1620537993186995,-0.10459206253290176,0.24108991026878357,0.019999999552965164,0.7536526758736803,0.3317353375248001,-1.408401123445019,0.16239520334987745,1,1,200,104.0,1,1,97,0,1,39,1,1,92,1,1,1,-0.1111527532339096,0.22706054151058197,0.0599970780313015,5.921711896786412e-06
/workspace/ripl/t2/region_far,best_eval_success_once.pt,rgb,1,0,3287,6,0.027999505400657654,-0.16860206425189972,0.019999999552965164,2.8045604839222937,0.033988289535045624,0.13943538069725037,0.019999999552965164,-2.9217153679947616,0.308095655643193,0.5569094552625309,0.5569094552625309,1,1,200,102.0,1,1,99,0,1,45,1,1,97,1,1,1,0.037205636501312256,0.142351433634758,0.06000109761953354,6.840042838790184e-07
/workspace/ripl/t2/region_far,best_eval_success_once.pt,rgb,1,0,3288,7,-0.02702905237674713,0.26634249091148376,0.019999999552965164,1.145080702522469,-0.0618777796626091,-0.012244090437889099,0.019999999552965164,-1.2448075823191704,0.28075775519364576,-2.389888284841639,0.7517043687481539,0,0,200,0.0,0,0,-1,0,0,-1,0,0,-1,1,1,1,-0.02702832780778408,0.26634255051612854,0.01999993436038494,1.2183692769743767e-06
/workspace/ripl/t2/region_far,best_eval_success_once.pt,rgb,1,0,3290,8,-0.011568158864974976,0.18798509240150452,0.019999999552965164,-1.1199658668308654,0.02334490418434143,-0.07428232580423355,0.019999999552965164,2.1933557019385814,0.2645810284653627,-2.9698637384101394,0.17172891517965372,1,1,200,96.0,1,1,105,0,1,51,1,1,99,1,1,1,0.01908390037715435,-0.07102862745523453,0.059995800256729126,2.314002834314185e-06
/workspace/ripl/t2/region_far,best_eval_success_once.pt,rgb,1,0,3293,9,-0.05148886889219284,0.07765194773674011,0.019999999552965164,-2.513494824594784,-0.05833329260349274,-0.23011985421180725,0.019999999552965164,-2.229086800960764,0.307847897849889,0.28440802363402007,0.28440802363402007,1,1,200,91.0,1,1,92,0,1,39,1,1,87,1,1,1,-0.06225142627954483,-0.22060909867286682,0.059998106211423874,0.0027778410144449132
/workspace/ripl/t2/region_far,best_eval_success_once.pt,rgb,1,0,3294,0,-0.1361086070537567,-0.015800803899765015,0.019999999552965164,-2.8286810690802806,-0.06727272272109985,0.24157914519309998,0.019999999552965164,1.0113576951740306,0.26642600692669755,-2.443146542925275,0.6984461106645181,0,0,200,0.0,0,0,-1,0,1,51,0,0,-1,0,1,1,0.017461763694882393,0.2088344246149063,0.01998230069875717,0.06277256797594159
/workspace/ripl/t2/region_far,best_eval_success_once.pt,rgb,1,0,3299,1,0.07150062918663025,-0.1283508837223053,0.019999999552965164,-2.5239077814101822,-0.04469524323940277,0.12218501418828964,0.019999999552965164,-2.8004766309385705,0.27616972482644614,-0.2765688495283882,-0.2765688495283882,1,1,200,45.0,1,1,102,0,1,42,1,1,101,1,1,1,-0.02264329418540001,0.10478123277425766,0.05999477207660675,0.01126031887236032
/workspace/ripl/t2/region_far,best_eval_success_once.pt,rgb,1,0,3316,2,0.042041704058647156,0.11781641840934753,0.019999999552965164,2.7958290544477364,-0.08348686993122101,-0.2083352655172348,0.019999999552965164,-2.8686743517680693,0.3494743822028663,0.6186819009637805,0.6186819009637805,1,0,200,2.0,0,1,198,0,1,37,1,1,198,0,1,1,-0.090827077627182,-0.20305229723453522,0.059999436140060425,0.011535134489736367
/workspace/ripl/t2/region_far,best_eval_success_once.pt,rgb,1,0,3318,3,-0.17467661201953888,-0.02930653840303421,0.019999999552965164,-1.3741801361982384,-0.17279626429080963,0.2712743580341339,0.019999999552965164,-2.1199291790698176,0.30058677783720383,-0.7457490428715792,-0.7457490428715792,1,1,200,53.0,1,1,122,0,1,50,1,1,116,1,1,1,-0.1812414824962616,0.257619172334671,0.059994518756866455,0.0015563591012684853
/workspace/ripl/t2/region_far,best_eval_success_once.pt,rgb,1,0,3321,4,-0.05392775684595108,-0.0350295826792717,0.019999999552965164,0.19780151197397666,-0.08533238619565964,0.2729489207267761,0.019999999552965164,-2.004979841120054,0.30957553085607653,-2.2027813530940303,-0.6319850262991338,0,0,200,0.0,0,0,-1,0,1,41,1,1,100,0,1,1,-0.08017224818468094,0.2511281967163086,0.05999475717544556,7.947112121269997e-06
/workspace/ripl/t2/region_far,best_eval_success_once.pt,rgb,1,0,3324,5,-0.09028799831867218,-0.04455704987049103,0.019999999552965164,2.8726625995902735,0.0971265584230423,-0.2294156849384308,0.019999999552965164,-1.128793635448611,0.26324310254567934,2.2817290721407018,0.7109327453458052,1,1,200,62.0,1,1,139,0,1,45,1,1,109,1,1,1,0.08731085807085037,-0.24373449385166168,0.05999196320772171,4.061445908713397e-05
/workspace/ripl/t2/region_far,best_eval_success_once.pt,rgb,1,0,3338,6,-0.008273661136627197,0.22206377983093262,0.019999999552965164,-2.059414687911045,-0.046559594571590424,-0.10659470409154892,0.019999999552965164,0.19332165421390934,0.3308809631169652,2.252736342124954,0.6819400153300577,1,0,200,11.0,0,1,102,0,1,40,0,1,95,1,1,1,-0.04769744351506233,-0.17316490411758423,0.019999919459223747,0.012635252104689444
/workspace/ripl/t2/region_far,best_eval_success_once.pt,rgb,1,0,3345,7,0.07908906042575836,0.10148216038942337,0.019999999552965164,-1.7376802306788974,-0.027041099965572357,-0.14429622888565063,0.019999999552965164,-0.9214342310784387,0.26771370450415755,0.8162459996004587,-0.7545503271944378,1,0,200,58.0,0,1,100,0,1,45,1,1,93,0,1,1,-0.015762848779559135,-0.15892736613750458,0.05999399349093437,3.25166304189244e-05
/workspace/ripl/t2/region_far,best_eval_success_once.pt,rgb,1,0,3349,8,-0.032541051506996155,-0.25638526678085327,0.019999999552965164,2.2801891149057396,0.0069124698638916016,0.08759447932243347,0.019999999552965164,2.338537845109372,0.34623495790841907,0.05834873020363229,0.05834873020363229,0,0,200,0.0,0,0,-1,0,1,41,0,0,-1,1,1,1,-0.028761224821209908,-0.26979270577430725,0.019999925047159195,4.101545570230341e-07
/workspace/ripl/t2/region_far,best_eval_success_once.pt,rgb,1,0,3358,9,0.010396331548690796,-0.09619559347629547,0.019999999552965164,1.7139663242478134,-0.14166703820228577,0.11589328944683075,0.019999999552965164,2.9442064873400247,0.2609692753555517,1.2302401630922113,-0.34055616370268527,1,1,200,98.0,1,1,103,0,1,45,1,1,102,1,1,1,-0.13700838387012482,0.11768503487110138,0.06000282242894173,1.3171311621396213e-06
/workspace/ripl/t2/region_far,best_eval_success_once.pt,rgb,1,1,2203,0,-0.0015154555439949036,0.28091737627983093,0.019999999552965164,2.8280992258105258,-0.12623363733291626,0.024083547294139862,0.019999999552965164,1.8622336221078177,0.285513993667886,-0.9658656037027082,0.6049307230921883,0,0,200,0.0,0,0,-1,0,1,54,0,0,-1,1,1,1,-0.06721770018339157,-0.009623768739402294,0.019999902695417404,0.010874237173291293
/workspace/ripl/t2/region_far,best_eval_success_once.pt,rgb,1,1,2204,1,-0.010306689888238907,-0.10919658094644547,0.019999999552965164,2.1831433385303227,-0.006254382431507111,0.17753367125988007,0.019999999552965164,-1.000216308183635,0.28675888604544925,3.099825660465628,-0.0417669931241651,1,1,200,96.0,1,1,104,0,1,49,1,1,100,1,1,1,0.006340193562209606,0.17216531932353973,0.05999777466058731,2.0256094719447656e-06
/workspace/ripl/t2/region_far,best_eval_success_once.pt,rgb,1,1,2206,2,-0.07766739279031754,0.04133068025112152,0.019999999552965164,-0.14936810869116224,0.10317797213792801,-0.2406892627477646,0.019999999552965164,-1.8139581172791202,0.3350228264836969,-1.6645900085879575,-0.09379368179306091,1,1,200,82.0,1,1,119,0,1,48,1,1,118,1,1,1,0.09572740644216537,-0.23899653553962708,0.06000106781721115,5.483647565441489e-07
/workspace/ripl/t2/region_far,best_eval_success_once.pt,rgb,1,1,2210,3,0.0450449213385582,-0.16673651337623596,0.019999999552965164,-2.9657934138675586,-0.020856991410255432,0.1988731324672699,0.019999999552965164,1.3119241513501088,0.3715016490377479,-2.005467741961919,-0.43467141516702235,1,1,200,83.0,1,1,118,0,1,58,1,1,114,1,1,1,-0.017778513953089714,0.20257723331451416,0.06000187247991562,2.1335215960854819e-07
/workspace/ripl/t2/region_far,best_eval_success_once.pt,rgb,1,1,2213,4,-0.0995158851146698,0.01280367374420166,0.019999999552965164,3.1326911448200856,-0.13273198902606964,-0.2602728009223938,0.019999999552965164,-0.45552093990989206,0.27508920475981724,2.694973222449608,-0.446619431140185,0,0,200,0.0,0,0,-1,0,1,50,0,0,-1,1,1,1,-0.15945902466773987,-0.30884605646133423,0.019999904558062553,0.02168169010882614
/workspace/ripl/t2/region_far,best_eval_success_once.pt,rgb,1,1,2239,5,0.10687457025051117,0.15797311067581177,0.019999999552965164,2.2451872711062073,0.0782860741019249,-0.13081270456314087,0.019999999552965164,-1.7020486429099275,0.2901974314070754,2.3359493931634514,0.7651530663685548,1,1,200,5.0,1,1,196,0,1,47,1,1,96,1,1,1,0.07832249999046326,-0.11249139159917831,0.059987813234329224,0.0001225400177665242
/workspace/ripl/t2/region_far,best_eval_success_once.pt,rgb,1,1,2243,6,-0.08777893334627151,0.1973080039024353,0.019999999552965164,0.498710807254064,-0.05088150501251221,-0.14113162457942963,0.019999999552965164,1.166836327771549,0.3404450063440315,0.668125520517485,0.668125520517485,0,0,200,0.0,0,0,-1,0,1,45,0,1,98,1,1,1,-0.05991446226835251,-0.04358961805701256,0.01999991573393345,0.0007242888159412772
/workspace/ripl/t2/region_far,best_eval_success_once.pt,rgb,1,1,2245,7,0.017085395753383636,0.21797996759414673,0.019999999552965164,-0.6873472357639705,-0.007337525486946106,-0.10534033924341202,0.019999999552965164,-0.7529672146275708,0.32424142223880725,-0.06561997886360027,-0.06561997886360027,1,1,200,102.0,1,1,99,0,1,41,1,1,97,1,1,1,-0.010625606402754784,-0.10551290959119797,0.059998612850904465,9.563944873450042e-07
/workspace/ripl/t2/region_far,best_eval_success_once.pt,rgb,1,1,2246,8,-0.059620097279548645,-0.22029973566532135,0.019999999552965164,-1.9654201364021384,0.021387524902820587,0.1440439671278,0.019999999552965164,1.7905426020355952,0.3732406309830748,-2.527222568741853,0.6143700848479403,0,0,200,0.0,0,0,-1,1,1,38,0,0,-1,0,1,1,0.011441375128924847,0.1699007749557495,0.10372013598680496,0.023737424667285064
/workspace/ripl/t2/region_far,best_eval_success_once.pt,rgb,1,1,2248,9,-0.03238684684038162,0.026266351342201233,0.019999999552965164,-3.0340018943635307,-0.10423856228590012,-0.26019400358200073,0.019999999552965164,0.013770624574122259,0.2953340548527439,3.047772518937653,-0.09382013465214012,0,0,200,0.0,0,0,-1,1,1,43,0,1,161,0,1,1,-0.07346997410058975,-0.26319167017936707,0.1267583966255188,0.003057109865586081
/workspace/ripl/t2/region_far,best_eval_success_once.pt,rgb,1,1,2255,0,0.03870841860771179,-0.22746603190898895,0.019999999552965164,1.5610164701949516,0.0320761501789093,0.062397923320531845,0.019999999552965164,1.865124881247901,0.28993982052455874,0.3041084110529493,0.3041084110529493,1,1,200,100.0,1,1,101,0,1,44,1,1,100,1,1,1,0.02252192050218582,0.05430056154727936,0.059996142983436584,1.2640212459898285e-06
/workspace/ripl/t2/region_far,best_eval_success_once.pt,rgb,1,1,2259,1,-0.020269744098186493,0.09197068214416504,0.019999999552965164,-2.2526672431272363,0.04945909231901169,-0.15964192152023315,0.019999999552965164,1.3234112415491202,0.26109579267172023,-2.7071068225032295,0.4344858310865636,1,1,200,107.0,1,1,94,0,1,37,1,1,84,1,1,1,0.04866909235715866,-0.15677209198474884,0.06000380218029022,3.593505468921865e-07
/workspace/ripl/t2/region_far,best_eval_success_once.pt,rgb,1,1,2263,2,0.03970487415790558,-0.030063524842262268,0.019999999552965164,-0.4794266744451039,-0.01890871673822403,-0.2869222164154053,0.019999999552965164,-2.8336878469677558,0.26346145918218444,-2.3542611725226514,-0.7834648457277549,0,0,200,0.0,0,0,-1,0,1,35,0,1,89,1,1,1,0.06868407130241394,-0.26606112718582153,0.019999930635094643,0.03912647962609967
/workspace/ripl/t2/region_far,best_eval_success_once.pt,rgb,1,1,2277,3,0.0767151415348053,0.17721030116081238,0.019999999552965164,-0.6170453127894016,0.03222972899675369,-0.19163013994693756,0.019999999552965164,0.5294009054738056,0.3715134222679447,1.1464462182632071,-0.4243501085316894,1,1,200,74.0,1,1,104,0,1,43,1,1,103,1,1,1,0.040716834366321564,-0.18016317486763,0.05999569594860077,0.00258279760545382
/workspace/ripl/t2/region_far,best_eval_success_once.pt,rgb,1,1,2286,4,-0.1422593593597412,-0.11324035376310349,0.019999999552965164,1.8985817690772844,0.023102551698684692,0.1643945872783661,0.019999999552965164,-2.6251021147857827,0.32314968995187826,1.759501423316519,0.18870509652162237,1,1,200,62.0,1,1,139,0,1,72,1,1,138,1,1,1,0.03048425354063511,0.17174455523490906,0.05999792739748955,9.08298517580452e-05
/workspace/ripl/t2/region_far,best_eval_success_once.pt,rgb,1,1,2301,5,0.06209557503461838,-0.1485690176486969,0.019999999552965164,-2.9592684207228235,-0.0687120109796524,0.09834534674882889,0.019999999552965164,-2.2397358786717216,0.27942320573766777,0.7195325420511018,0.7195325420511018,1,1,200,96.0,1,1,105,0,1,41,1,1,97,1,1,1,-0.07856272161006927,0.10208236426115036,0.05999701842665672,6.098949890989219e-06
/workspace/ripl/t2/region_far,best_eval_success_once.pt,rgb,1,1,2302,6,-0.09248115122318268,-0.23450961709022522,0.019999999552965164,1.3860217241433053,0.0006047487258911133,0.1065598577260971,0.019999999552965164,-0.811907562635322,0.3535440162424064,-2.1979292867786278,-0.6271329599837312,1,1,200,44.0,1,1,149,0,1,60,1,1,124,1,1,1,0.0028183595277369022,0.12856940925121307,0.05999483913183212,0.026072982754536997
/workspace/ripl/t2/region_far,best_eval_success_once.pt,rgb,1,1,2303,7,-0.07411620765924454,0.13843682408332825,0.019999999552965164,0.10578925542323736,-0.09392359852790833,-0.1422303020954132,0.019999999552965164,0.06904898443973062,0.28136518699095947,-0.03674027098350674,-0.03674027098350674,0,0,200,0.0,0,0,-1,1,1,39,0,1,92,0,1,1,-0.027335962280631065,-0.0856645405292511,0.12491684406995773,4.089853010165373e-06
/workspace/ripl/t2/region_far,best_eval_success_once.pt,rgb,1,1,2326,8,-0.009150288999080658,-0.18004611134529114,0.019999999552965164,-2.394246620316311,0.0622129961848259,0.08924160897731781,0.019999999552965164,-1.5898549877923012,0.2785831918633772,0.8043916325240099,-0.7664046942708866,1,1,200,105.0,1,1,96,0,1,37,1,1,95,1,1,1,0.04737143963575363,0.09940693527460098,0.05999831482768059,0.0001629234432551354
/workspace/ripl/t2/region_far,best_eval_success_once.pt,rgb,1,1,2328,9,0.04353263974189758,0.10621172189712524,0.019999999552965164,-2.344723281660464,-0.09245606511831284,-0.20392517745494843,0.019999999552965164,1.9727393315508959,0.3386411436746511,-1.9657226939682264,-0.39492636717332985,1,0,200,9.0,0,1,165,0,1,39,0,1,158,0,1,1,-0.13178028166294098,-0.26903316378593445,0.020000101998448372,0.0065603251473567836
/workspace/ripl/t2/region_far,best_eval_success_once.pt,rgb,1,1,2334,0,0.037297748029232025,-0.06838037073612213,0.019999999552965164,-0.3241761194852528,-0.0729627013206482,0.19572532176971436,0.019999999552965164,-0.8803413733684122,0.28619780485675456,-0.5561652538831594,-0.5561652538831594,1,1,200,114.0,1,1,87,0,1,39,1,1,86,1,1,1,-0.0696425661444664,0.19317355751991272,0.05999899283051491,2.0267770452403194e-07
/workspace/ripl/t2/region_far,best_eval_success_once.pt,rgb,1,1,2341,1,0.10138963162899017,0.0016709566116333008,0.019999999552965164,-1.3708241908607404,-0.0007539130747318268,0.2868785858154297,0.019999999552965164,0.1126475967644156,0.30294668752222964,1.483471787625156,-0.08732453916974059,1,1,200,52.0,1,1,101,0,1,45,1,1,92,1,1,1,0.01983051560819149,0.2788349390029907,0.059990331530570984,7.893352218300367e-06
/workspace/ripl/t2/region_far,best_eval_success_once.pt,rgb,1,1,2346,2,-0.0690736472606659,-0.2500823140144348,0.019999999552965164,-1.639809974605864,0.03561002016067505,0.1036967858672142,0.019999999552965164,0.7109817526993591,0.36894216584425765,2.3507917273052232,0.7799954005103267,1,1,200,58.0,1,1,143,0,1,41,1,1,142,1,1,1,0.03602651134133339,0.11982056498527527,0.06000490114092827,0.02450314138475095
/workspace/ripl/t2/region_far,best_eval_success_once.pt,rgb,1,1,2357,3,-0.11807915568351746,0.13245418667793274,0.019999999552965164,-1.5312420973096996,0.005906280130147934,-0.16381171345710754,0.019999999552965164,2.170312442835524,0.3211633102904661,-2.581630767034363,0.5599618865554303,1,1,200,86.0,1,1,115,0,1,48,1,1,106,1,1,1,-0.0063291373662650585,-0.1647007018327713,0.05999782308936119,0.0006616026859746414
/workspace/ripl/t2/region_far,best_eval_success_once.pt,rgb,1,1,2361,4,0.037382252514362335,-0.027298703789711,0.019999999552965164,-3.036822379186626,0.09857963025569916,0.2612082064151764,0.019999999552965164,-2.650213117296224,0.2949260183137236,0.3866092618904018,0.3866092618904018,1,1,200,96.0,1,1,105,0,1,38,1,1,95,1,1,1,0.09023026376962662,0.255024254322052,0.05999641492962837,2.1490760299348767e-06
/workspace/ripl/t2/region_far,best_eval_success_once.pt,rgb,1,1,2362,5,-0.007151946425437927,0.26079556345939636,0.019999999552965164,2.7428898520556566,-0.12772154808044434,-0.1087975725531578,0.019999999552965164,-0.13555842946770724,0.3887622860191576,-2.8784482815233634,0.2631443720664297,1,0,200,12.0,0,1,119,0,1,44,0,1,108,1,1,1,-0.14617401361465454,-0.08116744458675385,0.01999991573393345,0.04366704472369757
/workspace/ripl/t2/region_far,best_eval_success_once.pt,rgb,1,1,2366,6,0.10725544393062592,-0.06796377152204514,0.019999999552965164,-0.5170200278983943,-0.026805393397808075,0.2508881390094757,0.019999999552965164,-0.33255943085687756,0.34588849208206074,0.18446059704151674,0.18446059704151674,1,1,200,89.0,1,1,112,0,1,50,1,1,109,1,1,1,-0.028148407116532326,0.23694492876529694,0.059996578842401505,4.331082564713165e-06
/workspace/ripl/t2/region_far,best_eval_success_once.pt,rgb,1,1,2367,7,0.09451989829540253,0.08449579775333405,0.019999999552965164,2.8729217295409706,-0.008350729942321777,-0.16923701763153076,0.019999999552965164,-0.44395620794146184,0.27379318427812255,2.9663073696971534,-0.17528528389263975,0,0,200,0.0,0,0,-1,0,1,45,0,1,101,1,1,1,-0.02778714708983898,-0.1281719207763672,0.019999919459223747,0.05134780656010269
/workspace/ripl/t2/region_far,best_eval_success_once.pt,rgb,1,1,2369,8,-0.12517741322517395,0.173991858959198,0.019999999552965164,-1.7490790961391607,-0.023070670664310455,-0.15068161487579346,0.019999999552965164,1.6755878288442008,0.3403507771233545,-2.858518382196225,0.2830742713935681,0,0,200,0.0,0,0,-1,1,1,48,0,1,110,0,1,1,-0.04152810946106911,-0.14521262049674988,0.10955636203289032,0.024285588968637615
/workspace/ripl/t2/region_far,best_eval_success_once.pt,rgb,1,1,2374,9,0.07388773560523987,-0.05696951597929001,0.019999999552965164,0.10872651091676167,0.12100543081760406,0.2680085599422455,0.019999999552965164,0.7544583539936007,0.3283760451552283,0.6457318430768391,0.6457318430768391,0,0,200,0.0,0,0,-1,0,1,48,0,1,109,1,1,1,0.1467970758676529,0.20029574632644653,0.019999997690320015,0.010970752292321275
/workspace/ripl/t2/region_far,best_eval_success_once.pt,rgb,1,1,2384,0,-0.01287195086479187,-0.07207601517438889,0.019999999552965164,-0.5533440886331848,-0.04673536866903305,0.22915151715278625,0.019999999552965164,0.32930026813623714,0.3031249862635938,0.882644356769422,-0.6881519700254746,1,0,200,14.0,0,1,105,1,1,41,0,1,97,0,1,1,-0.04916626960039139,0.22884315252304077,0.050496723502874374,0.037032686745110115
/workspace/ripl/t2/region_far,best_eval_success_once.pt,rgb,1,1,2385,1,-0.04740482568740845,0.09882223606109619,0.019999999552965164,-1.9269102110740421,-0.014372654259204865,-0.20508818328380585,0.019999999552965164,2.3252209826881782,0.3057002900483682,-2.0310541134173654,-0.46025778662246886,1,1,200,99.0,1,1,102,0,1,44,1,1,98,1,1,1,-0.02375618740916252,-0.2132471799850464,0.059995055198669434,5.6803061834035025e-06
/workspace/ripl/t2/region_far,best_eval_success_once.pt,rgb,1,1,2386,2,0.13065898418426514,0.2611328363418579,0.019999999552965164,2.619519513593521,0.06654885411262512,-0.07843735069036484,0.019999999552965164,-0.8827841953945033,0.3455691257894741,2.780881598191562,-0.3607110553982311,1,1,200,76.0,1,1,125,0,1,62,1,1,120,1,1,1,0.05137374624609947,-0.08322173357009888,0.059997670352458954,3.606034827330727e-06
/workspace/ripl/t2/region_far,best_eval_success_once.pt,rgb,1,1,2392,3,-0.0878438949584961,-0.15849223732948303,0.019999999552965164,1.3150240796990644,-0.026283517479896545,0.101023368537426,0.019999999552965164,2.2747984620496626,0.2667171343648108,0.9597743823505982,-0.6110219444442984,1,1,200,78.0,1,1,123,0,1,60,1,1,118,1,1,1,-0.019986368715763092,0.10434187948703766,0.05999881401658058,8.844403987453955e-05
/workspace/ripl/t2/region_far,best_eval_success_once.pt,rgb,1,1,2396,4,0.04623942822217941,-0.09847811609506607,0.019999999552965164,-0.6885869864818637,-0.09031657129526138,0.13055673241615295,0.019999999552965164,-1.3312304849189003,0.266654275864394,-0.6426434984370366,-0.6426434984370366,1,1,200,68.0,1,1,99,0,1,39,1,1,98,1,1,1,-0.10073741525411606,0.11505555361509323,0.0599924772977829,7.606356808895581e-06
/workspace/ripl/t2/region_far,best_eval_success_once.pt,rgb,1,1,2397,5,0.06024578958749771,0.05182602256536484,0.019999999552965164,-0.6418465022567768,0.12855829298496246,-0.27657896280288696,0.019999999552965164,-2.432689143465274,0.3354346919076056,-1.7908426412084975,-0.2200463144136009,1,1,200,87.0,1,1,114,0,1,49,1,1,104,1,1,1,0.12384447455406189,-0.28010299801826477,0.05999772995710373,3.709417143054809e-05
/workspace/ripl/t2/region_far,best_eval_success_once.pt,rgb,1,1,2409,6,0.17097367346286774,-0.09483922272920609,0.019999999552965164,0.38250912122165204,0.15797623991966248,0.2182992696762085,0.019999999552965164,-1.109688975055695,0.31340811844086924,-1.4921980962773471,0.07859823051754944,0,0,200,0.0,0,0,-1,0,1,64,0,0,-1,1,1,1,0.18185263872146606,0.19779491424560547,0.019999904558062553,0.02529127916012604
/workspace/ripl/t2/region_far,best_eval_success_once.pt,rgb,1,1,2425,7,0.10100992023944855,-0.18615669012069702,0.019999999552965164,-1.4662378370439422,0.02262851595878601,0.06987331062555313,0.019999999552965164,2.942938108050415,0.26775923106241084,-1.8740093620852285,-0.30321303529033194,1,1,200,89.0,1,1,112,0,1,52,1,1,111,1,1,1,0.013992540538311005,0.06810735166072845,0.059998903423547745,1.9163532029985758e-07
/workspace/ripl/t2/region_far,best_eval_success_once.pt,rgb,1,1,2429,8,0.1207251101732254,-0.0968344509601593,0.019999999552965164,-1.677506247953776,-0.06942225247621536,0.1435539573431015,0.019999999552965164,1.0351475530399181,0.3065005813519987,2.712653800993694,-0.4289388525960991,1,1,200,84.0,1,1,117,0,1,50,1,1,111,1,1,1,-0.07371273636817932,0.13430343568325043,0.059998709708452225,1.0869679585001996e-06
/workspace/ripl/t2/region_far,best_eval_success_once.pt,rgb,1,1,2437,9,0.13815581798553467,-0.158931165933609,0.019999999552965164,1.1117024657260002,0.006360672414302826,0.08621782809495926,0.019999999552965164,0.174302304762616,0.2783307199526513,-0.9374001609633842,0.6333961658315124,1,0,200,25.0,0,1,143,1,1,53,1,1,116,0,1,1,0.016804849728941917,0.09157313406467438,0.13226084411144257,0.006952972402118745
/workspace/ripl/t2/region_far,best_eval_success_once.pt,rgb,1,1,2438,0,0.023542262613773346,-0.15923422574996948,0.019999999552965164,1.9447638182180647,-0.06323612481355667,0.13169938325881958,0.019999999552965164,1.8394243145070608,0.3035998243994333,-0.10533950371100387,-0.10533950371100387,1,1,200,88.0,1,1,100,0,1,41,1,1,99,1,1,1,-0.05530749261379242,0.1399907022714615,0.059998251497745514,0.0007821276248383484
/workspace/ripl/t2/region_far,best_eval_success_once.pt,rgb,1,1,2441,1,-0.13628244400024414,-0.04738052934408188,0.019999999552965164,1.5487287889173709,-0.026152461767196655,0.28934839367866516,0.019999999552965164,-1.650009872027426,0.35428093455153703,3.084446646234789,-0.05714600735500408,0,0,200,0.0,0,0,-1,1,1,50,0,0,-1,0,1,1,-0.022316686809062958,0.19662031531333923,0.07718506455421448,2.062411686132313e-06
/workspace/ripl/t2/region_far,best_eval_success_once.pt,rgb,1,1,2447,2,-0.16849862039089203,-0.25107452273368835,0.019999999552965164,2.0080455852121877,-0.16269564628601074,0.10497352480888367,0.019999999552965164,-0.5578277276765413,0.3560953336781311,-2.565873312888729,0.5757193407010641,0,0,200,0.0,0,0,-1,0,0,-1,0,0,-1,1,1,1,-0.16849811375141144,-0.251076340675354,0.019999921321868896,3.9340194411409155e-07
/workspace/ripl/t2/region_far,best_eval_success_once.pt,rgb,1,1,2457,3,0.050555117428302765,-0.10285597294569016,0.019999999552965164,0.1334889121320706,-0.0042992159724235535,0.16927410662174225,0.019999999552965164,0.7309467378725762,0.27760363487932777,0.5974578257405057,0.5974578257405057,1,1,200,96.0,1,1,105,0,1,51,1,1,99,1,1,1,0.0070189060643315315,0.16686062514781952,0.05999654531478882,0.0001532367281461043
/workspace/ripl/t2/region_far,best_eval_success_once.pt,rgb,1,1,2459,4,0.0023029595613479614,-0.08526720851659775,0.019999999552965164,2.895558116310808,0.09954606741666794,0.1659148633480072,0.019999999552965164,0.911013820560532,0.26934857573701215,-1.9845442957502755,-0.4137479689553789,1,1,200,89.0,1,1,112,0,1,49,1,1,105,1,1,1,0.09261460602283478,0.16075564920902252,0.06000283360481262,0.0006866366370693644
/workspace/ripl/t2/region_far,best_eval_success_once.pt,rgb,1,1,2462,5,0.1629452109336853,0.19039741158485413,0.019999999552965164,0.574215136127818,0.10117776691913605,-0.08831896632909775,0.019999999552965164,-0.3405111397250278,0.2854786094571068,-0.9147262758528463,0.6560700509420503,0,0,200,0.0,0,0,-1,0,0,-1,0,0,-1,1,1,1,0.1629444807767868,0.1903979480266571,0.019999895244836807,8.059035112255788e-07
/workspace/ripl/t2/region_far,best_eval_success_once.pt,rgb,1,1,2466,6,0.041838888078927994,0.20530551671981812,0.019999999552965164,0.8517867311761695,0.012249283492565155,-0.1069224551320076,0.019999999552965164,0.21020968048507616,0.31362692981675183,-0.6415770506910934,-0.6415770506910934,1,1,200,98.0,1,1,103,0,1,42,1,1,96,1,1,1,-0.00014330811973195523,-0.1081378310918808,0.05999934300780296,3.245107180011319e-05
/workspace/ripl/t2/region_far,best_eval_success_once.pt,rgb,1,1,2467,7,-0.028648290783166885,-0.1372382640838623,0.019999999552965164,0.2936232714607816,0.012910425662994385,0.15610134601593018,0.019999999552965164,2.7211680226012134,0.29626888761081666,2.427544751140432,-0.7140479024493613,0,0,200,0.0,0,0,-1,1,1,45,0,1,102,0,1,1,0.018539221957325935,0.1291082501411438,0.06679614633321762,0.005674841477546998
/workspace/ripl/t2/region_far,best_eval_success_once.pt,rgb,1,1,2468,8,0.04740680009126663,-0.12734228372573853,0.019999999552965164,2.6537291760264035,0.013426654040813446,0.20466729998588562,0.019999999552965164,-0.5123098539395929,0.33374393477930964,3.11714627721359,-0.024446376376203283,1,1,200,88.0,1,1,112,0,1,50,1,1,106,1,1,1,0.028342854231595993,0.19769133627414703,0.059992268681526184,5.70228057696256e-06
/workspace/ripl/t2/region_far,best_eval_success_once.pt,rgb,1,1,2473,9,0.18166041374206543,0.15846078097820282,0.019999999552965164,0.5073098561652492,0.0676959827542305,-0.0988115444779396,0.019999999552965164,-2.491832964060192,0.28138397427002176,-2.9991428202254413,0.1424498333643518,0,0,200,0.0,0,0,-1,0,0,-1,0,0,-1,1,1,1,0.18165919184684753,0.158461332321167,0.019999900832772255,6.109930376282604e-07
/workspace/ripl/t2/region_far,best_eval_success_once.pt,rgb,1,1,2474,0,0.027066998183727264,-0.16336175799369812,0.019999999552965164,3.0408210744146866,-0.09141705930233002,0.1517486274242401,0.019999999552965164,1.9571652155127117,0.3366497094556906,-1.0836558589019747,0.48714046789292187,1,1,200,90.0,1,1,111,0,1,50,1,1,107,1,1,1,-0.09536902606487274,0.13381418585777283,0.06000367924571037,1.1154293051450763e-05
/workspace/ripl/t2/region_far,best_eval_success_once.pt,rgb,1,1,2491,1,0.11230787634849548,-0.02334635704755783,0.019999999552965164,1.6028353665663806,0.04986708611249924,0.2615950107574463,0.019999999552965164,2.314729337478151,0.29170264889418185,0.7118939709117704,0.7118939709117704,1,1,200,101.0,1,1,100,0,1,46,1,1,93,1,1,1,0.06731412559747696,0.2563927471637726,0.059995535761117935,1.1329844389308328e-06
/workspace/ripl/t2/region_far,best_eval_success_once.pt,rgb,1,1,2500,2,0.030627340078353882,0.12370666861534119,0.019999999552965164,0.48993122791467547,-0.016848325729370117,-0.17995771765708923,0.019999999552965164,2.595131174618646,0.30735321428951823,2.1051999467039706,0.534403619909074,1,1,200,100.0,1,1,101,0,1,39,1,1,91,1,1,1,-0.02242637611925602,-0.1805606186389923,0.05999147891998291,1.1065115586131175e-07
/workspace/ripl/t2/region_far,best_eval_success_once.pt,rgb,1,1,2502,3,0.02315448969602585,-0.15655484795570374,0.019999999552965164,-2.0412581046816793,-0.013069186359643936,0.1681986153125763,0.019999999552965164,-2.7515922046319368,0.3267674503553379,-0.7103340999502574,-0.7103340999502574,1,1,200,88.0,1,1,103,0,1,46,1,1,96,1,1,1,-0.015292382799088955,0.17495951056480408,0.06000417098402977,0.0011904568812247174
/workspace/ripl/t2/region_far,best_eval_success_once.pt,rgb,1,1,2512,4,-0.013774916529655457,0.22362574934959412,0.019999999552965164,2.506936506307569,-0.05000360310077667,-0.0804511085152626,0.019999999552965164,-2.915787285739297,0.30622745340617785,0.8604615151327195,-0.710334811662177,1,1,200,46.0,1,1,111,0,1,53,1,1,106,1,1,1,-0.061361994594335556,-0.0702173262834549,0.05999702215194702,5.649313995666279e-07
/workspace/ripl/t2/region_far,best_eval_success_once.pt,rgb,1,1,2515,5,0.1426268219947815,-0.16841638088226318,0.019999999552965164,-2.168545578708171,0.035076215863227844,0.09978049248456955,0.019999999552965164,0.6232827120925566,0.2889579480876231,2.7918282908007277,-0.3497643627890654,1,1,200,84.0,1,1,117,0,1,55,1,1,112,1,1,1,0.03595305234193802,0.09998474270105362,0.05999760702252388,4.9212790945303125e-05
/workspace/ripl/t2/region_far,best_eval_success_once.pt,rgb,1,1,2516,6,0.0018300935626029968,-0.12322105467319489,0.019999999552965164,3.031008248033237,0.0836838111281395,0.12393902987241745,0.019999999552965164,0.13605877674898936,0.2603615533674142,-2.8949494712842476,0.2466431823055455,1,1,200,106.0,1,1,95,0,1,36,1,1,87,1,1,1,0.0857221707701683,0.13491415977478027,0.0599961094558239,3.2607676867319335e-06
/workspace/ripl/t2/region_far,best_eval_success_once.pt,rgb,1,1,2517,7,0.036666106432676315,-0.040684774518013,0.019999999552965164,-1.300803046685715,-0.12966351211071014,-0.2711240351200104,0.019999999552965164,2.277742367825746,0.2841967537316071,-2.7046398926681254,0.4369527609216677,0,0,200,0.0,0,0,-1,1,1,42,0,0,-1,0,1,1,0.002044758992269635,-0.029863784089684486,0.1303725242614746,1.1328803186862595e-06
/workspace/ripl/t2/region_far,best_eval_success_once.pt,rgb,1,1,2527,8,0.03334570676088333,0.03860097378492355,0.019999999552965164,-2.07976898924203,-0.13930901885032654,0.23399990797042847,0.019999999552965164,0.3850572735429387,0.260749684097054,2.464826262784969,-0.6767663908048243,0,0,200,0.0,0,0,-1,0,1,38,0,0,-1,1,1,1,-0.13763560354709625,0.19479431211948395,0.01999998465180397,0.03146005268574901
/workspace/ripl/t2/region_far,best_eval_success_once.pt,rgb,1,1,2530,9,-0.06849416345357895,-0.12161068618297577,0.019999999552965164,2.9178154415150805,-0.13964708149433136,0.17644506692886353,0.019999999552965164,1.3051645236548917,0.3064310194950566,-1.612650917860189,-0.041854591065292546,0,0,200,0.0,0,0,-1,0,1,43,0,0,-1,0,1,1,-0.14972734451293945,0.2071961909532547,0.0202342439442873,0.019893986572807807
/workspace/ripl/t2/region_far,best_eval_success_once.pt,rgb,1,1,2532,0,0.01205039769411087,-0.07962147146463394,0.019999999552965164,-2.5932353047524934,0.07183265686035156,0.2550365924835205,0.019999999552965164,2.6635842067578825,0.3399557887086887,-1.0263657956692107,0.5444305311256858,0,0,200,0.0,0,0,-1,1,1,36,0,1,87,0,1,1,0.03181357681751251,0.2872615158557892,0.02086774632334709,0.03467064036091263
/workspace/ripl/t2/region_far,best_eval_success_once.pt,rgb,1,1,2535,1,-0.003578402101993561,-0.01730046421289444,0.019999999552965164,-1.2455567144672042,-0.16608993709087372,0.2352772057056427,0.019999999552965164,-0.7172769191681967,0.3003422686634692,0.5282797952990075,0.5282797952990075,1,1,200,83.0,1,1,118,0,1,59,1,1,112,1,1,1,-0.16081564128398895,0.2351902425289154,0.05999938026070595,1.1636270883890771e-06
/workspace/ripl/t2/region_far,best_eval_success_once.pt,rgb,1,1,2556,2,0.10753913223743439,0.21608752012252808,0.019999999552965164,1.7963930242229151,-0.02724137157201767,-0.09181723743677139,0.019999999552965164,-0.45011882501222145,0.3361117729785446,-2.2465118492351364,-0.6757155224402398,1,1,200,24.0,1,1,177,0,1,50,1,1,177,1,1,1,-0.01904028281569481,-0.10653944313526154,0.059996675699949265,0.01924006909714836
/workspace/ripl/t2/region_far,best_eval_success_once.pt,rgb,1,1,2562,3,0.04575492441654205,-0.16031986474990845,0.019999999552965164,3.0184161610046187,-0.050409235060214996,0.10878672450780869,0.019999999552965164,-0.8117788755044493,0.2857724653457587,2.4529902706705187,-0.6886023829192744,1,1,200,99.0,1,1,102,0,1,42,1,1,97,1,1,1,-0.054700158536434174,0.12122198194265366,0.05999321490526199,8.662196410672258e-05
/workspace/ripl/t2/region_far,best_eval_success_once.pt,rgb,1,1,2571,4,0.049913182854652405,-0.2305973768234253,0.019999999552965164,0.017444537679302652,-0.08695737272500992,0.022137679159641266,0.019999999552965164,0.04273612055307163,0.2874170445666875,0.02529158287376898,0.02529158287376898,1,1,200,56.0,1,1,137,0,1,77,1,1,136,1,1,1,-0.08038881421089172,0.0376085564494133,0.05999152734875679,0.003378962723662465
/workspace/ripl/t2/region_far,best_eval_success_once.pt,rgb,1,1,2575,5,-0.08238282054662704,0.0760030448436737,0.019999999552965164,2.501724996584137,-0.05323445796966553,-0.21155719459056854,0.019999999552965164,1.5904447058035702,0.28903376678927456,-0.9112802907805664,0.6595160360143302,1,1,200,63.0,1,1,108,0,1,43,1,1,100,1,1,1,-0.038673341274261475,-0.22507616877555847,0.06000112369656563,9.918988372448422e-05
/workspace/ripl/t2/region_far,best_eval_success_once.pt,rgb,1,1,2578,6,0.0635785385966301,0.2385750710964203,0.019999999552965164,2.7342355640146807,-0.10371911525726318,-0.012659639120101929,0.019999999552965164,-0.8696172424770987,0.3018399983477952,2.6793325006878064,-0.46226015290198674,1,0,200,19.0,0,1,109,0,1,47,0,1,104,1,1,1,-0.05581509694457054,0.034937769174575806,0.020000023767352104,0.005049916821483946
/workspace/ripl/t2/region_far,best_eval_success_once.pt,rgb,1,1,2593,7,0.09461946040391922,0.042186468839645386,0.019999999552965164,-1.270538706333526,-0.09805735945701599,-0.20249351859092712,0.019999999552965164,-2.1410563850009137,0.31143643518501235,-0.8705176786673876,0.700278648127509,0,0,200,0.0,0,0,-1,0,1,44,0,1,104,1,1,1,-0.013313136994838715,-0.08802849054336548,0.01999998651444912,0.0002195531655578148
/workspace/ripl/t2/region_far,best_eval_success_once.pt,rgb,1,1,2596,8,0.107658252120018,-0.26045310497283936,0.019999999552965164,-0.8312343230755728,0.1280674934387207,0.1062946543097496,0.019999999552965164,2.383364345748797,0.36731519988969263,-3.0685866383552165,0.07300601523457662,0,0,200,0.0,0,0,-1,0,1,81,0,0,-1,1,1,1,0.1039477288722992,-0.2774237096309662,0.019999919459223747,3.8078225669803136e-07
/workspace/ripl/t2/region_far,best_eval_success_once.pt,rgb,1,1,2600,9,0.1570904552936554,0.12121352553367615,0.019999999552965164,-2.378758069567885,0.13329899311065674,-0.2648206353187561,0.019999999552965164,-2.4797382379835122,0.38676660535502105,-0.10098016841562707,-0.10098016841562707,0,0,200,0.0,0,0,-1,0,1,64,0,1,179,1,1,1,0.10333726555109024,-0.330881804227829,0.019999895244836807,0.00475675924286967
/workspace/ripl/t2/region_far,best_eval_success_once.pt,rgb,1,1,2604,0,0.0439419150352478,0.1672593504190445,0.019999999552965164,0.5464526009516164,0.0036047399044036865,-0.20063276588916779,0.019999999552965164,-1.4804723972406046,0.3700968750736374,-2.0269249981922215,-0.45612867139732494,1,1,200,102.0,1,1,99,0,1,42,1,1,93,1,1,1,-0.004178044851869345,-0.1991237848997116,0.05999764800071716,8.595643518742132e-07
/workspace/ripl/t2/region_far,best_eval_success_once.pt,rgb,1,1,2624,1,0.018074236810207367,-0.11852621287107468,0.019999999552965164,-0.6290510483913176,0.05403035134077072,0.16671663522720337,0.019999999552965164,2.1360599340195416,0.2875001296753661,2.7651109824108593,-0.37648167117893383,1,1,200,107.0,1,1,93,0,1,40,1,1,87,1,1,1,0.06760024279356003,0.15912404656410217,0.05999203771352768,0.0025767901205906436
/workspace/ripl/t2/region_far,best_eval_success_once.pt,rgb,1,1,2635,2,0.011607088148593903,-0.15242338180541992,0.019999999552965164,2.018501906058175,0.1669468730688095,0.1180856004357338,0.019999999552965164,-2.334604401155964,0.3119383885516556,1.9300789999654473,0.35928267317055074,1,1,200,71.0,1,1,130,0,1,49,1,1,105,1,1,1,0.16610005497932434,0.1297890543937683,0.059998348355293274,0.00350768236684092
/workspace/ripl/t2/region_far,best_eval_success_once.pt,rgb,1,1,2638,3,0.13100525736808777,0.11224446445703506,0.019999999552965164,-0.7171547788534416,0.11293330788612366,-0.20503193140029907,0.019999999552965164,1.1860438973888936,0.3177906649451781,1.9031986762423352,0.3324023494474386,1,1,200,91.0,1,1,110,0,1,51,1,1,105,1,1,1,0.1007242351770401,-0.21082846820354462,0.05999540165066719,1.9533740046859865e-06
/workspace/ripl/t2/region_far,best_eval_success_once.pt,rgb,1,1,2650,4,-0.07441087067127228,0.285418301820755,0.019999999552965164,0.1309703521042911,0.07192077487707138,-0.02727944403886795,0.019999999552965164,-0.4483440695312084,0.3452431472956059,-0.5793144216354995,-0.5793144216354995,0,0,200,0.0,0,0,-1,0,0,-1,0,0,-1,1,1,1,-0.07441139966249466,0.2854178845882416,0.01999993808567524,0.0024197379618399947
/workspace/ripl/t2/region_far,best_eval_success_once.pt,rgb,1,1,2653,5,0.07108527421951294,-0.0892217680811882,0.019999999552965164,0.3518785802366162,0.016986478120088577,0.16832584142684937,0.019999999552965164,0.5627137365808745,0.2631681038855425,0.2108351563442583,0.2108351563442583,0,0,200,0.0,0,0,-1,1,1,47,1,1,98,0,1,1,0.010066158138215542,0.17133912444114685,0.06324852257966995,0.004575054527050229
/workspace/ripl/t2/region_far,best_eval_success_once.pt,rgb,1,1,2655,6,-0.07711725682020187,0.05893414467573166,0.019999999552965164,-0.4899285441721748,-0.02604547142982483,-0.2547920346260071,0.019999999552965164,-0.4759591271546011,0.317856009605336,0.013969417017573704,0.013969417017573704,1,0,200,69.0,0,1,113,0,1,45,1,1,101,0,1,1,-0.03225068747997284,-0.27277424931526184,0.059987444430589676,0.0009649462879935531
/workspace/ripl/t2/region_far,best_eval_success_once.pt,rgb,1,1,2656,7,-0.047087661921978,-0.2130410373210907,0.019999999552965164,-2.9651399136205105,-0.03264947235584259,0.06813587248325348,0.019999999552965164,3.0649097064879847,0.2815473600037265,-0.253135687071091,-0.253135687071091,1,1,200,33.0,1,1,106,0,1,46,1,1,96,1,1,1,-0.05046382546424866,0.0713307112455368,0.05999714136123657,2.447561086890423e-06
/workspace/ripl/t2/region_far,best_eval_success_once.pt,rgb,1,1,2657,8,-0.02066545933485031,0.1903056800365448,0.019999999552965164,-1.79889273797302,-0.16206295788288116,-0.0971878245472908,0.019999999552965164,1.9226195491925693,0.320383782007667,-2.5616730200139965,0.5799196335757966,1,1,200,92.0,1,1,109,0,1,47,1,1,106,1,1,1,-0.16779057681560516,-0.0919877141714096,0.059997059404850006,8.141613211473816e-07
/workspace/ripl/t2/region_far,best_eval_success_once.pt,rgb,1,1,2665,9,0.05260438472032547,-0.09330633282661438,0.019999999552965164,0.5506774441513604,-0.08102300018072128,0.16293853521347046,0.019999999552965164,1.8924436554049322,0.28899430858128156,1.3417662112535718,-0.2290301155413248,1,1,200,105.0,1,1,96,0,1,39,1,1,95,1,1,1,-0.07480435818433762,0.159551739692688,0.0600011944770813,1.222826185815626e-06
/workspace/ripl/t2/region_far,best_eval_success_once.pt,rgb,1,1,2666,0,-0.06592730432748795,-0.06547947973012924,0.019999999552965164,-1.0376651551050777,-0.03113950788974762,0.20865681767463684,0.019999999552965164,1.001267409155175,0.2763347613598188,2.0389325642602527,0.46813623746535615,1,1,200,89.0,1,1,112,0,1,49,1,1,110,1,1,1,-0.035652682185173035,0.20625409483909607,0.05999543517827988,1.7227604884542715e-06
/workspace/ripl/t2/region_far,best_eval_success_once.pt,rgb,1,1,2675,1,0.007864456623792648,-0.26285961270332336,0.019999999552965164,-2.5283275208639377,0.08437906205654144,-0.0015525221824645996,0.019999999552965164,1.5169371353476437,0.27227904877350645,-2.2379206509680047,-0.6671243241731082,0,0,200,0.0,0,0,-1,0,1,40,0,0,-1,1,1,1,0.014570748433470726,-0.28762930631637573,0.019999941810965538,8.622237762078375e-07
/workspace/ripl/t2/region_far,best_eval_success_once.pt,rgb,1,1,2679,2,0.012332901358604431,-0.06925616413354874,0.019999999552965164,0.9182782204054729,0.041919074952602386,0.24833089113235474,0.019999999552965164,1.7957353095951605,0.31896219108289653,0.8774570891896873,-0.6933392376052092,0,0,200,0.0,0,0,-1,1,1,38,0,1,96,0,1,1,-0.03949633240699768,0.24564017355442047,0.021842317655682564,0.0025523616909030144
/workspace/ripl/t2/region_far,best_eval_success_once.pt,rgb,1,1,2697,3,-0.17236477136611938,-0.15388944745063782,0.019999999552965164,2.513925793367007,-0.09809032827615738,0.11324800550937653,0.019999999552965164,-0.9880344904625993,0.27727082729758623,2.78122502334998,-0.36036763023981333,0,0,200,0.0,0,0,-1,1,1,80,0,0,-1,0,1,1,-0.06807958334684372,0.06017323210835457,0.08620565384626389,1.04300145286522e-06
/workspace/ripl/t2/region_far,best_eval_success_once.pt,rgb,1,1,2705,4,0.12933595478534698,0.22363558411598206,0.019999999552965164,3.0270419172152794,0.17827725410461426,-0.09081939607858658,0.019999999552965164,-0.9653275860690336,0.3182407663204459,2.2908158038952733,0.7200194771003767,0,0,200,0.0,0,0,-1,1,1,56,0,0,-1,0,1,1,0.12069451063871384,-0.028310416266322136,0.11688341200351715,0.018142295483110256
/workspace/ripl/t2/region_far,best_eval_success_once.pt,rgb,1,1,2712,5,0.12869982421398163,-0.18031874299049377,0.019999999552965164,-2.4215350692446833,-0.02255835384130478,0.11200124025344849,0.019999999552965164,-0.3565343111336432,0.32913524428772956,2.06500075811104,0.49420443131614356,0,0,200,0.0,0,0,-1,0,1,55,0,1,113,1,1,1,-0.03848753497004509,0.047162339091300964,0.019999932497739792,5.033327456471553e-05
/workspace/ripl/t2/region_far,best_eval_success_once.pt,rgb,1,1,2713,6,-0.10809026658535004,-0.2089160531759262,0.019999999552965164,0.26221485642901055,-0.021488912403583527,0.12014009058475494,0.019999999552965164,-0.16345864701179202,0.3402612823886459,-0.42567350344080257,-0.42567350344080257,0,0,200,0.0,0,0,-1,1,1,45,0,0,-1,0,1,1,-0.010047182440757751,0.0323915109038353,0.1235857903957367,0.0027242947096075896
/workspace/ripl/t2/region_far,best_eval_success_once.pt,rgb,1,1,2715,7,-0.06698805093765259,-0.16115804016590118,0.019999999552965164,2.4938760463619594,-0.12314923107624054,0.13377638161182404,0.019999999552965164,1.8955761374316258,0.3002338943289382,-0.5982999089303336,-0.5982999089303336,1,0,200,34.0,0,1,108,0,1,43,0,1,100,0,1,1,-0.11658419668674469,0.13911180198192596,0.04820500686764717,0.048115592122268715
/workspace/ripl/t2/region_far,best_eval_success_once.pt,rgb,1,1,2727,8,0.04762079566717148,-0.09191473573446274,0.019999999552965164,-2.0890916480768205,-0.10753719508647919,0.24319404363632202,0.019999999552965164,1.717137908434078,0.36928565651279666,-2.4769557506686875,0.6646369029211057,1,1,200,102.0,1,1,99,0,1,40,1,1,93,1,1,1,-0.09279613196849823,0.24897506833076477,0.059992410242557526,3.108821156824262e-06
/workspace/ripl/t2/region_far,best_eval_success_once.pt,rgb,1,1,2738,9,0.11491110920906067,0.05041278898715973,0.019999999552965164,-2.4099968506677714,-0.00709880143404007,-0.21022498607635498,0.019999999552965164,-1.5278076444201725,0.28778198012592227,0.8821892062475989,-0.6886071205472977,1,0,200,39.0,0,1,124,0,1,49,0,1,117,0,1,1,-0.03490014746785164,-0.21377228200435638,0.054860830307006836,0.006536884191854213
/workspace/ripl/t2/region_far,best_eval_success_once.pt,rgb,1,1,2742,0,0.012015767395496368,0.21692267060279846,0.019999999552965164,-2.3401673088400132,0.04525476321578026,-0.05719636380672455,0.019999999552965164,1.3288071094004137,0.27612691985525445,-2.6142108889391595,0.5273817646506336,1,1,200,103.0,1,1,98,0,1,44,1,1,95,1,1,1,0.04397781193256378,-0.06919975578784943,0.05999881401658058,1.379509755057132e-05
/workspace/ripl/t2/region_far,best_eval_success_once.pt,rgb,1,1,2767,1,-0.07484365999698639,0.08165549486875534,0.019999999552965164,0.6825623004036139,0.08796942979097366,-0.1909661740064621,0.019999999552965164,1.2722871646747498,0.31753846467256697,0.5897248642711359,0.5897248642711359,0,0,200,0.0,0,0,-1,1,1,42,0,0,-1,0,1,1,0.060161277651786804,-0.24713502824306488,0.11756113916635513,0.0021318050415657127
/workspace/ripl/t2/region_far,best_eval_success_once.pt,rgb,1,1,2777,2,0.08093852549791336,0.1642932891845703,0.019999999552965164,0.5476367719587856,0.014372862875461578,-0.18422511219978333,0.019999999552965164,1.036721980965182,0.3548183528847846,0.4890852090063964,0.4890852090063964,0,0,200,0.0,0,0,-1,1,1,44,0,1,103,0,1,1,0.0593213215470314,-0.1400804966688156,0.11464522778987885,0.003034123864065094
/workspace/ripl/t2/region_far,best_eval_success_once.pt,rgb,1,1,2782,3,0.060854338109493256,-0.06983652710914612,0.019999999552965164,2.124173022010762,-0.012020796537399292,0.2287750542163849,0.019999999552965164,0.9890996855018113,0.30737544103512393,-1.1350733365089507,0.43572299028594585,0,0,200,0.0,0,0,-1,1,1,45,0,1,97,0,1,1,-0.008420269936323166,0.3136424124240875,0.02421427145600319,0.07534708288135893
/workspace/ripl/t2/region_far,best_eval_success_once.pt,rgb,1,1,2786,4,0.007394216954708099,-0.293539822101593,0.019999999552965164,0.5169002789465114,-0.1155502200126648,0.033764615654945374,0.019999999552965164,-1.9184868317350352,0.3496334216809772,-2.435387110681546,0.706205542908247,1,1,200,71.0,1,1,130,0,1,69,1,1,125,1,1,1,-0.11672031134366989,0.023836690932512283,0.06000182777643204,0.00017049561191395993
/workspace/ripl/t2/region_far,best_eval_success_once.pt,rgb,1,1,2793,5,0.03568734973669052,0.05445166677236557,0.019999999552965164,2.4159973143694264,-0.036729663610458374,-0.23351618647575378,0.019999999552965164,1.925415587020133,0.29693384503362286,-0.4905817273492934,-0.4905817273492934,0,0,200,0.0,0,0,-1,0,1,46,0,0,-1,1,1,1,-0.09553691744804382,-0.27081069350242615,0.019999902695417404,0.029013195672352433
/workspace/ripl/t2/region_far,best_eval_success_once.pt,rgb,1,1,2803,6,0.1526361107826233,0.08059777319431305,0.019999999552965164,-1.5295370492648912,0.08988850563764572,-0.19887903332710266,0.019999999552965164,1.4795317601026154,0.28643419372490925,3.0090688093675064,-0.1325238442222867,0,0,200,0.0,0,0,-1,0,1,55,0,1,108,1,1,1,0.06690438836812973,-0.1998845338821411,0.019999925047159195,0.019252864027210548
/workspace/ripl/t2/region_far,best_eval_success_once.pt,rgb,1,1,2805,7,0.11305738985538483,-0.1778823435306549,0.019999999552965164,0.8180716246287911,0.05417800694704056,0.13421878218650818,0.019999999552965164,0.9444101363718578,0.31760650875822405,0.12633851174306665,0.12633851174306665,1,0,200,10.0,0,1,112,1,1,49,0,1,103,0,1,1,0.014036720618605614,0.21689075231552124,0.11641214042901993,0.005655856325952824
/workspace/ripl/t2/region_far,best_eval_success_once.pt,rgb,1,1,2809,8,-0.016073375940322876,-0.2389785349369049,0.019999999552965164,2.8603424948418157,0.02096707373857498,0.037160784006118774,0.019999999552965164,-1.569823611253665,0.278612487837017,1.8530192010841056,0.282222874289209,1,1,200,98.0,1,1,103,0,1,47,1,1,98,1,1,1,0.006739017087966204,0.03722250834107399,0.0599956251680851,3.2814336478292235e-06
/workspace/ripl/t2/region_far,best_eval_success_once.pt,rgb,1,1,2815,9,0.022008180618286133,-0.1670498251914978,0.019999999552965164,1.1862359966903007,-0.07401148229837418,0.15153740346431732,0.019999999552965164,0.6865616793769114,0.3327425400053647,-0.4996743173133895,-0.4996743173133895,1,1,200,101.0,1,1,100,0,1,41,1,1,99,1,1,1,-0.07959996163845062,0.14692158997058868,0.05999930202960968,7.807127772229753e-07
/workspace/ripl/t2/region_far,best_eval_success_once.pt,rgb,1,1,2819,0,-0.18302235007286072,-0.131649911403656,0.019999999552965164,-0.2682202530515223,-0.03006289154291153,0.09139081835746765,0.019999999552965164,-2.886459178229906,0.2704510363931886,-2.6182389251783835,0.5233537284114096,0,0,200,0.0,0,0,-1,0,1,60,0,1,118,1,1,1,-0.026575230062007904,0.018354982137680054,0.019999941810965538,0.01362001143768459
/workspace/ripl/t2/region_far,best_eval_success_once.pt,rgb,1,1,2834,1,-0.019134964793920517,0.178553968667984,0.019999999552965164,-2.084072783419976,0.07495704293251038,-0.1030181273818016,0.019999999552965164,-1.9069809267956987,0.29687733357711976,0.17709185662427718,0.17709185662427718,1,1,200,107.0,1,1,94,0,1,35,1,1,88,1,1,1,0.06279227137565613,-0.11123739182949066,0.05999607965350151,2.8997406990287164e-06
/workspace/ripl/t2/region_far,best_eval_success_once.pt,rgb,1,1,2844,2,-0.05998573452234268,-0.0808200091123581,0.019999999552965164,1.538682267609837,-0.04648120701313019,0.21189364790916443,0.019999999552965164,3.0427393914888263,0.2930250113388968,1.5040571238789893,-0.06673920291590729,1,1,200,100.0,1,1,101,0,1,41,1,1,96,1,1,1,-0.04533012956380844,0.208897203207016,0.059999462217092514,1.1618188460887839e-06
/workspace/ripl/t2/region_far,best_eval_success_once.pt,rgb,1,1,2847,3,-0.03187265619635582,-0.14665409922599792,0.019999999552965164,-1.1059362675539521,-0.1442544162273407,0.2039421796798706,0.019999999552965164,-0.8300512594987794,0.368167639493619,0.2758850080551727,0.2758850080551727,1,1,200,90.0,1,1,111,0,1,48,1,1,103,1,1,1,-0.14445511996746063,0.20091187953948975,0.05999794602394104,1.303234124427213e-06
/workspace/ripl/t2/region_far,best_eval_success_once.pt,rgb,1,1,2848,4,-0.06508077681064606,-0.14126038551330566,0.019999999552965164,-1.7162244513711364,0.0037267208099365234,0.15158826112747192,0.019999999552965164,-3.01923353248203,0.30082353891964886,-1.3030090811108934,0.26778724568400314,0,0,200,0.0,0,0,-1,0,1,37,0,1,92,1,1,1,0.005337017588317394,0.06588725000619888,0.01999998278915882,0.0021459341431783662
/workspace/ripl/t2/region_far,best_eval_success_once.pt,rgb,1,1,2854,5,0.035035502165555954,0.14971289038658142,0.019999999552965164,-0.3834560708737893,-0.14273791015148163,-0.11130288988351822,0.019999999552965164,-2.444822876577021,0.3158047239622175,-2.0613668057032317,-0.49057047890833516,0,0,200,0.0,0,0,-1,1,1,46,0,1,107,0,1,1,-0.0965040996670723,-0.06455850601196289,0.12569916248321533,0.010695806323276725
/workspace/ripl/t2/region_far,best_eval_success_once.pt,rgb,1,1,2863,6,0.03343508392572403,0.23684343695640564,0.019999999552965164,2.5042280934755032,0.13431841135025024,-0.016160152852535248,0.019999999552965164,2.5564195978735187,0.2723752231911981,0.052191504398015454,0.052191504398015454,1,1,200,94.0,1,1,107,0,1,44,1,1,96,1,1,1,0.12477477639913559,-0.021334055811166763,0.05999550223350525,3.0874100477782975e-06
/workspace/ripl/t2/region_far,best_eval_success_once.pt,rgb,1,1,2867,7,0.07916026562452316,-0.05198625475168228,0.019999999552965164,0.05925450698031742,-0.04278324171900749,0.2263912558555603,0.019999999552965164,-0.5000737408062301,0.3039148851160916,-0.5593282477865475,-0.5593282477865475,1,1,200,98.0,1,1,103,0,1,48,1,1,100,1,1,1,-0.04857494682073593,0.22593830525875092,0.05999886244535446,1.0188788147644217e-06
/workspace/ripl/t2/region_far,best_eval_success_once.pt,rgb,1,1,2871,8,0.07515359669923782,-0.12342029809951782,0.019999999552965164,-2.993383000251592,0.008949853479862213,0.19355984032154083,0.019999999552965164,-1.4474504119382292,0.3238199249115016,1.545932588313363,-0.02486373848153356,0,0,200,0.0,0,0,-1,0,1,51,0,1,103,1,1,1,0.17001552879810333,0.22869734466075897,0.01999988965690136,0.07991733546011083
/workspace/ripl/t2/region_far,best_eval_success_once.pt,rgb,1,1,2874,9,0.12084086239337921,-0.15881407260894775,0.019999999552965164,2.9302863868259394,0.11815139651298523,0.12223072350025177,0.019999999552965164,0.8986637222713281,0.28105766427333617,-2.031622664554611,-0.4608263377597144,1,1,200,90.0,1,1,111,0,1,52,1,1,107,1,1,1,0.10718764364719391,0.12018930166959763,0.059993062168359756,6.922712083578281e-06
/workspace/ripl/t2/region_far,best_eval_success_once.pt,rgb,1,1,2883,0,0.03170790523290634,0.20138686895370483,0.019999999552965164,0.6920246440963576,0.05050097405910492,-0.11083488911390305,0.019999999552965164,-1.1751091625877743,0.3127868373936699,-1.8671338066841319,-0.2963374798892353,0,0,200,0.0,0,0,-1,0,1,48,0,1,101,1,1,1,0.03902776911854744,-0.041814882308244705,0.019999993965029716,0.008762176077402246
/workspace/ripl/t2/region_far,best_eval_success_once.pt,rgb,1,1,2884,1,0.07691042125225067,0.21955490112304688,0.019999999552965164,2.61258911777319,-0.014487408101558685,-0.10040947049856186,0.019999999552965164,-1.154249915872695,0.33276232106084214,2.516346273533701,-0.6252463800560921,0,0,200,0.0,0,0,-1,0,1,45,0,0,-1,0,1,1,-0.13139218091964722,-0.11771237850189209,0.019935525953769684,0.014896193121313635
/workspace/ripl/t2/region_far,best_eval_success_once.pt,rgb,1,1,2891,2,-0.07166299223899841,0.14725491404533386,0.019999999552965164,-1.6914165856046255,0.01626201719045639,-0.1154819205403328,0.019999999552965164,2.389706097964454,0.2770585705789765,-2.202062623610507,-0.6312662968156104,1,0,200,35.0,0,1,97,0,1,39,1,1,91,0,1,1,-0.0008475107606500387,-0.11527928709983826,0.059994157403707504,0.002133369319160247
/workspace/ripl/t2/region_far,best_eval_success_once.pt,rgb,1,1,2895,3,0.117426298558712,0.12903007864952087,0.019999999552965164,-1.0312331510070587,-0.003408282995223999,-0.17704758048057556,0.019999999552965164,2.3110286796897324,0.32906614763277353,-2.940923476482795,0.20066917710699794,1,0,200,39.0,0,1,112,0,1,51,0,1,106,1,1,1,0.04334990307688713,-0.11916302144527435,0.019999893382191658,0.0006302667802220019
/workspace/ripl/t2/region_far,best_eval_success_once.pt,rgb,1,1,2900,4,0.025360696017742157,0.1864767074584961,0.019999999552965164,-1.5519913388450082,0.0225394144654274,-0.1303403675556183,0.019999999552965164,-1.6171980177294198,0.3168296366347321,-0.06520667888441167,-0.06520667888441167,0,0,200,0.0,0,0,-1,0,1,43,0,1,95,1,1,1,-0.029101537540555,-0.14582963287830353,0.019999919459223747,0.029471045476180246
/workspace/ripl/t2/region_far,best_eval_success_once.pt,rgb,1,1,2901,5,-0.05009525269269943,-0.17352530360221863,0.019999999552965164,2.318831912333527,-0.019438251852989197,0.13984030485153198,0.019999999552965164,-2.1258480187111086,0.3148616462227105,1.8385053761349504,0.2677090493400538,1,1,200,103.0,1,1,98,0,1,39,1,1,93,1,1,1,-0.021493345499038696,0.13152039051055908,0.05999830737709999,2.3457499580727762e-06
/workspace/ripl/t2/region_far,best_eval_success_once.pt,rgb,1,1,2902,6,0.03785809874534607,-0.16695347428321838,0.019999999552965164,2.5958145921264695,-0.009844325482845306,0.11658785492181778,0.019999999552965164,-1.0432970789447378,0.28752601037924386,2.644073636108379,-0.49751901748141414,1,1,200,100.0,1,1,101,0,1,45,1,1,97,1,1,1,-0.020302070304751396,0.12007053196430206,0.060006074607372284,1.1845138117841408e-06
/workspace/ripl/t2/region_far,best_eval_success_once.pt,rgb,1,1,2903,7,-0.15490518510341644,0.1022457554936409,0.019999999552965164,-2.21576960280526,-0.0003373473882675171,-0.11242777854204178,0.019999999552965164,-1.6046903091689808,0.264529663121749,0.611079293636279,0.611079293636279,1,1,200,64.0,1,1,137,0,1,66,1,1,125,1,1,1,-0.010331748053431511,-0.11614944040775299,0.05999519303441048,0.0006603119039099433
/workspace/ripl/t2/region_far,best_eval_success_once.pt,rgb,1,1,2908,8,0.06625673174858093,-0.23503248393535614,0.019999999552965164,2.6159780674419535,-0.00030449777841567993,0.10523383319377899,0.019999999552965164,-1.2998277911967584,0.34671539315232414,2.3673794485408743,-0.7742132050489188,1,1,200,58.0,1,1,120,0,1,54,1,1,112,1,1,1,-0.0011408388381823897,0.09913402050733566,0.059998609125614166,0.00759928874196248
/workspace/ripl/t2/region_far,best_eval_success_once.pt,rgb,1,1,2920,9,-0.0002468526363372803,0.23671647906303406,0.019999999552965164,-2.4264463294374403,0.08449142426252365,-0.05970937758684158,0.019999999552965164,1.8306020872811097,0.30829995793447756,-2.0261368904610357,-0.4553405636661392,1,0,200,1.0,0,1,91,0,1,40,0,1,89,1,1,1,0.06257616728544235,0.006150681059807539,0.01999988965690136,0.00886704962252451
/workspace/ripl/t2/region_far,best_eval_success_once.pt,rgb,1,1,2923,0,-0.08103691041469574,0.2052234709262848,0.019999999552965164,-2.647646731642274,-0.05935327708721161,-0.07320114225149155,0.019999999552965164,0.10613154632949806,0.2792676944751669,2.753778277971772,-0.38781437561802123,0,0,200,0.0,0,0,-1,1,1,40,1,1,97,0,1,1,-0.010467425920069218,-0.08945564925670624,0.060125742107629776,0.0234470489795415
/workspace/ripl/t2/region_far,best_eval_success_once.pt,rgb,1,1,2925,1,-0.1259072721004486,-0.11622800678014755,0.019999999552965164,1.9583161502666526,0.05834456533193588,0.23434516787528992,0.019999999552965164,-1.6715258542705076,0.39604329357432844,2.6533433026424262,-0.4882493509473669,0,0,200,0.0,0,0,-1,0,1,57,0,0,-1,1,1,1,0.051078107208013535,0.1736404150724411,0.019999919459223747,0.0002066243714248885
/workspace/ripl/t2/region_far,best_eval_success_once.pt,rgb,1,1,2928,2,0.004263546317815781,-0.1635114848613739,0.019999999552965164,-2.804197577936762,-0.06719189882278442,0.1477964222431183,0.019999999552965164,-1.342194951821388,0.3194033400984098,1.4620026261153738,-0.10879370067952276,1,1,200,96.0,1,1,105,0,1,41,1,1,104,1,1,1,-0.08176317811012268,0.1508549600839615,0.05999675393104553,1.8706744702428836e-06
/workspace/ripl/t2/region_far,best_eval_success_once.pt,rgb,1,1,2930,3,-0.0942743569612503,-0.2132301926612854,0.019999999552965164,1.1194498269730517,-0.07859845459461212,0.059442467987537384,0.019999999552965164,0.9309773157942987,0.2731228913517072,-0.18847251117875308,-0.18847251117875308,1,1,200,80.0,1,1,121,0,1,60,1,1,117,1,1,1,-0.10101484507322311,0.05337744578719139,0.05999969691038132,0.00011745486993911436
/workspace/ripl/t2/region_far,best_eval_success_once.pt,rgb,1,1,2932,4,0.02560322731733322,0.25237420201301575,0.019999999552965164,-0.10536605955712197,0.04882187396287918,-0.0572555735707283,0.019999999552965164,0.37553058531000216,0.31049911993448615,0.48089664486712413,0.48089664486712413,0,0,200,0.0,0,0,-1,0,1,47,0,1,100,1,1,1,0.018478838726878166,-0.10205934941768646,0.01999991200864315,0.007269479707107543
/workspace/ripl/t2/region_far,best_eval_success_once.pt,rgb,1,1,2937,5,0.004680093377828598,0.2699262499809265,0.019999999552965164,1.1555597363916286,0.02611331269145012,-0.01912134885787964,0.019999999552965164,2.9267275499228886,0.2898411587139156,1.77116781353126,0.2003714867363635,1,1,200,85.0,1,1,116,0,1,62,1,1,114,1,1,1,0.013161986134946346,-0.03187650069594383,0.059997595846652985,9.455741536752024e-06
/workspace/ripl/t2/region_far,best_eval_success_once.pt,rgb,1,1,2940,6,0.05461544543504715,-0.19171634316444397,0.019999999552965164,-1.1882818639419295,0.03464172035455704,0.08931819349527359,0.019999999552965164,0.9957059122370531,0.2817434302501713,2.1839877761789825,0.613191449384086,1,1,200,51.0,1,1,108,0,1,42,1,1,107,1,1,1,0.042088910937309265,0.10317967087030411,0.059991031885147095,0.002816150508059682
/workspace/ripl/t2/region_far,best_eval_success_once.pt,rgb,1,1,2945,7,-0.040428243577480316,-0.15477034449577332,0.019999999552965164,0.10668731117418817,-0.10389751940965652,0.14478105306625366,0.019999999552965164,1.053261884314968,0.3062015492384459,0.9465745731407798,-0.6242217536541168,1,1,200,92.0,1,1,109,0,1,48,1,1,102,1,1,1,-0.12168864905834198,0.14788107573986053,0.059992123395204544,7.685132131977333e-06
/workspace/ripl/t2/region_far,best_eval_success_once.pt,rgb,1,1,2956,8,-0.15901002287864685,-0.1699112057685852,0.019999999552965164,3.0942096715734326,-0.08800864964723587,0.12144346535205841,0.019999999552965164,-0.39652571038228146,0.29988120878868774,2.792449925223872,-0.349142728365921,0,0,200,0.0,0,0,-1,0,0,-1,0,0,-1,1,1,1,-0.06998160481452942,-0.203858882188797,0.019999923184514046,7.264220561108652e-07
/workspace/ripl/t2/region_far,best_eval_success_once.pt,rgb,1,1,2960,9,0.052163876593112946,-0.21686780452728271,0.019999999552965164,0.1879624612598345,0.10563918948173523,0.03945329040288925,0.019999999552965164,-0.124771419245715,0.2618398609737224,-0.3127338805055495,-0.3127338805055495,1,1,200,93.0,1,1,108,0,1,53,1,1,101,1,1,1,0.10131942480802536,0.04442658647894859,0.060007575899362564,0.00026952888048810614
/workspace/ripl/t2/region_far,best_eval_success_once.pt,rgb,1,1,2967,0,-0.07823994010686874,-0.1298210620880127,0.019999999552965164,2.1900647295080775,-0.14764687418937683,0.1595361828804016,0.019999999552965164,-2.0850895494101884,0.297565014264857,2.0080310282613203,0.43723470146642374,0,0,200,0.0,0,0,-1,0,1,44,0,1,107,1,1,1,-0.14486388862133026,0.26701536774635315,0.019999871030449867,0.00012200111490108543
/workspace/ripl/t2/region_far,best_eval_success_once.pt,rgb,1,1,2972,1,0.08320915699005127,0.10536888241767883,0.019999999552965164,-0.08518440141119665,0.10994240641593933,-0.20240285992622375,0.019999999552965164,-0.5292208248622896,0.3089305941635893,-0.44403642345109295,-0.44403642345109295,1,1,200,101.0,1,1,100,0,1,45,1,1,97,1,1,1,0.09871497750282288,-0.20796933770179749,0.059995878487825394,4.378894537374965e-06
/workspace/ripl/t2/region_far,best_eval_success_once.pt,rgb,1,1,2984,2,0.1089361384510994,0.07637763023376465,0.019999999552965164,0.9117358666878035,-0.0034393519163131714,-0.1649049073457718,0.019999999552965164,-2.7431670654853324,0.2661682057950139,2.6282823750064503,-0.5133102785833428,1,1,200,88.0,1,1,113,0,1,51,1,1,108,1,1,1,-0.011770823039114475,-0.16768920421600342,0.05999838188290596,4.1449999765961054e-05
/workspace/ripl/t2/region_far,best_eval_success_once.pt,rgb,1,1,2990,3,-0.07347653806209564,0.24806159734725952,0.019999999552965164,-1.8529204861060133,-0.0007850155234336853,-0.0019918903708457947,0.019999999552965164,2.0828599088730804,0.2604050770798785,-2.347404912200492,-0.7766085854055955,1,1,200,78.0,1,1,123,0,1,59,1,1,112,1,1,1,-0.00869305431842804,0.009748455137014389,0.0600026398897171,0.0003676714485622866
/workspace/ripl/t2/region_far,best_eval_success_once.pt,rgb,1,1,2996,4,0.08337697386741638,-0.03426209092140198,0.019999999552965164,0.16107809437306608,0.02818383276462555,0.2769585847854614,0.019999999552965164,-0.42005281550636386,0.3160768764276014,-0.58113090987943,-0.58113090987943,1,1,200,104.0,1,1,97,0,1,44,1,1,91,1,1,1,0.022045133635401726,0.26287996768951416,0.059987735003232956,0.00010034049938393044
/workspace/ripl/t2/region_far,best_eval_success_once.pt,rgb,1,1,3003,5,0.07186556607484818,-0.23136241734027863,0.019999999552965164,0.532020613236516,0.09729424118995667,0.05065976455807686,0.019999999552965164,-2.1181114529908456,0.28316625611258633,-2.6501320662273615,0.4914605873624316,1,1,200,100.0,1,1,101,0,1,44,1,1,97,1,1,1,0.08466631919145584,0.0507185161113739,0.05999695509672165,1.2130039466282539e-06
/workspace/ripl/t2/region_far,best_eval_success_once.pt,rgb,1,1,3008,6,-0.046670544892549515,0.20949283242225647,0.019999999552965164,0.32717870537949434,0.07094010710716248,-0.12240142375230789,0.019999999552965164,-1.1617964130557024,0.35211654710545015,-1.4889751184351967,0.08182120835969986,1,1,200,85.0,1,1,116,0,1,55,1,1,108,1,1,1,0.05322406813502312,-0.12534257769584656,0.059995386749506,2.6555545784196e-06
/workspace/ripl/t2/region_far,best_eval_success_once.pt,rgb,1,1,3014,7,-0.00880558043718338,-0.08703093975782394,0.019999999552965164,-1.602802807290887,0.1423242837190628,0.20217809081077576,0.019999999552965164,-3.0644138531917395,0.32631594996615576,-1.4616110459008524,0.10918528089404411,1,1,200,93.0,1,1,108,0,1,40,1,1,97,1,1,1,0.1417212188243866,0.19683049619197845,0.06000373512506485,0.0002235117921518609
/workspace/ripl/t2/region_far,best_eval_success_once.pt,rgb,1,1,3022,8,0.13891668617725372,-0.20341956615447998,0.019999999552965164,-0.3873513281124703,0.13040591776371002,0.07868533581495285,0.019999999552965164,2.984223817191767,0.28223325263719773,-2.9116101618753483,0.22998249171444485,1,1,200,77.0,1,1,124,0,1,61,1,1,119,1,1,1,0.12412229925394058,0.07895102351903915,0.06000164896249771,1.6663336354366482e-06
/workspace/ripl/t2/region_far,best_eval_success_once.pt,rgb,1,1,3025,9,0.04565885290503502,0.1393875777721405,0.019999999552965164,1.42913832495659,-0.023261573165655136,-0.20989760756492615,0.019999999552965164,2.7302129576781655,0.3560198952667034,1.3010746327215754,-0.26972169407332114,1,0,200,45.0,0,1,110,0,1,54,1,1,105,0,1,1,-0.028047891333699226,-0.22720837593078613,0.06000304967164993,1.734960291823941e-05
/workspace/ripl/t2/region_far,best_eval_success_once.pt,rgb,1,1,3037,0,0.0039617642760276794,0.0926947072148323,0.019999999552965164,1.9815192353054887,0.10875806212425232,-0.25356829166412354,0.019999999552965164,-1.1873681585298481,0.36177386367085945,3.1142979133442497,-0.02729474024554346,1,1,200,102.0,1,1,99,0,1,34,1,1,91,1,1,1,0.10259915143251419,-0.24347126483917236,0.0599961057305336,2.1103037950796705e-06
/workspace/ripl/t2/region_far,best_eval_success_once.pt,rgb,1,1,3039,1,0.020150192081928253,-0.05802629888057709,0.019999999552965164,0.11514181635334886,-0.11257746815681458,0.19814670085906982,0.019999999552965164,2.7102408529937407,0.28851557598864624,2.595099036640392,-0.5464936169494012,1,1,200,106.0,1,1,95,0,1,38,1,1,88,1,1,1,-0.12348588556051254,0.2003205120563507,0.05999836325645447,1.7859649351955582e-06
/workspace/ripl/t2/region_far,best_eval_success_once.pt,rgb,1,1,3043,2,0.013144828379154205,0.13355988264083862,0.019999999552965164,1.035050122698082,-0.0005665123462677002,-0.18198354542255402,0.019999999552965164,-0.5968512235015488,0.3158411877170013,-1.6319013461996308,-0.06110501940473423,1,1,200,106.0,1,1,95,0,1,38,1,1,91,1,1,1,-0.010748926550149918,-0.19005343317985535,0.05999518558382988,3.7460963417285586e-06
/workspace/ripl/t2/region_far,best_eval_success_once.pt,rgb,1,1,3046,3,-0.0854850560426712,-0.07931909710168839,0.019999999552965164,-2.7097901456595963,-0.1024673581123352,0.2577356994152069,0.019999999552965164,1.0537302959388413,0.33748234685481104,-2.5196648655811487,0.6219277880086445,0,0,200,0.0,0,0,-1,0,1,46,0,1,108,0,1,1,-0.05041719600558281,0.21347752213478088,0.02015400305390358,0.016457995760323814
/workspace/ripl/t2/region_far,best_eval_success_once.pt,rgb,1,1,3062,4,-0.0774264931678772,-0.27592939138412476,0.019999999552965164,-2.30307158473115,-0.00196240097284317,-0.021231748163700104,0.019999999552965164,-2.697778708437383,0.26564208754047114,-0.3947071237062332,-0.3947071237062332,0,0,200,0.0,0,0,-1,0,1,71,0,0,-1,1,1,1,-0.09127628058195114,-0.29597207903862,0.019999999552965164,8.572504641310785e-07
/workspace/ripl/t2/region_far,best_eval_success_once.pt,rgb,1,1,3065,5,-0.06822836399078369,-0.2236587256193161,0.019999999552965164,0.12071935523178778,0.02207154780626297,0.15155787765979767,0.019999999552965164,1.42469146013197,0.385929492844056,1.3039721049001822,-0.26682422189471433,0,0,200,0.0,0,0,-1,1,1,43,0,1,98,0,1,1,0.013184165582060814,0.09693441540002823,0.02000850811600685,0.0014234924214678864
/workspace/ripl/t2/region_far,best_eval_success_once.pt,rgb,1,1,3067,6,0.010215070098638535,-0.1454656422138214,0.019999999552965164,2.972386598940022,-0.09703570604324341,0.09204167127609253,0.019999999552965164,-1.6753704919109182,0.2606001783273226,1.6354282163286458,0.06463188953374921,1,1,200,90.0,1,1,93,0,1,39,1,1,92,1,1,1,-0.08603977411985397,0.10460630059242249,0.06000073254108429,0.0012616346780580114
/workspace/ripl/t2/region_far,best_eval_success_once.pt,rgb,1,1,3072,7,0.0026913806796073914,0.11004342883825302,0.019999999552965164,0.9820810169279053,-0.04988088458776474,-0.15047621726989746,0.019999999552965164,2.5356794452541243,0.2657711968661369,1.553598428326219,-0.017197898468677586,0,0,200,0.0,0,0,-1,0,1,38,0,1,92,1,1,1,-0.08949124813079834,-0.21552205085754395,0.019999930635094643,0.007181124559886535
/workspace/ripl/t2/region_far,best_eval_success_once.pt,rgb,1,1,3078,8,-0.016161762177944183,-0.09372546523809433,0.019999999552965164,0.7177569882686408,0.061949871480464935,0.1719077229499817,0.019999999552965164,2.924311210486478,0.2768797897639828,2.206554222217837,0.6357578954229406,1,0,200,9.0,0,1,100,0,1,37,0,1,87,1,1,1,0.08224319666624069,0.09198279678821564,0.019999930635094643,0.02415263706716263
/workspace/ripl/t2/region_far,best_eval_success_once.pt,rgb,1,1,3086,9,0.0384572371840477,0.23345902562141418,0.019999999552965164,-1.3831343815293478,0.11777584254741669,-0.13268917798995972,0.019999999552965164,1.397203423237449,0.37464109246667804,2.7803378047667966,-0.3612548488229965,1,0,200,4.0,0,1,110,0,1,44,0,1,99,1,1,1,0.0827799141407013,-0.1323954164981842,0.019999897107481956,0.024716135213468417
/workspace/ripl/t2/region_far,best_eval_success_once.pt,rgb,1,1,3100,0,0.08970257639884949,-0.21706277132034302,0.019999999552965164,1.651993850575479,0.016063928604125977,0.13603156805038452,0.019999999552965164,-1.8981875242016475,0.3606913679930334,2.7330039324024593,-0.4085887211873338,1,1,200,89.0,1,1,112,0,1,50,1,1,111,1,1,1,-0.00032204578747041523,0.13304638862609863,0.0599958710372448,6.014238617006113e-06
/workspace/ripl/t2/region_far,best_eval_success_once.pt,rgb,1,1,3102,1,-0.04093748331069946,0.1484644114971161,0.019999999552965164,0.8866895591248012,-0.13119247555732727,-0.2208506166934967,0.019999999552965164,2.3180892570064437,0.38018357891007337,1.4313996978816426,-0.139396628913254,0,0,200,0.0,0,0,-1,0,1,49,0,1,109,1,1,1,-0.16877788305282593,-0.19201789796352386,0.019997751340270042,0.0018387285519652747
/workspace/ripl/t2/region_far,best_eval_success_once.pt,rgb,1,1,3108,2,0.047648414969444275,0.08664818108081818,0.019999999552965164,-0.7244499397943227,0.00287521630525589,-0.25793367624282837,0.019999999552965164,-1.979508301422757,0.3474784823773075,-1.2550583616284339,0.3157379651664627,1,1,200,46.0,1,1,155,0,1,44,1,1,112,1,1,1,0.011291108094155788,-0.25755375623703003,0.059998348355293274,0.0014918841761726153
/workspace/ripl/t2/region_far,best_eval_success_once.pt,rgb,1,1,3109,3,-0.0049054622650146484,0.17673450708389282,0.019999999552965164,2.361580256513803,-0.13102227449417114,-0.0605616495013237,0.019999999552965164,-3.0576677959465615,0.2687283316975713,0.8639372547192217,-0.7068590720756749,1,1,200,94.0,1,1,107,0,1,46,1,1,101,1,1,1,-0.12048978358507156,-0.0733911320567131,0.05999709665775299,2.285762357264199e-06
/workspace/ripl/t2/region_far,best_eval_success_once.pt,rgb,1,1,3136,4,-0.033624302595853806,0.10257358849048615,0.019999999552965164,-3.013062081775468,0.07128147780895233,-0.14681293070316315,0.019999999552965164,-0.3787277327251459,0.27055287601107814,2.634334349050322,-0.5072583045394712,1,1,200,107.0,1,1,94,0,1,35,1,1,90,1,1,1,0.05858004093170166,-0.14660333096981049,0.06000727415084839,1.3428625200471605e-06
/workspace/ripl/t2/region_far,best_eval_success_once.pt,rgb,1,1,3137,5,0.019528448581695557,-0.14708054065704346,0.019999999552965164,0.012454605358033888,-0.08182580024003983,0.12486054003238678,0.019999999552965164,0.4691404664621821,0.2902148085828038,0.4566858611041482,0.4566858611041482,1,1,200,96.0,1,1,105,0,1,44,1,1,104,1,1,1,-0.08946913480758667,0.12853100895881653,0.05999109521508217,4.027464389920288e-06
/workspace/ripl/t2/region_far,best_eval_success_once.pt,rgb,1,1,3153,6,-0.08500378578901291,0.09793176501989365,0.019999999552965164,2.4959773210107583,-0.030851520597934723,-0.19414569437503815,0.019999999552965164,0.027215425252408387,0.2970550624243305,-2.46876189575835,0.6728307578314432,1,1,200,91.0,1,1,110,0,1,42,1,1,102,1,1,1,-0.022802874445915222,-0.20074839890003204,0.06000146642327309,0.0012024175317068813
/workspace/ripl/t2/region_far,best_eval_success_once.pt,rgb,1,1,3157,7,0.06300361454486847,0.10478562116622925,0.019999999552965164,-1.3610742582848214,0.12458863854408264,-0.15237504243850708,0.019999999552965164,-3.028965540689005,0.26443207461768353,-1.6678912824041836,-0.09709495560928705,1,0,200,44.0,0,1,100,1,1,47,1,1,95,0,1,1,0.11455313116312027,-0.1350950300693512,0.06340935081243515,0.005575602140836875
/workspace/ripl/t2/region_far,best_eval_success_once.pt,rgb,1,1,3173,8,0.032492272555828094,-0.1023959293961525,0.019999999552965164,1.237928900311379,-0.0018624551594257355,0.17914551496505737,0.019999999552965164,0.3669716072402087,0.2836297449305793,-0.8709572930711698,0.6998390337237268,1,1,200,102.0,1,1,99,0,1,45,1,1,96,1,1,1,0.0083316033706069,0.1771818846464157,0.0599982924759388,1.3222844193227278e-06
/workspace/ripl/t2/region_far,best_eval_success_once.pt,rgb,1,1,3178,9,0.008395828306674957,0.2941029965877533,0.019999999552965164,3.065761326362033,0.038940854370594025,-0.012507721781730652,0.019999999552965164,1.7106798463217716,0.30812843302151866,-1.355081480040262,0.2157148467546346,0,0,200,0.0,0,0,-1,0,0,-1,0,0,-1,1,1,1,0.008396178483963013,0.29410383105278015,0.01999991200864315,1.8055018263364855e-06
/workspace/ripl/t2/region_far,best_eval_success_once.pt,rgb,1,1,3181,0,0.12961016595363617,0.030578330159187317,0.019999999552965164,-0.21880657014895943,0.04106202721595764,-0.23572656512260437,0.019999999552965164,0.16865362595684497,0.2806404641618047,0.3874601961058044,0.3874601961058044,1,1,200,91.0,1,1,110,0,1,50,1,1,104,1,1,1,0.02705679088830948,-0.2294204831123352,0.06000474840402603,2.7255100647864553e-06
/workspace/ripl/t2/region_far,best_eval_success_once.pt,rgb,1,1,3194,1,0.04513981565833092,-0.269327849149704,0.019999999552965164,1.3558346522282545,0.1773522049188614,-0.04006526619195938,0.019999999552965164,-2.865000843057717,0.2646534485292696,2.0623498118936148,0.4915534850987182,1,1,200,83.0,1,1,118,0,1,49,1,1,112,1,1,1,0.17631211876869202,-0.03592388331890106,0.06000275909900665,9.146403264906174e-07
/workspace/ripl/t2/region_far,best_eval_success_once.pt,rgb,1,1,3198,2,0.015821002423763275,-0.00786484032869339,0.019999999552965164,1.3693899192647503,0.18363770842552185,0.20324379205703735,0.019999999552965164,2.652198487716892,0.2696837063692471,1.2828085684521418,-0.2879877583427548,0,0,200,0.0,0,0,-1,1,1,38,0,0,-1,0,1,1,0.14932215213775635,0.1697799563407898,0.08042261749505997,5.217534720901131e-07
/workspace/ripl/t2/region_far,best_eval_success_once.pt,rgb,1,1,3205,3,0.0580778643488884,-0.15258124470710754,0.019999999552965164,-2.1625779498774946,0.07939332723617554,0.2004803866147995,0.019999999552965164,-2.4503780842116862,0.35370448748890015,-0.2878001343341916,-0.2878001343341916,1,1,200,97.0,1,1,104,0,1,42,1,1,101,1,1,1,0.08019907772541046,0.19013620913028717,0.05999713018536568,3.177680310992462e-05
/workspace/ripl/t2/region_far,best_eval_success_once.pt,rgb,1,1,3211,4,0.05914083868265152,-0.07514672726392746,0.019999999552965164,-1.5795821618762869,0.013927064836025238,0.1932237148284912,0.019999999552965164,-1.9241145338421273,0.2721524931620765,-0.3445323719658404,-0.3445323719658404,1,1,200,80.0,1,1,102,0,1,49,1,1,96,1,1,1,0.022832198068499565,0.2022254467010498,0.0600033774971962,0.0005460536743873551
/workspace/ripl/t2/region_far,best_eval_success_once.pt,rgb,1,1,3212,5,0.09174494445323944,-0.258154034614563,0.019999999552965164,2.3222552162356376,0.006592005491256714,0.055084966123104095,0.019999999552965164,2.2791941108728806,0.324606984824719,-0.04306110536275698,-0.04306110536275698,0,0,200,0.0,0,0,-1,0,1,53,0,0,-1,1,1,1,0.08415146172046661,-0.2697652280330658,0.019999995827674866,4.776086950200805e-07
/workspace/ripl/t2/region_far,best_eval_success_once.pt,rgb,1,1,3214,6,-0.10127629339694977,0.25495287775993347,0.019999999552965164,0.24497217207808397,-0.11181646585464478,-0.011880092322826385,0.019999999552965164,1.3213113713826385,0.26704106268254885,1.0763391993045546,-0.494457127490342,0,0,200,0.0,0,0,-1,1,1,51,0,1,106,0,1,1,-0.06018910929560661,0.016605626791715622,0.06230097636580467,5.2140667053922846e-05
/workspace/ripl/t2/region_far,best_eval_success_once.pt,rgb,1,1,3217,7,-0.03489724546670914,0.19895920157432556,0.019999999552965164,-0.6385191487424886,-0.10679690539836884,-0.14589139819145203,0.019999999552965164,0.6280524421483924,0.3522662306510586,1.266571590890881,-0.30422473590401555,1,1,200,96.0,1,1,105,0,1,46,1,1,104,1,1,1,-0.1165560707449913,-0.1565903276205063,0.059997204691171646,3.388823179485185e-05
/workspace/ripl/t2/region_far,best_eval_success_once.pt,rgb,1,1,3219,8,0.08728684484958649,0.27320462465286255,0.019999999552965164,0.20643576239258277,0.08693964779376984,-0.007570996880531311,0.019999999552965164,0.29206832435282104,0.2807758361990205,0.08563256196023827,0.08563256196023827,0,0,200,0.0,0,0,-1,0,0,-1,0,0,-1,1,1,1,0.08728634566068649,0.27320432662963867,0.019999904558062553,1.7435084933679692e-06
/workspace/ripl/t2/region_far,best_eval_success_once.pt,rgb,1,1,3221,9,0.04989539831876755,-0.13076449930667877,0.019999999552965164,-1.8489436110702986,0.09453265368938446,0.12729108333587646,0.019999999552965164,3.0514500321375952,0.2618877016967584,-1.3827916639716928,0.18800466282320372,1,1,200,101.0,1,1,100,0,1,42,1,1,94,1,1,1,0.10296352952718735,0.12364548444747925,0.05999968573451042,4.805480091749757e-07
/workspace/ripl/t2/region_far,best_eval_success_once.pt,rgb,1,1,3224,0,-0.14037984609603882,-0.21907764673233032,0.019999999552965164,2.5881859814846617,-0.08156982064247131,0.12541022896766663,0.019999999552965164,2.607029553649091,0.3494717665250597,0.018843572164429112,0.018843572164429112,0,0,200,0.0,0,0,-1,0,1,51,0,0,-1,1,1,1,-0.020930979400873184,0.09406332671642303,0.019999895244836807,0.01910051766059809
/workspace/ripl/t2/region_far,best_eval_success_once.pt,rgb,1,1,3231,1,-0.0579366534948349,0.24871894717216492,0.019999999552965164,0.9681149334492414,-0.12932635843753815,-0.061370231211185455,0.019999999552965164,2.021275143682501,0.3182008619131437,1.0531602102332598,-0.5176361165616368,1,1,200,78.0,1,1,123,0,1,60,1,1,119,1,1,1,-0.12048991769552231,-0.04306339472532272,0.0599970743060112,0.00017715994319102992
/workspace/ripl/t2/region_far,best_eval_success_once.pt,rgb,1,1,3241,2,0.08225572109222412,-0.2276945263147354,0.019999999552965164,0.37946961952881786,0.0022396817803382874,0.09567014873027802,0.019999999552965164,-2.121276698480406,0.33311751622232116,-2.5007463180092238,0.6408463355805694,1,1,200,62.0,1,1,122,0,1,60,1,1,115,1,1,1,0.0006499006994999945,0.09085188060998917,0.05999742075800896,0.005489723425937565
/workspace/ripl/t2/region_far,best_eval_success_once.pt,rgb,1,1,3242,3,-0.17425666749477386,-0.21762579679489136,0.019999999552965164,0.453294330669308,-0.07434048503637314,0.1549452841281891,0.019999999552965164,-0.6891892622761868,0.3857362490838176,-1.1424835929454948,0.4283127338494017,0,0,200,0.0,0,0,-1,0,0,-1,0,0,-1,1,1,1,-0.12085875868797302,-0.2443128377199173,0.020000003278255463,4.640940279483031e-07
/workspace/ripl/t2/region_far,best_eval_success_once.pt,rgb,1,1,3243,4,-0.1212473139166832,0.14899547398090363,0.019999999552965164,0.27641578228796737,-0.007085300981998444,-0.09460887312889099,0.019999999552965164,2.3527364053528785,0.2690279597515627,2.076320623064911,0.5055242962700146,1,0,200,1.0,0,1,110,0,1,50,0,1,105,1,1,1,-0.0632825419306755,-0.14081314206123352,0.01999996230006218,0.02727209685919323
/workspace/ripl/t2/region_far,best_eval_success_once.pt,rgb,1,1,3246,5,0.04439503699541092,-0.003072693943977356,0.019999999552965164,-2.2412769459182247,-0.12087291479110718,-0.20567508041858673,0.019999999552965164,-0.6975840401713569,0.261459792115189,1.5436929057468678,-0.027103421048028764,1,1,200,101.0,1,1,100,0,1,40,1,1,96,1,1,1,-0.11702471226453781,-0.21250876784324646,0.06000286340713501,1.7300755111813535e-06
/workspace/ripl/t2/region_far,best_eval_success_once.pt,rgb,1,1,3249,6,-0.1274668574333191,-0.17111286520957947,0.019999999552965164,2.585719346278058,-0.1654413342475891,0.19161942601203918,0.019999999552965164,-0.8248613139310192,0.3647146500816806,2.872604646970509,-0.268988006619284,0,0,200,0.0,0,0,-1,1,1,172,0,0,-1,0,1,1,-0.1359320878982544,-0.17222605645656586,0.09895480424165726,5.062010214168736e-07
/workspace/ripl/t2/region_far,best_eval_success_once.pt,rgb,1,1,3251,7,0.042878203094005585,0.14404232800006866,0.019999999552965164,2.9471006311997505,-0.09339433908462524,-0.13439154624938965,0.019999999552965164,0.9890281394481955,0.30999294843816994,-1.9580724917515546,-0.38727616495665806,1,1,200,51.0,1,1,100,0,1,39,1,1,92,1,1,1,-0.10585947334766388,-0.12321312725543976,0.05999142304062843,1.6723378760047708e-05
/workspace/ripl/t2/region_far,best_eval_success_once.pt,rgb,1,1,3252,8,-0.06947552412748337,0.22616171836853027,0.019999999552965164,-1.0678065239639363,-0.09012971818447113,-0.11680356413125992,0.019999999552965164,0.06308496106647077,0.34358664224952723,1.130891485030407,-0.4399048417644895,1,1,200,102.0,1,1,99,0,1,36,1,1,91,1,1,1,-0.07618653774261475,-0.10653125494718552,0.05999910458922386,2.548300070421578e-05
/workspace/ripl/t2/region_far,best_eval_success_once.pt,rgb,1,1,3257,9,0.014937594532966614,0.17594265937805176,0.019999999552965164,2.93334219174719,-0.10776988416910172,-0.21500292420387268,0.019999999552965164,-2.269738055872068,0.4097506249557528,1.0801050595603279,-0.4906912672345687,0,0,200,0.0,0,0,-1,0,1,54,0,1,114,1,1,1,-0.14733311533927917,-0.26784321665763855,0.01999998651444912,0.0021941820068032483
/workspace/ripl/t2/region_far,best_eval_success_once.pt,rgb,1,1,3260,0,-0.04861905425786972,0.15628653764724731,0.019999999552965164,-2.6680928426383606,0.06715497374534607,-0.09651676565408707,0.019999999552965164,2.7062490056885324,0.27805239743644694,-0.9088434588526937,0.6619528679422029,1,1,200,102.0,1,1,99,0,1,36,1,1,89,1,1,1,0.075707346200943,-0.09877641499042511,0.06000083312392235,0.0004141431697498947
/workspace/ripl/t2/region_far,best_eval_success_once.pt,rgb,1,1,3262,1,0.15941132605075836,0.25490763783454895,0.019999999552965164,2.205372858516653,0.018946833908557892,-0.10080725699663162,0.019999999552965164,-0.015773120628787662,0.38244393047546743,-2.22114597914544,-0.6503496523505436,0,0,200,0.0,0,0,-1,0,0,-1,0,0,-1,1,1,1,0.15941092371940613,0.2549069821834564,0.01999991573393345,7.982646069890712e-07
/workspace/ripl/t2/region_far,best_eval_success_once.pt,rgb,1,1,3271,2,-0.07322508096694946,-0.06730722635984421,0.019999999552965164,0.481029586308209,-0.012640707194805145,0.25737690925598145,0.019999999552965164,2.40475259779127,0.33028813824592423,1.923723011483061,0.35292668468816446,0,0,200,0.0,0,0,-1,1,1,41,0,1,107,0,1,1,-0.00895162858068943,0.18214990198612213,0.11266227066516876,0.00349696520601214
/workspace/ripl/t2/region_far,best_eval_success_once.pt,rgb,1,1,3273,3,-0.07035423815250397,0.14810550212860107,0.019999999552965164,-2.659280336256842,-0.0908578559756279,-0.2045586109161377,0.019999999552965164,-1.1089528928658003,0.3532596424352335,1.5503274433910414,-0.02046888340385511,0,0,200,0.0,0,0,-1,1,1,39,0,1,98,0,1,1,-0.029302163049578667,-0.13225215673446655,0.030567143112421036,5.670632731895765e-05
/workspace/ripl/t2/region_far,best_eval_success_once.pt,rgb,1,1,3274,4,0.043007783591747284,0.18452417850494385,0.019999999552965164,-1.4797448083322147,0.09429658949375153,-0.14318698644638062,0.019999999552965164,-2.620260335868956,0.3317003907815118,-1.1405155275367411,0.43028079925815543,1,1,200,97.0,1,1,104,0,1,49,1,1,98,1,1,1,0.07795935869216919,-0.14589828252792358,0.05999142304062843,0.0004944400821503256
/workspace/ripl/t2/region_far,best_eval_success_once.pt,rgb,1,1,3280,5,-0.023916639387607574,-0.08068611472845078,0.019999999552965164,2.1620537993186995,-0.10459206253290176,0.24108991026878357,0.019999999552965164,0.7536526758736803,0.3317353375248001,-1.408401123445019,0.16239520334987745,1,1,200,100.0,1,1,101,0,1,40,1,1,94,1,1,1,-0.1137743890285492,0.23527678847312927,0.05999617651104927,4.0854734061323425e-06
/workspace/ripl/t2/region_far,best_eval_success_once.pt,rgb,1,1,3287,6,0.027999505400657654,-0.16860206425189972,0.019999999552965164,2.8045604839222937,0.033988289535045624,0.13943538069725037,0.019999999552965164,-2.9217153679947616,0.308095655643193,0.5569094552625309,0.5569094552625309,1,1,200,99.0,1,1,102,0,1,44,1,1,101,1,1,1,0.03848949074745178,0.13333171606063843,0.06000122055411339,1.1057274102908246e-07
/workspace/ripl/t2/region_far,best_eval_success_once.pt,rgb,1,1,3288,7,-0.02702905237674713,0.26634249091148376,0.019999999552965164,1.145080702522469,-0.0618777796626091,-0.012244090437889099,0.019999999552965164,-1.2448075823191704,0.28075775519364576,-2.389888284841639,0.7517043687481539,0,0,200,0.0,0,0,-1,0,0,-1,0,0,-1,1,1,1,-0.02702832780778408,0.26634255051612854,0.01999993436038494,0.007534589031147413
/workspace/ripl/t2/region_far,best_eval_success_once.pt,rgb,1,1,3290,8,-0.011568158864974976,0.18798509240150452,0.019999999552965164,-1.1199658668308654,0.02334490418434143,-0.07428232580423355,0.019999999552965164,2.1933557019385814,0.2645810284653627,-2.9698637384101394,0.17172891517965372,1,1,200,103.0,1,1,98,0,1,47,1,1,94,1,1,1,0.013892178423702717,-0.08638972789049149,0.059996575117111206,4.8574242908805374e-06
/workspace/ripl/t2/region_far,best_eval_success_once.pt,rgb,1,1,3293,9,-0.05148886889219284,0.07765194773674011,0.019999999552965164,-2.513494824594784,-0.05833329260349274,-0.23011985421180725,0.019999999552965164,-2.229086800960764,0.307847897849889,0.28440802363402007,0.28440802363402007,0,0,200,0.0,0,0,-1,1,1,41,0,0,-1,0,1,1,-0.026310225948691368,-0.1752684861421585,0.09480348974466324,0.003995762283972593
/workspace/ripl/t2/region_far,best_eval_success_once.pt,rgb,1,1,3294,0,-0.1361086070537567,-0.015800803899765015,0.019999999552965164,-2.8286810690802806,-0.06727272272109985,0.24157914519309998,0.019999999552965164,1.0113576951740306,0.26642600692669755,-2.443146542925275,0.6984461106645181,1,1,200,86.0,1,1,115,0,1,50,1,1,108,1,1,1,-0.05720904469490051,0.22598177194595337,0.059995874762535095,0.0002596198214227489
/workspace/ripl/t2/region_far,best_eval_success_once.pt,rgb,1,1,3299,1,0.07150062918663025,-0.1283508837223053,0.019999999552965164,-2.5239077814101822,-0.04469524323940277,0.12218501418828964,0.019999999552965164,-2.8004766309385705,0.27616972482644614,-0.2765688495283882,-0.2765688495283882,0,0,200,0.0,0,0,-1,1,1,41,0,1,102,0,1,1,-0.03286110237240791,0.1195077896118164,0.0806586816906929,0.014653475321840196
/workspace/ripl/t2/region_far,best_eval_success_once.pt,rgb,1,1,3316,2,0.042041704058647156,0.11781641840934753,0.019999999552965164,2.7958290544477364,-0.08348686993122101,-0.2083352655172348,0.019999999552965164,-2.8686743517680693,0.3494743822028663,0.6186819009637805,0.6186819009637805,0,0,200,0.0,0,0,-1,1,1,43,0,0,-1,0,1,1,-0.09619900584220886,-0.20974434912204742,0.0753437876701355,0.0402419760148682
/workspace/ripl/t2/region_far,best_eval_success_once.pt,rgb,1,1,3318,3,-0.17467661201953888,-0.02930653840303421,0.019999999552965164,-1.3741801361982384,-0.17279626429080963,0.2712743580341339,0.019999999552965164,-2.1199291790698176,0.30058677783720383,-0.7457490428715792,-0.7457490428715792,1,0,200,28.0,0,1,140,0,1,59,1,1,126,0,1,1,-0.15828104317188263,0.26494544744491577,0.059994105249643326,0.015137215441023795
/workspace/ripl/t2/region_far,best_eval_success_once.pt,rgb,1,1,3321,4,-0.05392775684595108,-0.0350295826792717,0.019999999552965164,0.19780151197397666,-0.08533238619565964,0.2729489207267761,0.019999999552965164,-2.004979841120054,0.30957553085607653,-2.2027813530940303,-0.6319850262991338,1,0,200,62.0,0,1,95,0,1,39,1,1,88,0,1,1,-0.08471289277076721,0.2583872377872467,0.05999116227030754,3.5320781599099536e-06
/workspace/ripl/t2/region_far,best_eval_success_once.pt,rgb,1,1,3324,5,-0.09028799831867218,-0.04455704987049103,0.019999999552965164,2.8726625995902735,0.0971265584230423,-0.2294156849384308,0.019999999552965164,-1.128793635448611,0.26324310254567934,2.2817290721407018,0.7109327453458052,0,0,200,0.0,0,0,-1,0,1,46,1,1,112,0,1,1,0.11805814504623413,-0.23028165102005005,0.05999404564499855,0.00040882255403897364
/workspace/ripl/t2/region_far,best_eval_success_once.pt,rgb,1,1,3338,6,-0.008273661136627197,0.22206377983093262,0.019999999552965164,-2.059414687911045,-0.046559594571590424,-0.10659470409154892,0.019999999552965164,0.19332165421390934,0.3308809631169652,2.252736342124954,0.6819400153300577,1,1,200,100.0,1,1,101,0,1,40,1,1,93,1,1,1,-0.054380472749471664,-0.11823489516973495,0.05999559909105301,0.0002710216816721052
/workspace/ripl/t2/region_far,best_eval_success_once.pt,rgb,1,1,3345,7,0.07908906042575836,0.10148216038942337,0.019999999552965164,-1.7376802306788974,-0.027041099965572357,-0.14429622888565063,0.019999999552965164,-0.9214342310784387,0.26771370450415755,0.8162459996004587,-0.7545503271944378,1,1,200,97.0,1,1,104,0,1,45,1,1,98,1,1,1,-0.042748838663101196,-0.1490149199962616,0.06000128388404846,1.4782797299455468e-06
/workspace/ripl/t2/region_far,best_eval_success_once.pt,rgb,1,1,3349,8,-0.032541051506996155,-0.25638526678085327,0.019999999552965164,2.2801891149057396,0.0069124698638916016,0.08759447932243347,0.019999999552965164,2.338537845109372,0.34623495790841907,0.05834873020363229,0.05834873020363229,0,0,200,0.0,0,0,-1,0,1,40,0,0,-1,1,1,1,-0.032058991491794586,-0.2760852873325348,0.01999991200864315,4.101545570230341e-07
/workspace/ripl/t2/region_far,best_eval_success_once.pt,rgb,1,1,3358,9,0.010396331548690796,-0.09619559347629547,0.019999999552965164,1.7139663242478134,-0.14166703820228577,0.11589328944683075,0.019999999552965164,2.9442064873400247,0.2609692753555517,1.2302401630922113,-0.34055616370268527,1,1,200,95.0,1,1,106,0,1,45,1,1,101,1,1,1,-0.14636069536209106,0.10280760377645493,0.05998466908931732,2.1386386434901814e-05
