run_id,ckpt_tag,obs_mode,policy_seed,repeat_idx,seed,env_idx,cubeA_x,cubeA_y,cubeA_z,cubeA_theta,cubeB_x,cubeB_y,cubeB_z,cubeB_theta,separation,relative_yaw,relative_yaw_mod90,success_once,success_at_end,ep_len,return,success,ever_success,first_success_step,is_cubeA_grasped,ever_is_cubeA_grasped,first_is_cubeA_grasped_step,is_cubeA_on_cubeB,ever_is_cubeA_on_cubeB,first_is_cubeA_on_cubeB_step,is_cubeA_static,ever_is_cubeA_static,first_is_cubeA_static_step,final_cubeA_x,final_cubeA_y,final_cubeA_z,cubeB_displacement
/workspace/ripl/t2/region,best_eval_success_once.pt,rgb,1,0,2212,0,0.015520606189966202,-0.07070829719305038,0.019999999552965164,-0.13949900634082057,-0.038446251302957535,-0.019911833107471466,0.019999999552965164,-2.9882000179818053,0.07411276861148183,-2.848701011640985,0.2928916419488079,1,1,200,114.0,1,1,87,0,1,46,1,1,86,1,1,1,-0.04124659299850464,-0.013997443951666355,0.06000175327062607,8.037731446362249e-06
/workspace/ripl/t2/region,best_eval_success_once.pt,rgb,1,0,2258,1,-0.09743046015501022,-0.154409721493721,0.019999999552965164,-1.2858111946276454,-0.09065470099449158,-0.09310083091259003,0.019999999552965164,1.662531752224911,0.06168217713805539,2.9483429468525566,-0.19324970673723652,0,0,200,0.0,0,0,-1,0,1,47,0,1,159,1,1,1,-0.039419710636138916,-0.08901623636484146,0.019999900832772255,0.0020595527689937533
/workspace/ripl/t2/region,best_eval_success_once.pt,rgb,1,0,2275,2,0.004501808434724808,-0.17986075580120087,0.019999999552965164,0.13599698597334697,0.08102108538150787,-0.18350397050380707,0.019999999552965164,1.7044552240471418,0.07660595771758076,1.5684582380737948,-0.00233808872110175,1,1,200,101.0,1,1,100,0,1,46,1,1,94,1,1,1,0.08317150175571442,-0.19453027844429016,0.05999515950679779,4.221771417767496e-06
/workspace/ripl/t2/region,best_eval_success_once.pt,rgb,1,0,2278,3,0.005504496395587921,0.021153096109628677,0.019999999552965164,-1.8921564220312597,-0.05644124746322632,0.047237638384103775,0.019999999552965164,2.3935719015915913,0.06721367813094817,-1.9974569835567353,-0.42666065676183873,1,0,200,3.0,0,1,94,0,1,48,0,1,91,1,1,1,-0.008700273931026459,-0.019762730225920677,0.019999928772449493,0.007306156262169973
/workspace/ripl/t2/region,best_eval_success_once.pt,rgb,1,0,2313,4,0.011624090373516083,0.12897568941116333,0.019999999552965164,0.9283673948122857,-0.04706612974405289,0.10499439388513565,0.019999999552965164,-1.5369361141421187,0.0634006661838452,-2.4653035089544044,0.6762891446353887,1,1,200,110.0,1,1,91,0,1,45,1,1,91,1,1,1,-0.03880519047379494,0.09466128051280975,0.05999677628278732,0.007636585929662263
/workspace/ripl/t2/region,best_eval_success_once.pt,rgb,1,0,2340,5,0.10045807808637619,0.00039668381214141846,0.019999999552965164,0.7956297380899562,0.09324568510055542,0.05867670476436615,0.019999999552965164,-2.0138944000547294,0.05872460689330896,-2.8095241381446856,0.3320685154451075,1,1,200,111.0,1,1,90,0,1,52,1,1,88,1,1,1,0.08617809414863586,0.0659591481089592,0.0599982887506485,3.92716279716402e-06
/workspace/ripl/t2/region,best_eval_success_once.pt,rgb,1,0,2371,6,-0.0765581876039505,0.0269010066986084,0.019999999552965164,-1.7831924938822885,-0.1371442973613739,0.03363850712776184,0.019999999552965164,-0.9499318629179463,0.060959581753579954,0.8332606309643422,-0.7375356958305543,0,0,200,0.0,0,0,-1,0,0,-1,0,0,-1,1,1,1,-0.026070483028888702,0.030909642577171326,0.019999900832772255,0.046234052549870404
/workspace/ripl/t2/region,best_eval_success_once.pt,rgb,1,0,2400,7,0.04628709703683853,0.02255774289369583,0.019999999552965164,-3.0868273477140438,0.07840549945831299,-0.05049969255924225,0.019999999552965164,-0.7319215572413085,0.07980589357351993,2.3549057904727353,0.7841094636778387,0,0,200,0.0,0,0,-1,0,1,46,0,1,83,1,1,1,0.04186878725886345,-0.11585061252117157,0.01999989151954651,0.035619118534337336
/workspace/ripl/t2/region,best_eval_success_once.pt,rgb,1,0,2424,8,0.04254939407110214,0.017008058726787567,0.019999999552965164,-0.24786024990209166,-0.004177488386631012,0.07003260403871536,0.019999999552965164,0.20724020701017087,0.07067534187929687,0.45510045691226253,0.45510045691226253,1,1,200,121.0,1,1,80,0,1,38,1,1,79,1,1,1,-0.006580448243767023,0.07273906469345093,0.06000171974301338,5.402999784493717e-05
/workspace/ripl/t2/region,best_eval_success_once.pt,rgb,1,0,2427,9,0.0032963380217552185,0.02213967591524124,0.019999999552965164,-0.8494718887239325,0.05535483360290527,0.08275363594293594,0.019999999552965164,-2.4499592954292293,0.07990080795844051,-1.6004874067052963,-0.029691079910399765,1,1,200,118.0,1,1,83,0,1,39,1,1,82,1,1,1,0.05223037675023079,0.07435489445924759,0.05999811366200447,2.6832436182154874e-07
/workspace/ripl/t2/region,best_eval_success_once.pt,rgb,1,0,2464,0,-0.07512339949607849,-0.012090947479009628,0.019999999552965164,0.5664838636326799,-0.07612188160419464,-0.0713614970445633,0.019999999552965164,-1.0598681691583343,0.05927895927159131,-1.6263520327910141,-0.05555570599611759,0,0,200,0.0,0,0,-1,0,1,46,0,1,89,1,1,1,-0.01696467213332653,-0.12747734785079956,0.01999993436038494,0.05065041557651959
/workspace/ripl/t2/region,best_eval_success_once.pt,rgb,1,0,2471,1,0.022563152015209198,0.05887531489133835,0.019999999552965164,2.5965554947403873,-0.03518948704004288,0.03171972185373306,0.019999999552965164,-2.392568480193642,0.0638184420921591,1.2940613322455565,-0.27673499454934003,0,0,200,0.0,0,0,-1,1,1,44,0,1,178,0,1,1,-0.07321561127901077,-0.003050329629331827,0.12432009726762772,0.059989036773088394
/workspace/ripl/t2/region,best_eval_success_once.pt,rgb,1,0,2476,2,-0.04426851123571396,-0.2691501975059509,0.019999999552965164,-0.589809674578869,-0.10652506351470947,-0.2675315737724304,0.019999999552965164,-1.9762888435879713,0.06227759022680644,-1.3864791690091023,0.18431715778579427,0,0,200,0.0,0,0,-1,0,0,-1,0,0,-1,1,1,1,0.021930444985628128,-0.29329779744148254,0.019999876618385315,0.05186113648877809
/workspace/ripl/t2/region,best_eval_success_once.pt,rgb,1,0,2483,3,0.026101283729076385,0.026651419699192047,0.019999999552965164,-0.8455317915333391,-0.0341440886259079,-0.0038774386048316956,0.019999999552965164,1.6841176461808502,0.06753899673179832,2.5296494377141894,-0.6119432158756037,1,1,200,100.0,1,1,101,0,1,50,1,1,100,1,1,1,-0.039063382893800735,-0.007268504239618778,0.05999842286109924,0.0005666506378736681
/workspace/ripl/t2/region,best_eval_success_once.pt,rgb,1,0,2487,4,0.0452711284160614,-0.042740434408187866,0.019999999552965164,2.244536022069775,-0.026743367314338684,-0.017204493284225464,0.019999999552965164,1.8635490086940925,0.0764079307689345,-0.3809870133756825,-0.3809870133756825,0,0,200,0.0,0,0,-1,0,1,39,0,1,147,1,1,1,0.06217218190431595,0.03538583591580391,0.019999926909804344,0.06817523171870812
/workspace/ripl/t2/region,best_eval_success_once.pt,rgb,1,0,2490,5,0.014225885272026062,-0.11716412007808685,0.019999999552965164,1.887980245968006,-0.023690909147262573,-0.17537209391593933,0.019999999552965164,3.1137690572854306,0.0694683490327985,1.2257888113174247,-0.3450075154774719,1,1,200,124.0,1,1,77,0,1,38,1,1,74,1,1,1,-0.017991166561841965,-0.173065185546875,0.060008835047483444,3.5596381040615906e-05
/workspace/ripl/t2/region,best_eval_success_once.pt,rgb,1,0,2496,6,-0.08842422813177109,0.046566180884838104,0.019999999552965164,-1.190543958756976,-0.04472050443291664,0.09627311676740646,0.019999999552965164,1.622232422987297,0.06618757390915286,2.812776381744273,-0.3288162718455201,1,1,200,107.0,1,1,94,0,1,44,1,1,90,1,1,1,-0.051550231873989105,0.096852608025074,0.05999821424484253,6.334417722942965e-07
/workspace/ripl/t2/region,best_eval_success_once.pt,rgb,1,0,2506,7,-0.027274444699287415,-0.06460008025169373,0.019999999552965164,-2.4473080074993607,0.02568066120147705,-0.09165483713150024,0.019999999552965164,2.2793800669951394,0.05946598280350387,-1.5564972326850857,0.014299094109810895,0,0,200,0.0,0,0,-1,0,0,-1,0,0,-1,1,1,1,0.062973253428936,-0.07314231246709824,0.019999895244836807,0.04242232051953943
/workspace/ripl/t2/region,best_eval_success_once.pt,rgb,1,0,2507,8,0.1084558367729187,0.1092514768242836,0.019999999552965164,1.9524633676233034,0.04038044810295105,0.06929317861795425,0.019999999552965164,0.3123070205569878,0.07893620296234867,-1.6401563470663154,-0.06936002027141885,1,1,200,105.0,1,1,96,0,1,48,1,1,91,1,1,1,0.053004615008831024,0.07022102922201157,0.059992942959070206,0.0008745240398154111
/workspace/ripl/t2/region,best_eval_success_once.pt,rgb,1,0,2508,9,0.06859101355075836,0.052108921110630035,0.019999999552965164,0.20126831751377017,0.004942338913679123,0.04632613807916641,0.019999999552965164,-1.9065954705622676,0.06391083134059326,-2.1078637880760382,-0.5370674612811417,0,0,200,0.0,0,0,-1,0,1,46,0,0,-1,1,1,1,0.10523852705955505,0.04626304283738136,0.01999993808567524,0.13883606757661657
/workspace/ripl/t2/region,best_eval_success_once.pt,rgb,1,0,2518,0,0.04579771310091019,-0.05273822695016861,0.019999999552965164,-2.10756292611745,0.10439564287662506,-0.0167732834815979,0.019999999552965164,-0.7115510354992525,0.06875459644778012,1.3960118906181975,-0.17478443617669903,1,1,200,107.0,1,1,94,0,1,41,1,1,88,1,1,1,0.0933750718832016,-0.0181181188672781,0.0599982813000679,1.8218129525280784e-05
/workspace/ripl/t2/region,best_eval_success_once.pt,rgb,1,0,2519,1,0.17225827276706696,-0.02555256336927414,0.019999999552965164,-2.278656306962745,0.153462216258049,-0.08864372223615646,0.019999999552965164,-1.330266270342169,0.06583149753314427,0.9483900366205757,-0.6224062901743208,1,1,200,22.0,1,1,179,0,1,58,1,1,167,1,1,1,0.14924123883247375,-0.09209293872117996,0.060003332793712616,4.825411534072607e-05
/workspace/ripl/t2/region,best_eval_success_once.pt,rgb,1,0,2554,2,0.025082580745220184,-0.15805616974830627,0.019999999552965164,0.27409572641020263,-0.036260344088077545,-0.1378001719713211,0.019999999552965164,-0.8089611577565243,0.06460077300655809,-1.0830568841667265,0.48773944262817004,0,0,200,0.0,0,0,-1,1,1,55,0,0,-1,0,1,1,-0.004399769473820925,-0.09227866679430008,0.0832730084657669,0.01861852593684321
/workspace/ripl/t2/region,best_eval_success_once.pt,rgb,1,0,2579,3,0.06034162640571594,-0.10357779264450073,0.019999999552965164,2.914922694463705,0.022075295448303223,-0.056402385234832764,0.019999999552965164,-0.8170931905296257,0.06074398035369759,2.5511694221862555,-0.5904232314035376,0,0,200,0.0,0,0,-1,0,1,47,0,1,87,1,1,1,-0.021851394325494766,-0.10823363065719604,0.01999991573393345,0.03225603109629381
/workspace/ripl/t2/region,best_eval_success_once.pt,rgb,1,0,2586,4,0.04670330137014389,0.03417002409696579,0.019999999552965164,-1.8109172451443616,-0.01135728508234024,0.08041193336248398,0.019999999552965164,1.7467682500424802,0.07422496798063843,-2.7254998119927443,0.41609284159704885,1,1,200,106.0,1,1,95,0,1,49,1,1,94,1,1,1,-0.020071357488632202,0.0708581730723381,0.05999702215194702,2.3037285641993186e-06
/workspace/ripl/t2/region,best_eval_success_once.pt,rgb,1,0,2608,5,0.14353127777576447,0.14375263452529907,0.019999999552965164,0.6716499000308032,0.09073181450366974,0.10986035317182541,0.019999999552965164,-2.8237110423065523,0.0627412946723631,2.7878243648422307,-0.3537682887475624,1,1,200,101.0,1,1,100,0,1,55,1,1,99,1,1,1,0.08330558985471725,0.10748860239982605,0.059996869415044785,0.0028499657908698413
/workspace/ripl/t2/region,best_eval_success_once.pt,rgb,1,0,2637,6,0.09730319678783417,-0.018906332552433014,0.019999999552965164,0.49396353988283215,0.0474633052945137,-0.0666937455534935,0.019999999552965164,2.7351405415402312,0.06904818336060611,2.241177001657399,0.6703806748625025,0,0,200,0.0,0,0,-1,0,1,49,0,0,-1,1,1,1,0.017904220148921013,-0.13761480152606964,0.019999923184514046,0.02975076120465717
/workspace/ripl/t2/region,best_eval_success_once.pt,rgb,1,0,2648,7,0.09632648527622223,-0.1826537400484085,0.019999999552965164,-1.918696151967377,0.11909687519073486,-0.12299082428216934,0.019999999552965164,1.4147722756584304,0.06386042729725733,-2.9497168795537787,0.1918757740360144,1,1,200,78.0,1,1,123,0,1,75,1,1,119,1,1,1,0.11450975388288498,-0.11617434769868851,0.05999641865491867,6.65775144160244e-07
/workspace/ripl/t2/region,best_eval_success_once.pt,rgb,1,0,2658,8,-0.00679025799036026,-0.013641968369483948,0.019999999552965164,2.002019421314651,0.06478355079889297,-0.004366859793663025,0.019999999552965164,-1.3360479040725988,0.07217227822158485,2.945117981792336,-0.19647467179745703,0,0,200,0.0,0,0,-1,0,1,49,0,1,109,1,1,1,0.09163270890712738,0.07276995480060577,0.019999925047159195,0.0039472170824646465
/workspace/ripl/t2/region,best_eval_success_once.pt,rgb,1,0,2662,9,0.03851979225873947,-0.20565398037433624,0.019999999552965164,1.7430277895232225,0.06619546562433243,-0.13449232280254364,0.019999999552965164,2.4072358185294105,0.07635394164418795,0.664208029006188,0.664208029006188,0,0,200,0.0,0,0,-1,0,1,51,0,0,-1,1,1,1,0.014550246298313141,-0.2218274623155594,0.01999991200864315,1.76721740832037e-06
/workspace/ripl/t2/region,best_eval_success_once.pt,rgb,1,0,2678,0,-0.025903046131134033,0.001477368175983429,0.019999999552965164,-0.7464288032342283,-0.07795622199773788,-0.05767340213060379,0.019999999552965164,-2.66760131291867,0.07879306280163394,-1.9211725096844416,-0.3503761828895451,1,1,200,118.0,1,1,83,0,1,39,1,1,82,1,1,1,-0.08027423173189163,-0.0458289310336113,0.0599968396127224,1.0673135491524736e-06
/workspace/ripl/t2/region,best_eval_success_once.pt,rgb,1,0,2733,1,-0.07505352795124054,-0.1702738106250763,0.019999999552965164,-1.0637696910250654,-0.1361800730228424,-0.21067458391189575,0.019999999552965164,0.7085763057292152,0.07327125626440124,1.7723459967542805,0.20154966995938395,0,0,200,0.0,0,0,-1,1,1,40,0,1,81,0,1,1,-0.10047337412834167,-0.16252592206001282,0.07330322265625,0.0032683683351804756
/workspace/ripl/t2/region,best_eval_success_once.pt,rgb,1,0,2734,2,-0.005768470466136932,0.0034396275877952576,0.019999999552965164,-2.3445456980665895,0.011144395917654037,0.07515529543161392,0.019999999552965164,2.7249387200701487,0.0736829835416624,-1.2137008890428476,0.357095437752049,1,1,200,117.0,1,1,84,0,1,40,1,1,81,1,1,1,0.003990293480455875,0.06786267459392548,0.05999059975147247,1.118023173863941e-06
/workspace/ripl/t2/region,best_eval_success_once.pt,rgb,1,0,2741,3,0.02030058205127716,0.06417208164930344,0.019999999552965164,0.8897972236931038,-0.0020171254873275757,-0.00532957911491394,0.019999999552965164,2.5750488316787936,0.07299699253231634,1.6852516079856898,0.11445528119079329,1,0,200,28.0,0,1,81,0,1,37,1,1,79,0,1,1,-0.006453188601881266,-0.025887465104460716,0.06000201776623726,1.077896012901805e-05
/workspace/ripl/t2/region,best_eval_success_once.pt,rgb,1,0,2749,4,-0.1365244835615158,-0.033464767038822174,0.019999999552965164,-2.2806052259058625,-0.089981809258461,0.016303516924381256,0.019999999552965164,1.398920098852692,0.06814031567231173,-2.603659982421032,0.5379326711687611,1,1,200,92.0,1,1,109,0,1,52,1,1,103,1,1,1,-0.08289091289043427,0.007751698140054941,0.059998996555805206,0.0014124520087641635
/workspace/ripl/t2/region,best_eval_success_once.pt,rgb,1,0,2750,5,-0.06296707689762115,0.1070479229092598,0.019999999552965164,0.9588046592491968,0.0038583576679229736,0.08532188087701797,0.019999999552965164,0.9865799737553731,0.07026848231789667,0.02777531450617632,0.02777531450617632,0,0,200,0.0,0,0,-1,0,1,48,0,0,-1,1,1,1,-0.010286081582307816,0.11958838254213333,0.019999926909804344,0.027171313196492724
/workspace/ripl/t2/region,best_eval_success_once.pt,rgb,1,0,2753,6,0.03118158131837845,0.04133424907922745,0.019999999552965164,1.620027251320221,0.07411934435367584,-0.01990251988172531,0.019999999552965164,-2.6914737884769604,0.0747903293698621,1.9716842673824049,0.4008879405875083,0,0,200,0.0,0,0,-1,0,1,39,0,0,-1,1,1,1,0.04363911226391792,-0.09460873901844025,0.019999951124191284,0.021049175191549953
/workspace/ripl/t2/region,best_eval_success_once.pt,rgb,1,0,2756,7,0.02656364068388939,-0.05429904907941818,0.019999999552965164,0.35471584705125725,0.040252529084682465,-0.11674698442220688,0.019999999552965164,-0.7290528540041437,0.06393066786939179,-1.0837687010554014,0.4870276257394952,0,0,200,0.0,0,0,-1,0,1,41,0,1,88,1,1,1,-0.008127707056701183,-0.1605783998966217,0.019999995827674866,0.011208509841087656
/workspace/ripl/t2/region,best_eval_success_once.pt,rgb,1,0,2761,8,0.022571418434381485,-0.016220375895500183,0.019999999552965164,1.9502367816631796,0.06519728899002075,-0.062492936849594116,0.019999999552965164,1.8672824267834234,0.06291354971607033,-0.08295435487975622,-0.08295435487975622,0,0,200,0.0,0,0,-1,0,1,40,0,1,82,1,1,1,0.024445902556180954,-0.10894839465618134,0.020000005140900612,0.012695996927291342
/workspace/ripl/t2/region,best_eval_success_once.pt,rgb,1,0,2762,9,-0.03987055644392967,-0.06733086705207825,0.019999999552965164,-0.4720047209015594,-0.07385435700416565,-0.008190393447875977,0.019999999552965164,1.4580873745102982,0.06820919526462133,1.9300920954118577,0.3592957686169611,1,1,200,114.0,1,1,87,0,1,47,1,1,86,1,1,1,-0.07859662175178528,-0.004869584925472736,0.05999700725078583,4.21954909963249e-07
/workspace/ripl/t2/region,best_eval_success_once.pt,rgb,1,0,2765,0,0.004071913659572601,0.014498338103294373,0.019999999552965164,2.577741604397165,-0.057835474610328674,0.029616117477416992,0.019999999552965164,0.5689889389181362,0.06372654059028277,-2.0087526654790286,-0.4379563386841321,0,0,200,0.0,0,0,-1,1,1,144,0,1,184,0,1,1,-0.00403620908036828,0.058322932571172714,0.1113896444439888,0.044656141006531376
/workspace/ripl/t2/region,best_eval_success_once.pt,rgb,1,0,2801,1,-0.060440145432949066,-0.06018368899822235,0.019999999552965164,1.3289442912737606,-0.058430157601833344,-0.13121947646141052,0.019999999552965164,-2.5568842418649247,0.07106421850408597,2.397356774040901,-0.7442358795488921,1,1,200,84.0,1,1,87,0,1,45,1,1,83,1,1,1,-0.06843413412570953,-0.14428068697452545,0.059997428208589554,2.519133741736908e-06
/workspace/ripl/t2/region,best_eval_success_once.pt,rgb,1,0,2806,2,-0.07931985706090927,0.0018990859389305115,0.019999999552965164,2.5871803005866156,-0.03451002389192581,-0.036692701280117035,0.019999999552965164,1.0888428144717528,0.05913752775854239,-1.4983374861148633,0.07245884068003328,1,0,200,14.0,0,1,177,0,1,46,1,1,95,0,1,1,-0.022532688453793526,-0.04843773692846298,0.06002693623304367,0.0015216385358145705
/workspace/ripl/t2/region,best_eval_success_once.pt,rgb,1,0,2828,3,0.017344482243061066,0.08991803228855133,0.019999999552965164,2.124651616141431,-0.007913105189800262,0.015749529004096985,0.019999999552965164,1.395252940547275,0.07835121315196561,-0.7293986755941559,-0.7293986755941559,1,1,200,110.0,1,1,91,0,1,46,1,1,90,1,1,1,0.003824976272881031,0.003972266800701618,0.05999910831451416,6.932000027378008e-06
/workspace/ripl/t2/region,best_eval_success_once.pt,rgb,1,0,2832,4,-0.1526312679052353,-0.10674185305833817,0.019999999552965164,2.044565473361958,-0.09479290246963501,-0.1329832375049591,0.019999999552965164,-0.34759454277004265,0.06351288667614943,-2.392160016132001,0.749432637457792,0,0,200,0.0,0,0,-1,0,1,103,0,0,-1,1,1,1,-0.11241399496793747,-0.10033155977725983,0.019999921321868896,0.030061178532415397
/workspace/ripl/t2/region,best_eval_success_once.pt,rgb,1,0,2840,5,-0.09543536603450775,-0.14367982745170593,0.019999999552965164,1.7691164526259122,-0.06396135687828064,-0.07470446079969406,0.019999999552965164,-2.793444025012211,0.07581698000544297,1.720624829541463,0.14982850274656645,1,1,200,113.0,1,1,88,0,1,44,1,1,85,1,1,1,-0.05411267653107643,-0.07169411331415176,0.05999542772769928,0.00019651734458391162
/workspace/ripl/t2/region,best_eval_success_once.pt,rgb,1,0,2849,6,0.07017134875059128,0.12957370281219482,0.019999999552965164,2.7624099608838835,0.022117778658866882,0.18625196814537048,0.019999999552965164,-0.6623400172617515,0.07430727662711191,2.8584353290339513,-0.28315732455584186,1,1,200,100.0,1,1,101,0,1,50,1,1,99,1,1,1,0.017773905768990517,0.1694290041923523,0.05999961867928505,1.3734729045410909e-05
/workspace/ripl/t2/region,best_eval_success_once.pt,rgb,1,0,2852,7,-0.15927037596702576,-0.03874833881855011,0.019999999552965164,1.066380327375093,-0.1392754465341568,-0.10693526268005371,0.019999999552965164,-1.885907926142007,0.07105810149954682,-2.9522882535171,0.1893044000726931,0,0,200,0.0,0,0,-1,1,1,55,0,1,104,0,1,1,-0.07815311849117279,-0.04921131953597069,0.02074371464550495,0.025969272396087564
/workspace/ripl/t2/region,best_eval_success_once.pt,rgb,1,0,2869,8,0.13632594048976898,0.13594259321689606,0.019999999552965164,-3.0948019671564797,0.07965703308582306,0.11425088346004486,0.019999999552965164,-1.1689870415081627,0.06067862340670288,1.925814925648317,0.35501859885342046,0,0,200,0.0,0,0,-1,0,0,-1,0,0,-1,1,1,1,0.16676317155361176,0.13442271947860718,0.01999989151954651,0.037645504491041565
/workspace/ripl/t2/region,best_eval_success_once.pt,rgb,1,0,2887,9,0.07959015667438507,-0.23034876585006714,0.019999999552965164,-3.05484394995044,0.012518398463726044,-0.23847290873527527,0.019999999552965164,-2.252996295539396,0.0675619896620014,0.801847654411044,-0.7689486723838526,0,0,200,0.0,0,0,-1,0,0,-1,0,0,-1,1,1,1,0.1574452966451645,-0.20963634550571442,0.019999993965029716,0.039572358221977515
/workspace/ripl/t2/region,best_eval_success_once.pt,rgb,1,0,2909,0,0.022045932710170746,0.060145460069179535,0.019999999552965164,0.04982329153783693,0.08065511286258698,0.09556003659963608,0.019999999552965164,-2.0260742746844507,0.06847793972492122,-2.075897566222288,-0.5051012394273915,1,1,200,112.0,1,1,89,0,1,40,1,1,84,1,1,1,0.07431221008300781,0.09301010519266129,0.06000114232301712,0.00011961053236331733
/workspace/ripl/t2/region,best_eval_success_once.pt,rgb,1,0,2914,1,0.014678038656711578,0.17134883999824524,0.019999999552965164,3.119055986977007,-0.04611186683177948,0.15812012553215027,0.019999999552965164,2.815175761478858,0.06221263131973398,-0.30388022549814897,-0.30388022549814897,1,1,200,17.0,1,1,184,0,1,38,1,1,183,1,1,1,-0.004275033716112375,0.14763545989990234,0.05999843031167984,0.04331551518867626
/workspace/ripl/t2/region,best_eval_success_once.pt,rgb,1,0,2936,2,0.01701616868376732,-0.06171923130750656,0.019999999552965164,2.7380621026425342,0.05458802729845047,-0.002431817352771759,0.019999999552965164,-2.55254446381063,0.07019004212280987,0.9925787407264224,-0.5782175860684742,1,1,200,123.0,1,1,78,0,1,35,1,1,77,1,1,1,0.05331580340862274,0.0016005360521376133,0.05999847874045372,1.026454800088594e-06
/workspace/ripl/t2/region,best_eval_success_once.pt,rgb,1,0,2943,3,-0.12210987508296967,0.041450135409832,0.019999999552965164,-2.1278306296884626,-0.06063629686832428,0.0791831687092781,0.019999999552965164,1.2833821031339934,0.07213031693046436,-2.8719725743571303,0.26962007923266285,1,1,200,88.0,1,1,113,0,1,57,1,1,107,1,1,1,-0.04789420962333679,0.082057423889637,0.05999714136123657,0.00033376467314816314
/workspace/ripl/t2/region,best_eval_success_once.pt,rgb,1,0,2989,4,-0.04847516119480133,-0.13327166438102722,0.019999999552965164,-2.765128718009862,-0.032380491495132446,-0.05946967005729675,0.019999999552965164,-2.650694417365556,0.07553656570761862,0.11443430064430604,0.11443430064430604,1,1,200,115.0,1,1,86,0,1,44,1,1,82,1,1,1,-0.018823789432644844,-0.054738547652959824,0.05999145284295082,5.882148788969846e-05
/workspace/ripl/t2/region,best_eval_success_once.pt,rgb,1,0,3018,5,-0.01598520576953888,-0.02611977607011795,0.019999999552965164,2.9023995506738234,-0.06395526975393295,-0.07092491537332535,0.019999999552965164,-1.8684122268979806,0.06564013670496643,1.5123735296077818,-0.05842279718711474,0,0,200,0.0,0,0,-1,0,1,40,0,1,84,1,1,1,0.11062164604663849,-0.10120360553264618,0.019999902695417404,0.11218694848974417
/workspace/ripl/t2/region,best_eval_success_once.pt,rgb,1,0,3035,6,0.02000819891691208,0.09314867854118347,0.019999999552965164,2.34198877556006,0.039101578295230865,0.029535070061683655,0.019999999552965164,-2.1038691607225237,0.06641722908905114,1.8373273708970022,0.2665310441021056,1,1,200,115.0,1,1,86,0,1,41,1,1,84,1,1,1,0.04321599751710892,0.023870693519711494,0.06000259146094322,3.0177725733035354e-07
/workspace/ripl/t2/region,best_eval_success_once.pt,rgb,1,0,3051,7,-0.025212742388248444,0.20732375979423523,0.019999999552965164,1.35090422767085,-0.016891218721866608,0.14623215794563293,0.019999999552965164,-0.25886281411521717,0.06165575052303151,-1.6097670417860677,-0.03897071499117111,0,0,200,0.0,0,0,-1,0,1,45,0,1,84,1,1,1,0.07422210276126862,0.14294900000095367,0.019998986274003983,0.05342193632170804
/workspace/ripl/t2/region,best_eval_success_once.pt,rgb,1,0,3057,8,-0.11275309324264526,-0.030310802161693573,0.019999999552965164,-2.5915092505209225,-0.05596005171537399,-0.013261742889881134,0.019999999552965164,-2.0892924179336676,0.05929688008632607,0.5022168325872549,0.5022168325872549,1,1,200,17.0,1,1,184,0,1,46,1,1,183,1,1,1,-0.037305306643247604,0.00348305469378829,0.05999051406979561,0.00619834693232214
/workspace/ripl/t2/region,best_eval_success_once.pt,rgb,1,0,3066,9,0.12808693945407867,0.010434120893478394,0.019999999552965164,3.0759408493428464,0.0766681358218193,0.04517325758934021,0.019999999552965164,-0.7505481242794279,0.06205401667375467,2.4566963335573124,-0.6848963200324807,1,1,200,90.0,1,1,111,0,1,58,1,1,109,1,1,1,0.08062054961919785,0.058227892965078354,0.0599939189851284,2.994231248065723e-05
/workspace/ripl/t2/region,best_eval_success_once.pt,rgb,1,0,3075,0,-0.03791673481464386,0.09567481279373169,0.019999999552965164,1.9846141914704598,-0.036957934498786926,0.020152930170297623,0.019999999552965164,-2.232713162547342,0.07552796868070423,2.0658579531617844,0.4950616263668879,1,1,200,112.0,1,1,89,0,1,46,1,1,81,1,1,1,-0.04683094844222069,0.010475696064531803,0.059997331351041794,0.00016250691566418275
/workspace/ripl/t2/region,best_eval_success_once.pt,rgb,1,0,3081,1,0.12169292569160461,0.06198573112487793,0.019999999552965164,2.8727839262856163,0.04283381253480911,0.06685680150985718,0.019999999552965164,2.5600010048100676,0.07900941117722432,-0.31278292147554865,-0.31278292147554865,1,1,200,98.0,1,1,103,0,1,49,1,1,99,1,1,1,0.04226377233862877,0.05892085283994675,0.05999454855918884,0.005869778047775469
/workspace/ripl/t2/region,best_eval_success_once.pt,rgb,1,0,3090,2,0.018815897405147552,0.055195897817611694,0.019999999552965164,0.2730980363989839,0.09023431688547134,0.036444902420043945,0.019999999552965164,2.770133014700407,0.0738389495420073,2.497034978301423,-0.6445576752883699,1,1,200,95.0,1,1,106,0,1,52,1,1,96,1,1,1,0.10378482937812805,0.036254383623600006,0.059998657554388046,0.002234254919925826
/workspace/ripl/t2/region,best_eval_success_once.pt,rgb,1,0,3092,3,0.04822051152586937,0.0625583752989769,0.019999999552965164,-2.38870028144859,0.009337231516838074,0.01624632626771927,0.019999999552965164,0.5402770050669288,0.060470780958528585,2.9289772865155186,-0.21261536707427453,1,1,200,114.0,1,1,87,0,1,44,1,1,86,1,1,1,0.010467151179909706,0.024569066241383553,0.05999838188290596,8.133128653633681e-07
/workspace/ripl/t2/region,best_eval_success_once.pt,rgb,1,0,3096,4,-0.1754603087902069,0.017143018543720245,0.019999999552965164,-0.9810697855726813,-0.10926593840122223,0.023159213364124298,0.019999999552965164,0.23790671680806863,0.06646720447943594,1.21897650238075,-0.3518198244141466,0,0,200,0.0,0,0,-1,0,1,54,0,0,-1,1,1,1,-0.16056865453720093,0.004107092972844839,0.019999923184514046,0.030344511126633316
/workspace/ripl/t2/region,best_eval_success_once.pt,rgb,1,0,3115,5,0.0478968471288681,0.0722350925207138,0.019999999552965164,0.2661130941517218,-0.011138126254081726,0.03647823631763458,0.019999999552965164,0.4882957750597927,0.06901942369980554,0.22218268090807092,0.22218268090807092,1,1,200,108.0,1,1,93,0,1,41,1,1,92,1,1,1,-0.018422642722725868,0.035649653524160385,0.059996142983436584,0.0014408717239014204
/workspace/ripl/t2/region,best_eval_success_once.pt,rgb,1,0,3116,6,0.12081165611743927,0.19085237383842468,0.019999999552965164,-0.3617213226297915,0.1494174748659134,0.13902050256729126,0.019999999552965164,-1.439446350620683,0.059201653234837115,-1.0777250279908914,0.49307129880400513,0,0,200,0.0,0,0,-1,0,1,53,0,0,-1,1,1,1,0.12377811968326569,0.060355767607688904,0.019999947398900986,0.004229277294342578
/workspace/ripl/t2/region,best_eval_success_once.pt,rgb,1,0,3124,7,-0.01650603860616684,-0.08533450216054916,0.019999999552965164,2.0136421257071033,-0.08019319176673889,-0.12717905640602112,0.019999999552965164,-0.26593000023627944,0.0762038069764261,-2.2795721259433828,-0.7087757991484862,1,1,200,112.0,1,1,89,0,1,43,1,1,88,1,1,1,-0.08064528554677963,-0.11415395140647888,0.05999645218253136,0.00018433721148114276
/workspace/ripl/t2/region,best_eval_success_once.pt,rgb,1,0,3148,8,-0.032035019248723984,-0.0500078946352005,0.019999999552965164,0.9539933907338267,0.024230461567640305,-0.06755897402763367,0.019999999552965164,2.55501132799165,0.05893933083549685,1.6010179372578235,0.03022161046292693,1,0,200,39.0,0,1,99,0,1,46,1,1,97,0,1,1,0.02135581523180008,-0.07957293093204498,0.05999688804149628,0.02123987584965664
/workspace/ripl/t2/region,best_eval_success_once.pt,rgb,1,0,3161,9,-0.0019569993019104004,0.22888904809951782,0.019999999552965164,2.2852606909881383,-0.07591976970434189,0.21756207942962646,0.019999999552965164,2.9165885559102707,0.07482507350381619,0.6313278649221323,0.6313278649221323,0,0,200,0.0,0,0,-1,0,0,-1,0,0,-1,1,1,1,0.09085971862077713,0.24379919469356537,0.019999928772449493,0.10186221363166768
/workspace/ripl/t2/region,best_eval_success_once.pt,rgb,1,0,3177,0,0.07412339746952057,-0.10010028630495071,0.019999999552965164,-0.0727198749000344,0.0944724828004837,-0.03291071951389313,0.019999999552965164,-0.19880706016348526,0.07020344122175784,-0.12608718526345086,-0.12608718526345086,1,1,200,107.0,1,1,94,0,1,49,1,1,93,1,1,1,0.08926443010568619,-0.026183292269706726,0.05999898910522461,1.7259837220012416e-06
/workspace/ripl/t2/region,best_eval_success_once.pt,rgb,1,0,3230,1,-0.056103646755218506,-0.23392148315906525,0.019999999552965164,3.1346256730374167,-0.009247519075870514,-0.1846390962600708,0.019999999552965164,-2.9629872758268796,0.06800184085424114,0.18557235831529084,0.18557235831529084,1,1,200,95.0,1,1,106,0,1,60,1,1,102,1,1,1,-0.01370698120445013,-0.19265803694725037,0.059995755553245544,0.00018567658653808656
/workspace/ripl/t2/region,best_eval_success_once.pt,rgb,1,0,3235,2,0.09320473670959473,0.16199670732021332,0.019999999552965164,-2.7022957670903,0.021278314292430878,0.13039477169513702,0.019999999552965164,-0.4504860030014437,0.07856266655978371,2.2518097640888564,0.6810134372939598,1,0,200,46.0,0,1,97,0,1,47,1,1,91,0,1,1,0.03173207491636276,0.145315021276474,0.05999317765235901,0.00011952418282043491
/workspace/ripl/t2/region,best_eval_success_once.pt,rgb,1,0,3254,3,0.060356058180332184,-0.10076040774583817,0.019999999552965164,1.5972078622304713,0.13548319041728973,-0.11569132655858994,0.019999999552965164,-0.06176406815120217,0.07659646424439115,-1.6589719303816732,-0.08817560358677667,1,1,200,95.0,1,1,97,0,1,40,1,1,96,1,1,1,0.13651323318481445,-0.10394446551799774,0.05999229848384857,0.0012462692277893526
/workspace/ripl/t2/region,best_eval_success_once.pt,rgb,1,0,3263,4,0.09475788474082947,0.08857610076665878,0.019999999552965164,-2.1631916721715303,0.12460258603096008,0.14379963278770447,0.019999999552965164,-0.9651506567428187,0.06277216488202858,1.1980410154287116,-0.372755311366185,1,1,200,105.0,1,1,96,0,1,47,1,1,90,1,1,1,0.11287050694227219,0.13407903909683228,0.059991415590047836,0.0005183623985208009
/workspace/ripl/t2/region,best_eval_success_once.pt,rgb,1,0,3267,5,0.15933063626289368,0.17433804273605347,0.019999999552965164,-0.08250600476939507,0.09777344763278961,0.2016248106956482,0.019999999552965164,-2.4390962906384477,0.06733390808294866,-2.3565902858690526,0.7850023677207405,0,0,200,0.0,0,0,-1,1,1,63,0,0,-1,0,1,1,0.05601201578974724,0.1313539445400238,0.031851936131715775,0.0013713521608432866
/workspace/ripl/t2/region,best_eval_success_once.pt,rgb,1,0,3272,6,0.006067894399166107,-0.05359983444213867,0.019999999552965164,1.7173615569660807,-0.04335859417915344,-0.020072028040885925,0.019999999552965164,-2.2374699910963365,0.059725133530722535,2.328353759117169,0.7575574323222725,0,0,200,0.0,0,0,-1,0,0,-1,0,0,-1,1,1,1,0.02665780857205391,-0.058650240302085876,0.019999902695417404,0.008366394514578157
/workspace/ripl/t2/region,best_eval_success_once.pt,rgb,1,0,3279,7,-0.13140839338302612,0.05639299005270004,0.019999999552965164,-2.3243137748019453,-0.10033188760280609,-0.007840640842914581,0.019999999552965164,-2.5683826702427996,0.0713562089067385,-0.2440688954408543,-0.2440688954408543,1,1,200,101.0,1,1,100,0,1,47,1,1,95,1,1,1,-0.08801129460334778,-0.009057183749973774,0.05999854952096939,0.001056011649700708
/workspace/ripl/t2/region,best_eval_success_once.pt,rgb,1,0,3281,8,-0.11516612023115158,0.14335975050926208,0.019999999552965164,-1.4410416694308559,-0.14728641510009766,0.20790612697601318,0.019999999552965164,0.7574693439199258,0.0720967964437783,2.1985110133507817,0.6277146865558851,0,0,200,0.0,0,0,-1,0,1,50,0,1,93,1,1,1,-0.11473800241947174,0.15368211269378662,0.019999898970127106,0.002286329630623423
/workspace/ripl/t2/region,best_eval_success_once.pt,rgb,1,0,3301,9,-0.10515724122524261,-0.08262572437524796,0.019999999552965164,1.522735513504044,-0.16439256072044373,-0.05951342731714249,0.019999999552965164,-0.6178052909175253,0.06358459995156582,-2.140540804421569,-0.5697444776266725,0,0,200,0.0,0,0,-1,1,1,48,0,0,-1,0,1,1,-0.055045582354068756,0.038310643285512924,0.12650266289710999,0.005843536583271008
/workspace/ripl/t2/region,best_eval_success_once.pt,rgb,1,0,3339,0,-0.05883905664086342,-0.1597856730222702,0.019999999552965164,-0.37148743840567144,-0.0765514001250267,-0.10124033689498901,0.019999999552965164,-1.1822308112392266,0.06116603219072917,-0.8107433728335551,0.7600529539613414,1,0,200,25.0,0,1,102,0,1,52,0,1,100,1,1,1,-0.018211830407381058,-0.05436723306775093,0.019999949261546135,0.0048801108914319135
/workspace/ripl/t2/region,best_eval_success_once.pt,rgb,1,0,3366,1,0.03280865401029587,0.06398145109415054,0.019999999552965164,0.8852635446379624,0.0799795463681221,0.014835961163043976,0.019999999552965164,-0.7544949661559812,0.0681202779383799,-1.6397585107939436,-0.06896218399904708,1,1,200,108.0,1,1,93,0,1,46,1,1,90,1,1,1,0.0688590407371521,0.002264993265271187,0.05998832359910011,8.67993918610314e-06
/workspace/ripl/t2/region,best_eval_success_once.pt,rgb,1,0,3388,2,0.08070968091487885,-0.07794753462076187,0.019999999552965164,-0.48966532279616404,0.13926555216312408,-0.0750354751944542,0.019999999552965164,0.18971664998792015,0.05862823677839391,0.6793819727840842,0.6793819727840842,0,0,200,0.0,0,0,-1,0,1,145,0,0,-1,1,1,1,0.16983526945114136,-0.060905564576387405,0.019999925047159195,0.0855961365621465
/workspace/ripl/t2/region,best_eval_success_once.pt,rgb,1,0,3391,3,0.0338108167052269,0.0016625672578811646,0.019999999552965164,-2.8113621638323103,-0.01777547597885132,-0.05314713716506958,0.019999999552965164,-0.22221261440535933,0.07526785032016398,2.589149549426951,-0.5524431041628421,1,1,200,112.0,1,1,89,0,1,42,1,1,86,1,1,1,-0.0122511126101017,-0.05132973939180374,0.05999748408794403,8.470510654333747e-07
/workspace/ripl/t2/region,best_eval_success_once.pt,rgb,1,0,3392,4,0.031461089849472046,0.07842153310775757,0.019999999552965164,1.9648729734107337,0.05478861927986145,0.013636559247970581,0.019999999552965164,-1.4671875864543917,0.06885685490449711,2.8511247473144605,-0.2904679062753326,0,0,200,0.0,0,0,-1,0,1,42,0,1,83,1,1,1,0.062028348445892334,-0.04981882870197296,0.019999925047159195,0.060618876234178644
/workspace/ripl/t2/region,best_eval_success_once.pt,rgb,1,0,3409,5,-0.18704810738563538,-0.06664875894784927,0.019999999552965164,-0.5221055518422348,-0.17225965857505798,-0.00015325099229812622,0.019999999552965164,0.07034852490670707,0.0681201203499365,0.5924540767489419,0.5924540767489419,1,1,200,85.0,1,1,116,0,1,62,1,1,110,1,1,1,-0.15895810723304749,0.00531563488766551,0.059998538345098495,4.0269074528734276e-07
/workspace/ripl/t2/region,best_eval_success_once.pt,rgb,1,0,3410,6,0.08423188328742981,-0.06991682201623917,0.019999999552965164,-1.0083506834110416,0.1503591239452362,-0.04860085994005203,0.019999999552965164,-1.5345063518975879,0.06947792596392678,-0.5261556684865463,-0.5261556684865463,0,0,200,0.0,0,0,-1,0,1,51,0,0,-1,1,1,1,0.10178627818822861,-0.06955312192440033,0.01999991200864315,0.023826431896300567
/workspace/ripl/t2/region,best_eval_success_once.pt,rgb,1,0,3417,7,-0.04380461201071739,0.1396562159061432,0.019999999552965164,-1.7930572313686461,-0.03146182745695114,0.2064017653465271,0.019999999552965164,-2.040800353219839,0.06787718836722263,-0.24774312185119296,-0.24774312185119296,1,1,200,45.0,1,1,104,0,1,55,1,1,96,1,1,1,-0.031817156821489334,0.19101618230342865,0.05999903380870819,0.0010288789110263273
/workspace/ripl/t2/region,best_eval_success_once.pt,rgb,1,0,3423,8,-0.0935882031917572,-0.059281155467033386,0.019999999552965164,1.4549062891571665,-0.08146889507770538,0.015148356556892395,0.019999999552965164,-1.8157409162444642,0.07540974664645834,3.012538101777956,-0.12905455181183711,1,1,200,100.0,1,1,101,0,1,48,1,1,95,1,1,1,-0.06409593671560287,0.001408297917805612,0.059999726712703705,0.004123909082123359
/workspace/ripl/t2/region,best_eval_success_once.pt,rgb,1,0,3424,9,-0.013913393020629883,0.11214647442102432,0.019999999552965164,0.5443051228053699,-0.0009004324674606323,0.1749473512172699,0.019999999552965164,1.2158049360048426,0.06413491458430076,0.6714998131994729,0.6714998131994729,1,1,200,114.0,1,1,87,0,1,45,1,1,85,1,1,1,0.0033233375288546085,0.17008264362812042,0.059998296201229095,1.9754844960505438e-06
/workspace/ripl/t2/region,best_eval_success_once.pt,rgb,1,0,3427,0,0.001520603895187378,0.09217289835214615,0.019999999552965164,0.7277226173003157,0.04990050196647644,0.043611712753772736,0.019999999552965164,-0.5168441295399018,0.06854781750069062,-1.244566746840217,0.3262295799546795,1,0,200,103.0,0,1,90,1,1,43,1,1,85,0,1,1,0.06170370802283287,0.03945121541619301,0.06002019718289375,0.006549298522823612
/workspace/ripl/t2/region,best_eval_success_once.pt,rgb,1,0,3445,1,0.01832706481218338,-0.10464993864297867,0.019999999552965164,-2.333895371817329,0.02532394975423813,-0.025522224605083466,0.019999999552965164,1.5392827433328788,0.0794364622056853,-2.4100071920293784,0.7315854615604147,1,1,200,114.0,1,1,87,0,1,43,1,1,84,1,1,1,0.027888381853699684,-0.026859749108552933,0.060001667588949203,6.489841690105491e-07
/workspace/ripl/t2/region,best_eval_success_once.pt,rgb,1,0,3487,2,0.07865709066390991,0.015337355434894562,0.019999999552965164,-2.2007688887840473,0.024521268904209137,-0.027498312294483185,0.019999999552965164,2.5607883743877804,0.06903319221519273,-1.521628044007759,0.049168282787137585,1,1,200,110.0,1,1,91,0,1,45,1,1,90,1,1,1,0.024760350584983826,-0.01880715787410736,0.05999955162405968,2.626593852113372e-07
/workspace/ripl/t2/region,best_eval_success_once.pt,rgb,1,0,3491,3,0.025394901633262634,0.01137331873178482,0.019999999552965164,2.591936604678302,-0.05347144603729248,0.007156692445278168,0.019999999552965164,-0.12385636896854901,0.07897898918150911,-2.7157929736468507,0.42579967994294243,0,0,200,0.0,0,0,-1,0,1,37,0,1,75,1,1,1,-0.08398444950580597,-0.055794406682252884,0.01999993436038494,0.08983360131100175
/workspace/ripl/t2/region,best_eval_success_once.pt,rgb,1,0,3520,4,-0.001682974398136139,0.06062433868646622,0.019999999552965164,-1.439850623626536,-0.015029028058052063,-0.008372567594051361,0.019999999552965164,-1.0087259757198677,0.07027581536044873,0.4311246479066684,0.4311246479066684,1,1,200,118.0,1,1,83,0,1,37,1,1,77,1,1,1,-0.0288169477134943,-0.013678915798664093,0.05999644473195076,3.555274373593578e-07
/workspace/ripl/t2/region,best_eval_success_once.pt,rgb,1,0,3521,5,-0.059918295592069626,-0.21334654092788696,0.019999999552965164,-1.5582307408487601,6.083399057388306e-05,-0.1609685868024826,0.019999999552965164,1.9353521240619251,0.07963005754019335,-2.789602442268901,0.35199021132089214,1,1,200,64.0,1,1,137,0,1,93,1,1,133,1,1,1,0.0021874266676604748,-0.15789532661437988,0.05999869108200073,0.00047822350183564645
/workspace/ripl/t2/region,best_eval_success_once.pt,rgb,1,0,3535,6,0.05132775008678436,0.010258711874485016,0.019999999552965164,0.621806720142903,0.05371365323662758,0.07984352856874466,0.019999999552965164,-1.8086074677575104,0.06962570824210083,-2.4304141879004133,0.7111784656893798,1,1,200,114.0,1,1,87,0,1,45,1,1,83,1,1,1,0.05473131313920021,0.08415919542312622,0.05998744070529938,9.377673793673922e-07
/workspace/ripl/t2/region,best_eval_success_once.pt,rgb,1,0,3551,7,-0.09740455448627472,0.21758872270584106,0.019999999552965164,-0.5231779526935769,-0.11211579293012619,0.1403678059577942,0.019999999552965164,-1.2843927127183186,0.07860973552913557,-0.7612147600247416,-0.7612147600247416,1,1,200,93.0,1,1,108,0,1,61,1,1,104,1,1,1,-0.11279216408729553,0.12549665570259094,0.06000062823295593,6.257853482956393e-06
/workspace/ripl/t2/region,best_eval_success_once.pt,rgb,1,0,3584,8,-0.10289649665355682,0.23307079076766968,0.019999999552965164,-1.853884126241499,-0.16834107041358948,0.21170544624328613,0.019999999552965164,2.7629721311966304,0.0688438100432999,-1.6663290497414565,-0.0955327229465599,0,0,200,0.0,0,0,-1,0,1,53,0,0,-1,1,1,1,0.028704121708869934,0.29220855236053467,0.019999910145998,0.1377919946358938
/workspace/ripl/t2/region,best_eval_success_once.pt,rgb,1,0,3590,9,0.01191239058971405,0.2115161418914795,0.019999999552965164,0.8727104125045777,0.018628090620040894,0.27595949172973633,0.019999999552965164,1.0575539841772859,0.06479232952497764,0.18484357167270815,0.18484357167270815,0,0,200,0.0,0,0,-1,1,1,39,0,0,-1,0,1,1,0.005067786667495966,0.18491727113723755,0.09466665983200073,0.0011004013167125882
/workspace/ripl/t2/region,best_eval_success_once.pt,rgb,1,0,3609,0,0.0655689388513565,0.17019975185394287,0.019999999552965164,-0.5720413323218319,0.03316309303045273,0.10205624252557755,0.019999999552965164,2.6176569971695387,0.07545645570097498,-3.0934869776882152,0.04810567590157788,0,0,200,0.0,0,0,-1,0,1,45,0,0,-1,1,1,1,0.025753727182745934,0.045499179512262344,0.01999991573393345,0.023291715052396793
/workspace/ripl/t2/region,best_eval_success_once.pt,rgb,1,0,3620,1,-0.0998757854104042,0.14853593707084656,0.019999999552965164,-1.136388647783395,-0.13409370183944702,0.09073638170957565,0.019999999552965164,-1.7115725680447715,0.06716884995818805,-0.5751839202613764,-0.5751839202613764,1,1,200,17.0,1,1,184,0,1,43,1,1,179,1,1,1,-0.09942781180143356,0.12143804132938385,0.0599941685795784,0.03497398850227308
/workspace/ripl/t2/region,best_eval_success_once.pt,rgb,1,0,3629,2,-0.0005028992891311646,0.0465976744890213,0.019999999552965164,-0.7458885153006709,-0.05620095878839493,0.005528315901756287,0.019999999552965164,2.579109509139541,0.06920235578904005,-2.958187282739374,0.1834053708504193,1,1,200,114.0,1,1,87,0,1,45,1,1,84,1,1,1,-0.05349517986178398,-0.007880796678364277,0.06000076234340668,7.311763547649354e-06
/workspace/ripl/t2/region,best_eval_success_once.pt,rgb,1,0,3632,3,-0.03261616826057434,-0.1921200305223465,0.019999999552965164,2.6744205264282717,-0.0704425573348999,-0.14156785607337952,0.019999999552965164,-1.2429227067378994,0.06313761202263708,2.3658420740134147,-0.7757505795763784,1,0,200,43.0,0,1,80,1,1,39,0,1,79,0,1,1,-0.06615158915519714,-0.12560836970806122,0.13601481914520264,0.001894951807176011
/workspace/ripl/t2/region,best_eval_success_once.pt,rgb,1,0,3634,4,-0.03031829372048378,0.03419223427772522,0.019999999552965164,2.8347916311333465,-0.010682042688131332,0.09533578157424927,0.019999999552965164,-0.4264882025119645,0.06421927849647516,3.021905473534275,-0.11968718005551793,1,1,200,95.0,1,1,76,0,1,38,1,1,74,1,1,1,-0.011932830326259136,0.09980524331331253,0.0599992536008358,0.003258284936759331
/workspace/ripl/t2/region,best_eval_success_once.pt,rgb,1,0,3645,5,0.08202613890171051,0.10233244299888611,0.019999999552965164,-0.9486688399769907,0.03514713793992996,0.1661299765110016,0.019999999552965164,-0.8301851772010673,0.07916922390300488,0.11848366277592337,0.11848366277592337,1,1,200,94.0,1,1,92,0,1,49,1,1,89,1,1,1,0.025424713268876076,0.15949313342571259,0.059997182339429855,0.0038257627982601476
/workspace/ripl/t2/region,best_eval_success_once.pt,rgb,1,0,3657,6,-0.016148239374160767,0.06300287693738937,0.019999999552965164,1.6560382105080116,0.02928873896598816,0.10846211761236191,0.019999999552965164,-2.711532695007241,0.0642733347775595,1.9156144016643335,0.34481807486943694,1,0,200,103.0,0,1,87,0,1,42,1,1,84,0,1,1,0.028342125937342644,0.09484554082155228,0.05999473109841347,1.7835544626692032e-06
/workspace/ripl/t2/region,best_eval_success_once.pt,rgb,1,0,3660,7,-0.048166319727897644,0.020071759819984436,0.019999999552965164,0.18712993812368195,0.001772131770849228,0.08019368350505829,0.019999999552965164,0.03334498434364086,0.07815685923632383,-0.1537849537800411,-0.1537849537800411,1,1,200,107.0,1,1,94,0,1,44,1,1,87,1,1,1,0.0037349893245846033,0.07210946828126907,0.05999884754419327,0.00012194418261471892
/workspace/ripl/t2/region,best_eval_success_once.pt,rgb,1,0,3665,8,0.018000997602939606,0.15037629008293152,0.019999999552965164,-3.0409656195975003,-0.047170065343379974,0.1809443235397339,0.019999999552965164,-2.9919529926531983,0.07198383231649547,0.049012626944302085,0.049012626944302085,1,1,200,120.0,1,1,81,0,1,36,1,1,80,1,1,1,-0.053924139589071274,0.18414869904518127,0.06000187247991562,2.4706287032634244e-06
/workspace/ripl/t2/region,best_eval_success_once.pt,rgb,1,0,3707,9,-0.13158956170082092,-0.034768491983413696,0.019999999552965164,2.2246415299456572,-0.08957433700561523,-0.08666437864303589,0.019999999552965164,2.0033261172000625,0.06677171675475309,-0.22131541274559474,-0.22131541274559474,1,1,200,96.0,1,1,105,0,1,49,1,1,101,1,1,1,-0.08239990472793579,-0.07808231562376022,0.059999316930770874,0.0006691683041024684
/workspace/ripl/t2/region,best_eval_success_once.pt,rgb,1,0,3715,0,0.022247537970542908,0.21438157558441162,0.019999999552965164,0.44641015266517226,-0.04863349348306656,0.20924508571624756,0.019999999552965164,-2.659869020316023,0.0710668991028406,-3.1062791729811954,0.035313480608597736,1,1,200,92.0,1,1,109,0,1,48,1,1,96,1,1,1,-0.06759415566921234,0.22034995257854462,0.05999728664755821,0.03041483243877877
/workspace/ripl/t2/region,best_eval_success_once.pt,rgb,1,0,3731,1,-0.022747468203306198,-0.15188276767730713,0.019999999552965164,-2.3816022911997514,-0.0702243447303772,-0.1128624677658081,0.019999999552965164,-2.6824634225798913,0.06145435387301762,-0.3008611313801399,-0.3008611313801399,0,0,200,0.0,0,0,-1,1,1,47,0,0,-1,0,1,1,-0.04250727966427803,-0.08656530827283859,0.09647074341773987,0.0011940708363468318
/workspace/ripl/t2/region,best_eval_success_once.pt,rgb,1,0,3736,2,0.025857336819171906,-0.060474760830402374,0.019999999552965164,0.7395776284451188,-0.0363534614443779,-0.05702289193868637,0.019999999552965164,0.07706381631829862,0.06230649098957257,-0.6625138121268201,-0.6625138121268201,0,0,200,0.0,0,0,-1,0,1,39,0,0,-1,1,1,1,0.05255790427327156,-0.06262991577386856,0.020000023767352104,0.028620041186079644
/workspace/ripl/t2/region,best_eval_success_once.pt,rgb,1,0,3739,3,-0.007974505424499512,-0.1329723298549652,0.019999999552965164,2.8821158559793987,-0.017902910709381104,-0.07482898980379105,0.019999999552965164,0.8340866721623179,0.058984923699258424,-2.0480291838170803,-0.47723285702218377,1,1,200,108.0,1,1,85,0,1,39,1,1,82,1,1,1,-0.008931195363402367,-0.06659802049398422,0.059999849647283554,0.0010518269087504497
/workspace/ripl/t2/region,best_eval_success_once.pt,rgb,1,0,3747,4,-0.18177947402000427,-0.01867486536502838,0.019999999552965164,-0.4385536378989481,-0.16178354620933533,-0.09021288901567459,0.019999999552965164,1.481748319291332,0.07428005086730824,1.9203019571902802,0.3495056303953836,1,1,200,75.0,1,1,126,0,1,60,1,1,123,1,1,1,-0.1469913125038147,-0.09012486785650253,0.05999096482992172,1.0800474296018e-05
/workspace/ripl/t2/region,best_eval_success_once.pt,rgb,1,0,3752,5,0.1371166855096817,-0.02900136262178421,0.019999999552965164,1.9868829923026137,0.06495833396911621,0.0001288875937461853,0.019999999552965164,1.4498979845447417,0.07781644539987186,-0.5369850077578722,-0.5369850077578722,1,1,200,95.0,1,1,106,0,1,51,1,1,101,1,1,1,0.06191931292414665,0.005898785311728716,0.060004740953445435,0.0023523729605495628
/workspace/ripl/t2/region,best_eval_success_once.pt,rgb,1,0,3756,6,0.09815897047519684,-0.10306086391210556,0.019999999552965164,-2.785655590742574,0.1447756439447403,-0.15348650515079498,0.019999999552965164,-1.0043575882184665,0.06867211617315322,1.7812980025241076,0.21050167572921108,0,0,200,0.0,0,0,-1,0,1,50,0,1,97,1,1,1,0.10298160463571548,-0.20386403799057007,0.019999895244836807,0.015867977675330748
/workspace/ripl/t2/region,best_eval_success_once.pt,rgb,1,0,3776,7,0.03322908282279968,0.08067230880260468,0.019999999552965164,3.1221499446815955,-0.033856429159641266,0.052475497126579285,0.019999999552965164,-2.8903000724672854,0.0727703655799493,0.2707352900307054,0.2707352900307054,1,1,200,106.0,1,1,95,0,1,43,1,1,93,1,1,1,-0.03726367652416229,0.04293240234255791,0.05999843031167984,0.0013119065970127691
/workspace/ripl/t2/region,best_eval_success_once.pt,rgb,1,0,3782,8,0.13152188062667847,-0.046124570071697235,0.019999999552965164,2.5575681127036978,0.15189297497272491,-0.11930634826421738,0.019999999552965164,2.627301006784463,0.07596416355278811,0.0697328940807651,0.0697328940807651,1,0,200,2.0,0,1,183,1,1,49,1,1,179,0,1,1,0.1656971275806427,-0.08484430611133575,0.06108678877353668,0.022313668881621573
/workspace/ripl/t2/region,best_eval_success_once.pt,rgb,1,0,3787,9,-0.006418220698833466,0.17578622698783875,0.019999999552965164,2.1166433313947186,-0.004215501248836517,0.2351331114768982,0.019999999552965164,-0.01866275568118514,0.059387748496917775,-2.1353060870759037,-0.5645097602810072,0,0,200,0.0,0,0,-1,1,1,41,0,0,-1,0,1,1,0.013451102189719677,0.1987975388765335,0.020234068855643272,0.011066729532871791
/workspace/ripl/t2/region,best_eval_success_once.pt,rgb,1,0,3790,0,0.04221927374601364,-0.027429305016994476,0.019999999552965164,-2.211306491965681,0.027514353394508362,0.04918774217367172,0.019999999552965164,0.8969290231885139,0.07801542541549643,3.108235515154195,-0.03335713843559818,1,0,200,1.0,0,1,95,0,1,50,1,1,92,0,1,1,0.021625002846121788,0.029235564172267914,0.05999157577753067,1.3506965616543741e-05
/workspace/ripl/t2/region,best_eval_success_once.pt,rgb,1,0,3794,1,-0.1238185316324234,0.05785595625638962,0.019999999552965164,-1.0664579876774667,-0.10671932995319366,0.11993717402219772,0.019999999552965164,0.3426211477661565,0.06439301435212255,1.4090791354436232,-0.16171719135127338,0,0,200,0.0,0,0,-1,0,1,56,0,1,103,1,1,1,0.12957775592803955,0.1702575534582138,0.0199999138712883,0.09934581312956954
/workspace/ripl/t2/region,best_eval_success_once.pt,rgb,1,0,3813,2,0.12898801267147064,-0.2194254994392395,0.019999999552965164,1.1268051205376004,0.053375110030174255,-0.2029249370098114,0.019999999552965164,-3.036231350037008,0.07739237434224137,2.1201488366049777,0.5493525098100811,0,0,200,0.0,0,0,-1,1,1,81,0,0,-1,0,1,1,0.006596441380679607,-0.2144423872232437,0.09473156929016113,0.002779709749601755
/workspace/ripl/t2/region,best_eval_success_once.pt,rgb,1,0,3825,3,-0.12438824772834778,-0.11110364645719528,0.019999999552965164,0.18321071025081936,-0.06916360557079315,-0.07416032999753952,0.019999999552965164,-1.1381429250215795,0.06644222853327718,-1.3213536352723985,0.2494426915224981,0,0,200,0.0,0,0,-1,1,1,63,0,0,-1,0,1,1,0.02226937934756279,-0.011888915672898293,0.07152971625328064,0.000769766988902256
/workspace/ripl/t2/region,best_eval_success_once.pt,rgb,1,0,3837,4,-0.03466656059026718,-0.10628172755241394,0.019999999552965164,2.9530498581226,0.03957083821296692,-0.09396345913410187,0.019999999552965164,-1.8884680994746317,0.07525244924848631,1.4416673495823549,-0.12912897721254168,1,0,200,9.0,0,1,176,1,1,44,1,1,173,0,1,1,0.05204685777425766,-0.07635845988988876,0.06030288711190224,0.010953052947879412
/workspace/ripl/t2/region,best_eval_success_once.pt,rgb,1,0,3854,5,-0.09128925949335098,-0.034401021897792816,0.019999999552965164,0.11778808391486573,-0.08573612570762634,-0.1048906221985817,0.019999999552965164,2.250290600029595,0.07070799845425645,2.1325025161147293,0.5617061893198327,1,1,200,105.0,1,1,96,0,1,48,1,1,94,1,1,1,-0.06628204137086868,-0.10818397253751755,0.059999898076057434,3.7594436635271447e-06
/workspace/ripl/t2/region,best_eval_success_once.pt,rgb,1,0,3884,6,0.004525810480117798,0.24080690741539001,0.019999999552965164,2.796981596103905,-0.007012858986854553,0.17126137018203735,0.019999999552965164,-0.30170183894489533,0.07049625977414463,-3.0986834350488,0.042909218540993166,0,0,200,0.0,0,0,-1,0,1,51,0,0,-1,1,1,1,0.00420432398095727,0.09885835647583008,0.019999893382191658,0.01862293596615294
/workspace/ripl/t2/region,best_eval_success_once.pt,rgb,1,0,3916,7,-0.10836000740528107,0.12994733452796936,0.019999999552965164,-1.3423946701511191,-0.05780254676938057,0.17065128684043884,0.019999999552965164,0.7704560847871398,0.06490661414529661,2.112850754938259,0.5420544281433624,1,1,200,105.0,1,1,96,0,1,42,1,1,92,1,1,1,-0.05190209671854973,0.1621280163526535,0.059992384165525436,5.4702498129340245e-06
/workspace/ripl/t2/region,best_eval_success_once.pt,rgb,1,0,3919,8,0.00634201243519783,0.0023161768913269043,0.019999999552965164,-1.2801625876484692,-0.006306391209363937,-0.0700635015964508,0.019999999552965164,0.03565831628451521,0.07347652667859195,1.3158209039329845,-0.2549754228619121,0,0,200,0.0,0,0,-1,1,1,45,0,1,90,0,1,1,0.006901055108755827,-0.12649783492088318,0.02002825029194355,6.92633479622386e-05
/workspace/ripl/t2/region,best_eval_success_once.pt,rgb,1,0,3928,9,-0.017478957772254944,0.002998046576976776,0.019999999552965164,2.5107157758556067,-0.07456311583518982,-0.03695522993803024,0.019999999552965164,2.8622808934508464,0.06967686420928215,0.3515651175952397,0.3515651175952397,1,1,200,117.0,1,1,83,0,1,40,1,1,80,1,1,1,-0.059633057564496994,-0.049764107912778854,0.05999133735895157,4.913849954308022e-06
/workspace/ripl/t2/region,best_eval_success_once.pt,rgb,1,0,3938,0,0.11548890173435211,-0.06531140208244324,0.019999999552965164,-0.41142540210410594,0.14698296785354614,0.006748706102371216,0.019999999552965164,-1.8138849877723207,0.07864181707162754,-1.4024595856682147,0.16833674112668184,0,0,200,0.0,0,0,-1,0,1,47,0,0,-1,1,1,1,0.15871202945709229,-0.07937619090080261,0.019999993965029716,0.0007710240709983344
/workspace/ripl/t2/region,best_eval_success_once.pt,rgb,1,0,3950,1,-0.054286353290081024,-0.07910449802875519,0.019999999552965164,-1.0579655866361044,0.004996344447135925,-0.04552049934864044,0.019999999552965164,1.7825227546720708,0.06813459633951152,2.840488341308175,-0.30110431228161794,1,1,200,14.0,1,1,187,0,1,138,1,1,183,1,1,1,0.01626831479370594,-0.026918750256299973,0.059995315968990326,0.021174042454893408
/workspace/ripl/t2/region,best_eval_success_once.pt,rgb,1,0,3961,2,0.009580358862876892,0.16085901856422424,0.019999999552965164,1.4789640462449054,0.04682815819978714,0.2100851833820343,0.019999999552965164,-0.37179360303225994,0.061730169756067675,-1.8507576492771651,-0.27996132248226857,0,0,200,0.0,0,0,-1,0,1,49,0,0,-1,1,1,1,0.011385876685380936,0.09374839812517166,0.019999992102384567,4.1210021537845035e-05
/workspace/ripl/t2/region,best_eval_success_once.pt,rgb,1,0,3981,3,-0.032771095633506775,0.04176369309425354,0.019999999552965164,-1.7447581136874666,-0.025685973465442657,-0.02448171377182007,0.019999999552965164,0.7188999426239153,0.06662321582592683,2.463658056311382,-0.6779345972784112,0,0,200,0.0,0,0,-1,0,1,44,0,1,86,1,1,1,0.061153657734394073,-0.06865590065717697,0.019999921321868896,0.00870090910536172
/workspace/ripl/t2/region,best_eval_success_once.pt,rgb,1,0,3990,4,-0.17589324712753296,-0.08771229535341263,0.019999999552965164,1.0690868900563926,-0.11135673522949219,-0.11106588691473007,0.019999999552965164,-1.742964263088524,0.0686320013315858,-2.8120511531449166,0.3295415004448765,1,0,200,32.0,0,1,122,0,1,63,1,1,114,0,1,1,-0.11234230548143387,-0.13004237413406372,0.05999477952718735,0.0007186242608780994
/workspace/ripl/t2/region,best_eval_success_once.pt,rgb,1,0,3991,5,0.03715534508228302,-0.19058093428611755,0.019999999552965164,2.290930695635381,0.09544646739959717,-0.13859234750270844,0.019999999552965164,-1.1315548480286521,0.07810677369311922,2.8606997635155533,-0.2808928900742398,1,1,200,98.0,1,1,103,0,1,53,1,1,99,1,1,1,0.08381469547748566,-0.14551150798797607,0.05998943746089935,6.154738792199904e-07
/workspace/ripl/t2/region,best_eval_success_once.pt,rgb,1,0,3996,6,0.0024155601859092712,0.1446073353290558,0.019999999552965164,2.1558629193276477,-0.004322558641433716,0.2063451111316681,0.019999999552965164,0.09155873350053367,0.06210438959031008,-2.0643041858271136,-0.49350785903221706,0,0,200,0.0,0,0,-1,0,1,57,0,1,98,1,1,1,-0.020165087655186653,0.14117544889450073,0.019999902695417404,0.06144224316160162
/workspace/ripl/t2/region,best_eval_success_once.pt,rgb,1,0,4018,7,0.05684901028871536,-0.07118631154298782,0.019999999552965164,-2.2508609950338716,0.1110677719116211,-0.045406706631183624,0.019999999552965164,0.6586268199022793,0.06003550733799286,2.909487814936151,-0.23210483865364218,1,1,200,100.0,1,1,101,0,1,49,1,1,94,1,1,1,0.11762456595897675,-0.03700648248195648,0.05999859422445297,0.0038868763169257916
/workspace/ripl/t2/region,best_eval_success_once.pt,rgb,1,0,4059,8,0.17388783395290375,-0.18941719830036163,0.019999999552965164,2.8058338355292474,0.10775911062955856,-0.1556665152311325,0.019999999552965164,0.009943162273121864,0.07424363040702607,-2.7958906732561255,0.3457019803336676,0,0,200,0.0,0,0,-1,0,1,133,0,0,-1,1,1,1,0.09152691811323166,-0.19510957598686218,0.01999989151954651,0.01743550317255632
/workspace/ripl/t2/region,best_eval_success_once.pt,rgb,1,0,4072,9,0.011836811900138855,0.07639586180448532,0.019999999552965164,-0.8625605706373962,0.06233735382556915,0.03779224306344986,0.019999999552965164,1.8432615993908084,0.0635652744402584,2.7058221700282044,-0.43577048356158876,0,0,200,0.0,0,0,-1,0,1,48,0,1,90,1,1,1,0.08452741801738739,-0.028609085828065872,0.019999904558062553,0.00436229099149356
/workspace/ripl/t2/region,best_eval_success_once.pt,rgb,1,0,4093,0,-0.034576885402202606,-0.2415326088666916,0.019999999552965164,2.3590997213916065,-0.03541962057352066,-0.16939976811408997,0.019999999552965164,2.1507279394677172,0.07213776346414659,-0.20837178192388928,-0.20837178192388928,0,0,200,0.0,0,0,-1,0,1,56,0,0,-1,1,1,1,-0.02832639589905739,-0.2651255130767822,0.01999993622303009,3.114451861778068e-06
/workspace/ripl/t2/region,best_eval_success_once.pt,rgb,1,0,4102,1,-0.005280628800392151,0.04812409728765488,0.019999999552965164,0.4449566743586644,0.015577849000692368,0.12182911485433578,0.019999999552965164,-0.8560154974022121,0.07659964563027089,-1.3009721717608764,0.26982415503402013,1,0,200,2.0,0,1,94,0,1,46,0,1,90,1,1,1,0.05138760805130005,0.05833415687084198,0.019999975338578224,0.00623177249870662
/workspace/ripl/t2/region,best_eval_success_once.pt,rgb,1,0,4116,2,-0.023740772157907486,-0.11130168288946152,0.019999999552965164,-0.43030577677864024,-0.047650523483753204,-0.05279989540576935,0.019999999552965164,-2.5294633122417842,0.06319917204561198,-2.099157535463144,-0.5283612086682474,1,1,200,114.0,1,1,87,0,1,42,1,1,85,1,1,1,-0.04812544956803322,-0.045595891773700714,0.06000468134880066,2.032056223505724e-06
/workspace/ripl/t2/region,best_eval_success_once.pt,rgb,1,0,4129,3,-0.018411599099636078,-0.19491666555404663,0.019999999552965164,-3.009122637724259,0.06011049449443817,-0.18836842477321625,0.019999999552965164,2.160094442259696,0.07879466123869235,-1.113968227195631,0.4568280995992655,1,1,200,102.0,1,1,99,0,1,48,1,1,92,1,1,1,0.05553194880485535,-0.20075510442256927,0.059992462396621704,0.00036944939739960947
/workspace/ripl/t2/region,best_eval_success_once.pt,rgb,1,0,4165,4,0.024839550256729126,0.2420298159122467,0.019999999552965164,-2.496085460650751,0.07398563623428345,0.2812046706676483,0.019999999552965164,-2.6807898035477837,0.06284908123449358,-0.18470434289703253,-0.18470434289703253,0,0,200,0.0,0,0,-1,1,1,39,0,0,-1,0,1,1,0.05408645421266556,0.20121093094348907,0.08296239376068115,5.628300944070481e-06
/workspace/ripl/t2/region,best_eval_success_once.pt,rgb,1,0,4173,5,-0.07005220651626587,0.13672468066215515,0.019999999552965164,2.3381583769826784,-0.1038149818778038,0.1874474585056305,0.019999999552965164,-0.41790324672808543,0.06093213595691707,-2.756061623710764,0.3855310298790293,1,1,200,69.0,1,1,88,0,1,47,1,1,87,1,1,1,-0.09293829649686813,0.1752520352602005,0.059995271265506744,7.981196033620413e-06
/workspace/ripl/t2/region,best_eval_success_once.pt,rgb,1,0,4185,6,0.030966155230998993,-0.06361126899719238,0.019999999552965164,-0.9640248748438198,0.06811463087797165,-0.11224570125341415,0.019999999552965164,-2.92775879586892,0.06119899708147794,-1.9637339210251001,-0.3929375942302036,0,0,200,0.0,0,0,-1,0,1,36,0,1,80,1,1,1,0.0476890504360199,-0.15612314641475677,0.020000001415610313,0.04807657849271485
/workspace/ripl/t2/region,best_eval_success_once.pt,rgb,1,0,4186,7,0.03929585963487625,-0.16411656141281128,0.019999999552965164,1.9641258947783258,0.07298921793699265,-0.10479757189750671,0.019999999552965164,0.21634821639666235,0.06822012101126476,-1.747777678381663,-0.17698135158676642,1,1,200,112.0,1,1,89,0,1,44,1,1,84,1,1,1,0.06620585918426514,-0.09712275117635727,0.059996794909238815,5.298300593364545e-07
/workspace/ripl/t2/region,best_eval_success_once.pt,rgb,1,0,4187,8,-0.14356869459152222,-0.10671032965183258,0.019999999552965164,-2.667460966325665,-0.08330400288105011,-0.15195482969284058,0.019999999552965164,1.4843758492749455,0.07535846237098405,-2.1313484915789758,-0.5605521647840792,0,0,200,0.0,0,0,-1,0,1,52,0,1,102,1,1,1,-0.08785902708768845,-0.21399511396884918,0.019999904558062553,0.023792708424244247
/workspace/ripl/t2/region,best_eval_success_once.pt,rgb,1,0,4189,9,-0.03488919138908386,-0.012028105556964874,0.019999999552965164,-1.4677241787211237,0.02165614813566208,-0.04698806256055832,0.019999999552965164,-2.171991362966657,0.06647987677231282,-0.7042671842455333,-0.7042671842455333,1,1,200,106.0,1,1,95,0,1,46,1,1,89,1,1,1,0.028709566220641136,-0.05378492921590805,0.05999745801091194,0.0004220063974694502
/workspace/ripl/t2/region,best_eval_success_once.pt,rgb,1,0,4195,0,0.10704348981380463,-0.06474732607603073,0.019999999552965164,-2.424255719141776,0.17028619349002838,-0.06927398592233658,0.019999999552965164,2.111577681963022,0.06340449682508965,-1.7473519060747886,-0.17655557927989207,0,0,200,0.0,0,0,-1,0,1,55,0,0,-1,1,1,1,0.14296065270900726,-0.07843636721372604,0.019999923184514046,0.0185011774761147
/workspace/ripl/t2/region,best_eval_success_once.pt,rgb,1,0,4226,1,-0.05935192480683327,0.07023505866527557,0.019999999552965164,1.1407456659406092,-0.0012669079005718231,0.1090606302022934,0.019999999552965164,-2.908308780200655,0.06986625934009039,2.234130861038322,0.6633345342434254,1,1,200,108.0,1,1,93,0,1,43,1,1,92,1,1,1,0.002405450213700533,0.10013400763273239,0.05999823659658432,1.0457956338663323e-06
/workspace/ripl/t2/region,best_eval_success_once.pt,rgb,1,0,4237,2,0.04236169904470444,0.11581014096736908,0.019999999552965164,-2.0038074609089573,0.058229558169841766,0.03931419551372528,0.019999999552965164,-2.3252801820049056,0.07812437919153055,-0.32147272109594827,-0.32147272109594827,0,0,200,0.0,0,0,-1,0,1,45,0,1,85,1,1,1,0.03371419757604599,-0.029522085562348366,0.01999995857477188,0.046743762920135205
/workspace/ripl/t2/region,best_eval_success_once.pt,rgb,1,0,4244,3,0.027200225740671158,0.2694263458251953,0.019999999552965164,-1.4259227299173345,0.05826345831155777,0.2065708041191101,0.019999999552965164,0.2527431955629704,0.07011236368086878,1.678665925480305,0.10786959868540835,0,0,200,0.0,0,0,-1,0,1,53,0,1,121,1,1,1,0.055137112736701965,0.15192364156246185,0.0199999138712883,0.027886156135543294
/workspace/ripl/t2/region,best_eval_success_once.pt,rgb,1,0,4252,4,-0.02667298913002014,-0.10005434602499008,0.019999999552965164,-0.7878697870445346,0.003195434808731079,-0.02755090594291687,0.019999999552965164,0.8511773499673327,0.07841474078462382,1.6390471370118673,0.06825081021697077,1,1,200,115.0,1,1,86,0,1,44,1,1,81,1,1,1,0.00461769662797451,-0.027390800416469574,0.06000233069062233,0.0006345126847168341
/workspace/ripl/t2/region,best_eval_success_once.pt,rgb,1,0,4253,5,0.019052021205425262,0.032267823815345764,0.019999999552965164,3.0652413305340667,-0.02055637538433075,0.1010696291923523,0.019999999552965164,1.2933063677430372,0.0793883713370345,-1.771934962791029,-0.20113863599613246,1,0,200,30.0,0,1,88,0,1,43,1,1,84,0,1,1,-0.00037388119380921125,0.11568421870470047,0.05999484285712242,0.00960671801370452
/workspace/ripl/t2/region,best_eval_success_once.pt,rgb,1,0,4257,6,0.036248497664928436,0.23346075415611267,0.019999999552965164,-2.882758725155089,-0.019311748445034027,0.19804975390434265,0.019999999552965164,1.5418903084012356,0.06588535411326599,-1.8585362736232618,-0.28773994682836523,0,0,200,0.0,0,0,-1,0,1,51,0,1,99,1,1,1,0.0063761393539607525,0.13120318949222565,0.01999988779425621,0.00010929213608079782
/workspace/ripl/t2/region,best_eval_success_once.pt,rgb,1,0,4289,7,-0.004168450832366943,-0.17060402035713196,0.019999999552965164,-2.4567061754390984,-0.01629890501499176,-0.1007593646645546,0.019999999552965164,2.2798049638912623,0.07089022392044927,-1.5466741678492255,0.024122158945671046,1,1,200,110.0,1,1,91,0,1,49,1,1,89,1,1,1,-0.008469282649457455,-0.09865681827068329,0.06000268831849098,9.688333479857817e-07
/workspace/ripl/t2/region,best_eval_success_once.pt,rgb,1,0,4294,8,-0.045817792415618896,0.07734670490026474,0.019999999552965164,-1.1455091819701604,0.022182278335094452,0.06341233104467392,0.019999999552965164,2.296390351210412,0.0694130851990415,-2.8412857739990134,0.30030687959077973,0,0,200,0.0,0,0,-1,1,1,40,0,0,-1,0,1,1,0.07039869576692581,0.06819567829370499,0.06716315448284149,0.047389737294411635
/workspace/ripl/t2/region,best_eval_success_once.pt,rgb,1,0,4300,9,-0.05283945053815842,0.18629872798919678,0.019999999552965164,2.0588262483692263,-0.1147163137793541,0.14707627892494202,0.019999999552965164,2.9271533710841893,0.07326081295732181,0.8683271227149629,-0.7024692040799336,1,1,200,76.0,1,1,88,0,1,42,1,1,87,1,1,1,-0.09707900881767273,0.14477159082889557,0.059989530593156815,7.879009236936483e-06
/workspace/ripl/t2/region,best_eval_success_once.pt,rgb,1,0,4304,0,-0.016031771898269653,0.20591264963150024,0.019999999552965164,1.5483701253489044,-0.07828414440155029,0.23142531514167786,0.019999999552965164,-2.355474211878617,0.06727744037730195,2.3793409699520645,-0.7622516836377287,0,0,200,0.0,0,0,-1,0,1,145,1,1,199,0,1,1,-0.0774548277258873,0.22296610474586487,0.05989924445748329,0.015378268573860182
/workspace/ripl/t2/region,best_eval_success_once.pt,rgb,1,0,4306,1,0.0032334178686141968,-0.11516863852739334,0.019999999552965164,-2.6665602383474063,-0.04935215413570404,-0.17302191257476807,0.019999999552965164,-2.887659832625733,0.0781808397308572,-0.2210995942783267,-0.2210995942783267,1,1,200,111.0,1,1,90,0,1,45,1,1,84,1,1,1,-0.03779229894280434,-0.1671200692653656,0.06000542268157005,4.877861886670934e-06
/workspace/ripl/t2/region,best_eval_success_once.pt,rgb,1,0,4319,2,0.03469789773225784,-0.09190788120031357,0.019999999552965164,0.35689959352646117,0.007572527974843979,-0.033280737698078156,0.019999999552965164,0.2002249429909182,0.0645982015206935,-0.15667465053554297,-0.15667465053554297,1,1,200,116.0,1,1,85,0,1,42,1,1,83,1,1,1,0.012116392143070698,-0.03018241748213768,0.06000267714262009,2.428953953874536e-06
/workspace/ripl/t2/region,best_eval_success_once.pt,rgb,1,0,4334,3,-0.10557640343904495,-0.011629380285739899,0.019999999552965164,-2.151074590552346,-0.14603957533836365,0.044254936277866364,0.019999999552965164,-1.2017053184416788,0.06899510937693462,0.9493692721106672,-0.6214270546842293,1,1,200,101.0,1,1,100,0,1,49,1,1,99,1,1,1,-0.13553141057491302,0.052242737263441086,0.059994835406541824,5.139249611248017e-06
/workspace/ripl/t2/region,best_eval_success_once.pt,rgb,1,0,4350,4,-0.18813034892082214,0.2139071375131607,0.019999999552965164,-2.1770749879035414,-0.18488693237304688,0.1385563760995865,0.019999999552965164,3.075081828337148,0.07542053431597902,-1.0310284909388967,0.5397678358559999,1,0,200,74.0,0,1,108,0,1,50,0,1,102,1,1,1,-0.15097232162952423,0.13329742848873138,0.055277496576309204,6.05562144128696e-05
/workspace/ripl/t2/region,best_eval_success_once.pt,rgb,1,0,4354,5,0.10239622741937637,-0.0338805690407753,0.019999999552965164,-2.4469564756461484,0.0303536057472229,-0.05664563924074173,0.019999999552965164,2.6050894173432715,0.0755538732204143,-1.2311394141901664,0.3396569126047302,1,1,200,109.0,1,1,92,0,1,47,1,1,91,1,1,1,0.02409844473004341,-0.0563335157930851,0.06000180542469025,0.0022557335799604306
/workspace/ripl/t2/region,best_eval_success_once.pt,rgb,1,0,4366,6,0.10592548549175262,-0.09061732888221741,0.019999999552965164,0.2948891025483569,0.12451934814453125,-0.03440215811133385,0.019999999552965164,2.8047607188644093,0.05921044800666515,2.5098716163160524,-0.6317210372737407,0,0,200,0.0,0,0,-1,0,1,50,0,1,91,1,1,1,0.14265961945056915,0.08117638528347015,0.01999993436038494,4.4807732243969415e-06
/workspace/ripl/t2/region,best_eval_success_once.pt,rgb,1,0,4385,7,0.044738203287124634,0.007798757404088974,0.019999999552965164,2.73096085917995,0.08659340441226959,-0.04061390832066536,0.019999999552965164,0.5647813454806485,0.06399721918804863,-2.1661795136993014,-0.5953831869044048,0,0,200,0.0,0,0,-1,0,1,55,0,0,-1,1,1,1,0.031829867511987686,-0.13405725359916687,0.020000219345092773,0.00011545370055604944
/workspace/ripl/t2/region,best_eval_success_once.pt,rgb,1,0,4389,8,0.010416299104690552,-0.09262903779745102,0.019999999552965164,0.907388579991435,-0.0293283611536026,-0.03581639379262924,0.019999999552965164,2.985425460593785,0.06933480033767862,2.07803688060235,0.5072405538074536,1,1,200,99.0,1,1,102,0,1,51,1,1,100,1,1,1,-0.038175858557224274,-0.030449651181697845,0.0599973239004612,3.049630240245075e-06
/workspace/ripl/t2/region,best_eval_success_once.pt,rgb,1,0,4395,9,-0.02601950615644455,-0.13608556985855103,0.019999999552965164,1.4366610189306188,-0.029423050582408905,-0.21596039831638336,0.019999999552965164,-3.1343360591091027,0.07994730974728077,1.7121882291398647,0.14139190234496812,0,0,200,0.0,0,0,-1,0,1,41,0,1,194,0,1,1,-0.05171389877796173,-0.16155578196048737,0.050542742013931274,0.05138847196489696
/workspace/ripl/t2/region,best_eval_success_once.pt,rgb,1,0,4399,0,-0.07399402558803558,-0.04537459462881088,0.019999999552965164,-2.336906441336021,-0.13271763920783997,-0.08794938027858734,0.019999999552965164,0.6796294981881386,0.07253326939889368,3.0165359395241595,-0.12505671406563357,0,0,200,0.0,0,0,-1,0,1,44,0,0,-1,1,1,1,0.014793417416512966,-0.06960629671812057,0.019999902695417404,0.08723453141847705
/workspace/ripl/t2/region,best_eval_success_once.pt,rgb,1,0,4403,1,0.07424642890691757,-0.06568925082683563,0.019999999552965164,-1.19323416698035,0.024660900235176086,-0.10156979411840439,0.019999999552965164,1.1329822751519658,0.061205702680013706,2.3262164421323157,0.7554201153374192,0,0,200,0.0,0,0,-1,1,1,49,0,1,99,0,1,1,0.010813037864863873,-0.08868488669395447,0.13060668110847473,0.000784524698569995
/workspace/ripl/t2/region,best_eval_success_once.pt,rgb,1,0,4407,2,-0.06825486570596695,-0.034937769174575806,0.019999999552965164,0.3022219386451006,-0.0004078671336174011,-0.015338614583015442,0.019999999552965164,-2.523327213623155,0.07062111636033717,-2.8255491522682554,0.3160435013215377,1,1,200,103.0,1,1,98,0,1,47,1,1,91,1,1,1,0.0009970682440325618,-0.012229734100401402,0.060001764446496964,0.004653887721379198
/workspace/ripl/t2/region,best_eval_success_once.pt,rgb,1,0,4410,3,-0.036992430686950684,-0.06289759278297424,0.019999999552965164,-2.8940273146645596,-0.10527318716049194,-0.03516224026679993,0.019999999552965164,2.351198075349969,0.07369878888961137,-1.0379599171650575,0.532836409629839,0,0,200,0.0,0,0,-1,0,1,46,0,1,151,1,1,1,-0.07684653997421265,-0.07986776530742645,0.019999990239739418,0.0032174363022130534
/workspace/ripl/t2/region,best_eval_success_once.pt,rgb,1,0,4416,4,0.04969894886016846,0.0284431129693985,0.019999999552965164,2.0175506258235845,0.01135798916220665,-0.03000028431415558,0.019999999552965164,2.2769850415503368,0.06989749549593367,0.2594344157267523,0.2594344157267523,0,0,200,0.0,0,0,-1,0,1,42,0,1,83,1,1,1,0.06785944104194641,-0.08382846415042877,0.019999904558062553,0.026907223351357677
/workspace/ripl/t2/region,best_eval_success_once.pt,rgb,1,0,4426,5,0.0002954155206680298,-0.01134471595287323,0.019999999552965164,-0.3392604191742161,-0.06833352893590927,0.025155410170555115,0.019999999552965164,-1.5555333307607953,0.0777315330110641,-1.2162729115865787,0.35452341520831787,1,1,200,93.0,1,1,92,0,1,41,1,1,86,1,1,1,-0.06534291803836823,0.03545648232102394,0.06000267341732979,0.0011573014260593789
/workspace/ripl/t2/region,best_eval_success_once.pt,rgb,1,0,4427,6,-0.06090477108955383,0.09745356440544128,0.019999999552965164,-1.6486065363110987,0.007514066994190216,0.13103654980659485,0.019999999552965164,-1.974240570877999,0.0762164963323799,-0.32563403456690043,-0.32563403456690043,1,1,200,103.0,1,1,98,0,1,45,1,1,91,1,1,1,0.005379131529480219,0.13686664402484894,0.06000383943319321,9.022631761642708e-07
/workspace/ripl/t2/region,best_eval_success_once.pt,rgb,1,0,4431,7,-0.002702653408050537,0.12461347877979279,0.019999999552965164,-2.1475681066207706,-0.07646942138671875,0.10348565876483917,0.019999999552965164,-0.713365824633077,0.07673278853660243,1.4342022819876936,-0.13659404480720294,1,1,200,110.0,1,1,91,0,1,43,1,1,90,1,1,1,-0.07847141474485397,0.10507001727819443,0.060002658516168594,0.0033709907349465046
/workspace/ripl/t2/region,best_eval_success_once.pt,rgb,1,0,4445,8,-0.14270390570163727,-0.012498639523983002,0.019999999552965164,-2.5691797533461695,-0.07486201822757721,-0.017075635492801666,0.019999999552965164,-0.1794675088252533,0.06799610715431884,2.3897122445209162,-0.7518804090688769,0,0,200,0.0,0,0,-1,0,1,47,0,1,104,1,1,1,-0.04145105555653572,-0.08146494626998901,0.019999926909804344,0.017172417535608806
/workspace/ripl/t2/region,best_eval_success_once.pt,rgb,1,0,4449,9,0.0829879567027092,0.037829943001270294,0.019999999552965164,-2.7565756471003127,0.12848564982414246,0.09049125760793686,0.019999999552965164,-1.6518763765723108,0.069593492048283,1.1046992705280019,-0.4660970562668947,1,1,200,108.0,1,1,93,0,1,47,1,1,91,1,1,1,0.11012349277734756,0.09408058971166611,0.059992000460624695,5.73855325736963e-05
/workspace/ripl/t2/region,best_eval_success_once.pt,rgb,1,0,4459,0,0.08239377290010452,0.08396656066179276,0.019999999552965164,2.5002650948321867,0.11222165822982788,0.14072230458259583,0.019999999552965164,-0.9165438432250577,0.06411643479831751,2.8663763691223423,-0.27521628446745083,0,0,200,0.0,0,0,-1,0,1,47,0,1,86,1,1,1,0.044937919825315475,0.07927246391773224,0.019999925047159195,0.014158223693130413
/workspace/ripl/t2/region,best_eval_success_once.pt,rgb,1,0,4467,1,0.06278698891401291,0.0681404247879982,0.019999999552965164,1.7733733315005202,0.14105328917503357,0.07181673496961594,0.019999999552965164,-0.3298714679061625,0.07835259416955963,-2.103244799406683,-0.5324484726117866,1,1,200,59.0,1,1,142,0,1,45,1,1,92,1,1,1,0.146691232919693,0.0854584351181984,0.059994887560606,0.00030644582399153524
/workspace/ripl/t2/region,best_eval_success_once.pt,rgb,1,0,4498,2,0.10193304717540741,0.11441149562597275,0.019999999552965164,-2.2710707284999394,0.027268484234809875,0.12599030137062073,0.019999999552965164,-2.6075516460705987,0.07555703608256972,-0.33648091757065934,-0.33648091757065934,1,1,200,111.0,1,1,90,0,1,47,1,1,89,1,1,1,0.02028445154428482,0.14049768447875977,0.059999581426382065,0.016880947455175627
/workspace/ripl/t2/region,best_eval_success_once.pt,rgb,1,0,4514,3,-0.021389193832874298,-0.06375862658023834,0.019999999552965164,0.81604515794213,0.036143653094768524,-0.0359710156917572,0.019999999552965164,-1.7894801250603098,0.06389193841549351,-2.6055252830024394,0.5360673705873538,1,1,200,106.0,1,1,86,0,1,39,1,1,84,1,1,1,0.034933216869831085,-0.026141926646232605,0.05999904125928879,0.0011399533748185937
/workspace/ripl/t2/region,best_eval_success_once.pt,rgb,1,0,4522,4,0.12309300899505615,-0.23399141430854797,0.019999999552965164,0.004512809708580701,0.05994419753551483,-0.22510001063346863,0.019999999552965164,-1.3500541802028474,0.06377169786093131,-1.3545669899114277,0.2162293368834689,0,0,200,0.0,0,0,-1,0,0,-1,0,0,-1,1,1,1,0.20350094139575958,-0.19362956285476685,0.019999898970127106,0.07887717268450756
/workspace/ripl/t2/region,best_eval_success_once.pt,rgb,1,0,4527,5,-0.0733647346496582,0.006541505455970764,0.019999999552965164,1.3437785473417294,-0.11549477279186249,-0.05123795568943024,0.019999999552965164,1.4281657534862682,0.07150808516606001,0.08438720614453876,0.08438720614453876,1,1,200,111.0,1,1,90,0,1,43,1,1,87,1,1,1,-0.09751102328300476,-0.053279660642147064,0.05998935550451279,1.419857244051318e-05
/workspace/ripl/t2/region,best_eval_success_once.pt,rgb,1,0,4541,6,0.0016162954270839691,-0.10612023621797562,0.019999999552965164,-3.010522206136528,-0.0076836831867694855,-0.04247235506772995,0.019999999552965164,1.8125904224754463,0.06432373105731608,-1.4600726785676112,0.11072364822728531,1,1,200,115.0,1,1,86,0,1,45,1,1,83,1,1,1,-0.001724343397654593,-0.04615715146064758,0.06000124663114548,1.6523334464836967e-06
/workspace/ripl/t2/region,best_eval_success_once.pt,rgb,1,0,4544,7,0.026987068355083466,0.05242817848920822,0.019999999552965164,1.657977542300043,-0.035999737679958344,0.0054469034075737,0.019999999552965164,1.1646565766215167,0.07857848269591487,-0.49332096567852624,-0.49332096567852624,1,1,200,104.0,1,1,97,0,1,41,1,1,90,1,1,1,-0.036213137209415436,0.01565735600888729,0.05999765917658806,9.468106719906153e-07
/workspace/ripl/t2/region,best_eval_success_once.pt,rgb,1,0,4552,8,-0.09550106525421143,0.0756564810872078,0.019999999552965164,2.125980835292552,-0.024649381637573242,0.05572512000799179,0.019999999552965164,0.513326309551573,0.07360176781696404,-1.6126545257409788,-0.041858198946082226,1,1,200,101.0,1,1,100,0,1,49,1,1,99,1,1,1,-0.0105861471965909,0.0476524792611599,0.05999862030148506,0.0038468384528066424
/workspace/ripl/t2/region,best_eval_success_once.pt,rgb,1,0,4557,9,0.10904736071825027,0.0644301250576973,0.019999999552965164,2.605331187239254,0.04511416703462601,0.07734426110982895,0.019999999552965164,2.3470044165751487,0.06522444453240503,-0.25832677066410525,-0.25832677066410525,0,0,200,0.0,0,0,-1,1,1,52,0,0,-1,0,1,1,0.1292334496974945,0.07167389243841171,0.09011149406433105,0.01925629589363525
/workspace/ripl/t2/region,best_eval_success_once.pt,rgb,1,0,4559,0,-0.08176173269748688,-0.1829943060874939,0.019999999552965164,0.9455557088161699,-0.015630550682544708,-0.16964638233184814,0.019999999552965164,0.7700037018718735,0.0674648078873715,-0.1755520069442964,-0.1755520069442964,1,1,200,92.0,1,1,109,0,1,57,1,1,108,1,1,1,0.000652580929454416,-0.16018417477607727,0.05999923497438431,0.006485564743258633
/workspace/ripl/t2/region,best_eval_success_once.pt,rgb,1,0,4562,1,-0.040154073387384415,0.18133673071861267,0.019999999552965164,2.070947830403252,-0.04050332307815552,0.10219282656908035,0.019999999552965164,-0.8666284440045384,0.07914467473795607,-2.9375762744077907,0.20401637918200244,1,1,200,114.0,1,1,87,0,1,45,1,1,86,1,1,1,-0.03312588855624199,0.09818493574857712,0.05999472364783287,1.4381184413378385e-05
/workspace/ripl/t2/region,best_eval_success_once.pt,rgb,1,0,4571,2,0.009320355951786041,0.050829388201236725,0.019999999552965164,-0.21181232829390106,-0.00856759399175644,0.11151426285505295,0.019999999552965164,1.486140944247996,0.0632663636139463,1.697953272541897,0.12715694574700054,1,1,200,118.0,1,1,83,0,1,41,1,1,81,1,1,1,-0.022331515327095985,0.11287026107311249,0.059994541108608246,3.6548905751517834e-06
/workspace/ripl/t2/region,best_eval_success_once.pt,rgb,1,0,4578,3,-0.02791605144739151,-0.09185099601745605,0.019999999552965164,1.5054363627691436,-0.05172004550695419,-0.16013111174106598,0.019999999552965164,-1.9057645167734982,0.0723104718309683,2.871984427636944,-0.26960822595284917,1,0,200,102.0,0,1,87,1,1,47,1,1,84,0,1,1,-0.017649782821536064,-0.15760555863380432,0.060886602848768234,0.0226615894928133
/workspace/ripl/t2/region,best_eval_success_once.pt,rgb,1,0,4584,4,0.009620673954486847,0.1442408561706543,0.019999999552965164,0.8482195196531359,-0.02203328162431717,0.21041718125343323,0.019999999552965164,-0.2672718175676989,0.07335720077297479,-1.1154913372208348,0.45530498957406174,1,1,200,97.0,1,1,82,0,1,39,1,1,80,1,1,1,-0.022966621443629265,0.19729876518249512,0.059991877526044846,0.004349434558045842
/workspace/ripl/t2/region,best_eval_success_once.pt,rgb,1,0,4595,5,0.1370786428451538,-0.0904872938990593,0.019999999552965164,-1.0069363376444223,0.07798060774803162,-0.07866639643907547,0.019999999552965164,-0.5775383378452967,0.06026865992454236,0.4293979997991255,0.4293979997991255,0,0,200,0.0,0,0,-1,0,0,-1,0,0,-1,1,1,1,0.1841164082288742,-0.1059543564915657,0.019999949261546135,0.035864956059103795
/workspace/ripl/t2/region,best_eval_success_once.pt,rgb,1,0,4605,6,0.03981819003820419,0.042075254023075104,0.019999999552965164,-0.1263516615845215,-0.027881048619747162,0.009484358131885529,0.019999999552965164,-0.929590951818227,0.07513556687652402,-0.8032392902337055,0.767557036561191,1,1,200,109.0,1,1,92,0,1,45,1,1,88,1,1,1,-0.030942590907216072,0.015595349483191967,0.059996023774147034,0.0028560788462954965
/workspace/ripl/t2/region,best_eval_success_once.pt,rgb,1,0,4620,7,-0.11333025246858597,-0.05688712000846863,0.019999999552965164,-0.1345508685030632,-0.06270727515220642,-0.008107751607894897,0.019999999552965164,0.333198153380998,0.07030016083860384,0.4677490218840612,0.4677490218840612,1,1,200,107.0,1,1,94,0,1,47,1,1,90,1,1,1,-0.054881367832422256,-0.013181783258914948,0.05999929830431938,0.00030382147997277275
/workspace/ripl/t2/region,best_eval_success_once.pt,rgb,1,0,4624,8,0.033922962844371796,-0.07330085337162018,0.019999999552965164,2.1354681345665916,0.0549997016787529,-0.1501772403717041,0.019999999552965164,-0.2411373297272834,0.07971328495350935,-2.376605464293875,0.7649871892959181,0,0,200,0.0,0,0,-1,0,1,42,1,1,86,0,1,1,0.07334771752357483,-0.1507485955953598,0.05999104306101799,0.0004971216063033171
/workspace/ripl/t2/region,best_eval_success_once.pt,rgb,1,0,4626,9,0.1151316836476326,-0.03382648527622223,0.019999999552965164,0.8451627257429157,0.052595000714063644,-0.052071332931518555,0.019999999552965164,2.0187652215812912,0.06514377313526372,1.1736024958383755,-0.39719383095652105,1,1,200,95.0,1,1,106,0,1,52,1,1,105,1,1,1,0.01737576723098755,-0.04221200570464134,0.05999693647027016,0.022247889487265075
/workspace/ripl/t2/region,best_eval_success_once.pt,rgb,1,1,2212,0,0.015520606189966202,-0.07070829719305038,0.019999999552965164,-0.13949900634082057,-0.038446251302957535,-0.019911833107471466,0.019999999552965164,-2.9882000179818053,0.07411276861148183,-2.848701011640985,0.2928916419488079,1,1,200,108.0,1,1,93,0,1,47,1,1,87,1,1,1,-0.0530274324119091,-0.020085573196411133,0.059994425624608994,2.3715796091953236e-06
/workspace/ripl/t2/region,best_eval_success_once.pt,rgb,1,1,2258,1,-0.09743046015501022,-0.154409721493721,0.019999999552965164,-1.2858111946276454,-0.09065470099449158,-0.09310083091259003,0.019999999552965164,1.662531752224911,0.06168217713805539,2.9483429468525566,-0.19324970673723652,0,0,200,0.0,0,0,-1,0,1,57,0,1,93,1,1,1,0.041591234505176544,-0.11627253144979477,0.019999951124191284,0.05821846740767137
/workspace/ripl/t2/region,best_eval_success_once.pt,rgb,1,1,2275,2,0.004501808434724808,-0.17986075580120087,0.019999999552965164,0.13599698597334697,0.08102108538150787,-0.18350397050380707,0.019999999552965164,1.7044552240471418,0.07660595771758076,1.5684582380737948,-0.00233808872110175,1,1,200,105.0,1,1,96,0,1,45,1,1,95,1,1,1,0.09227234870195389,-0.18348132073879242,0.059998996555805206,0.002553083789134393
/workspace/ripl/t2/region,best_eval_success_once.pt,rgb,1,1,2278,3,0.005504496395587921,0.021153096109628677,0.019999999552965164,-1.8921564220312597,-0.05644124746322632,0.047237638384103775,0.019999999552965164,2.3935719015915913,0.06721367813094817,-1.9974569835567353,-0.42666065676183873,1,1,200,103.0,1,1,93,0,1,45,1,1,92,1,1,1,-0.05334784835577011,0.06510092318058014,0.059995777904987335,0.00805728770599414
/workspace/ripl/t2/region,best_eval_success_once.pt,rgb,1,1,2313,4,0.011624090373516083,0.12897568941116333,0.019999999552965164,0.9283673948122857,-0.04706612974405289,0.10499439388513565,0.019999999552965164,-1.5369361141421187,0.0634006661838452,-2.4653035089544044,0.6762891446353887,1,1,200,110.0,1,1,91,0,1,43,1,1,87,1,1,1,-0.04743074253201485,0.0947369933128357,0.06000237539410591,0.005259180557812938
/workspace/ripl/t2/region,best_eval_success_once.pt,rgb,1,1,2340,5,0.10045807808637619,0.00039668381214141846,0.019999999552965164,0.7956297380899562,0.09324568510055542,0.05867670476436615,0.019999999552965164,-2.0138944000547294,0.05872460689330896,-2.8095241381446856,0.3320685154451075,1,1,200,106.0,1,1,95,0,1,52,1,1,94,1,1,1,0.08616206794977188,0.06267241388559341,0.05999906733632088,2.4470819209664204e-06
/workspace/ripl/t2/region,best_eval_success_once.pt,rgb,1,1,2371,6,-0.0765581876039505,0.0269010066986084,0.019999999552965164,-1.7831924938822885,-0.1371442973613739,0.03363850712776184,0.019999999552965164,-0.9499318629179463,0.060959581753579954,0.8332606309643422,-0.7375356958305543,0,0,200,0.0,0,0,-1,0,0,-1,0,0,-1,1,1,1,-0.012811503373086452,0.019285913556814194,0.019999979063868523,0.08243264281496454
/workspace/ripl/t2/region,best_eval_success_once.pt,rgb,1,1,2400,7,0.04628709703683853,0.02255774289369583,0.019999999552965164,-3.0868273477140438,0.07840549945831299,-0.05049969255924225,0.019999999552965164,-0.7319215572413085,0.07980589357351993,2.3549057904727353,0.7841094636778387,0,0,200,0.0,0,0,-1,0,1,46,0,1,87,1,1,1,0.03375748544931412,-0.09801574796438217,0.019999919459223747,0.015110752652964927
/workspace/ripl/t2/region,best_eval_success_once.pt,rgb,1,1,2424,8,0.04254939407110214,0.017008058726787567,0.019999999552965164,-0.24786024990209166,-0.004177488386631012,0.07003260403871536,0.019999999552965164,0.20724020701017087,0.07067534187929687,0.45510045691226253,0.45510045691226253,1,1,200,116.0,1,1,85,0,1,40,1,1,83,1,1,1,-0.015819497406482697,0.06833995133638382,0.05999588221311569,2.270700855527496e-06
/workspace/ripl/t2/region,best_eval_success_once.pt,rgb,1,1,2427,9,0.0032963380217552185,0.02213967591524124,0.019999999552965164,-0.8494718887239325,0.05535483360290527,0.08275363594293594,0.019999999552965164,-2.4499592954292293,0.07990080795844051,-1.6004874067052963,-0.029691079910399765,1,1,200,112.0,1,1,89,0,1,43,1,1,88,1,1,1,0.05216291546821594,0.07838349044322968,0.05999818071722984,6.611839333604252e-07
/workspace/ripl/t2/region,best_eval_success_once.pt,rgb,1,1,2464,0,-0.07512339949607849,-0.012090947479009628,0.019999999552965164,0.5664838636326799,-0.07612188160419464,-0.0713614970445633,0.019999999552965164,-1.0598681691583343,0.05927895927159131,-1.6263520327910141,-0.05555570599611759,0,0,200,0.0,0,0,-1,0,1,49,0,1,97,1,1,1,0.014900870621204376,-0.018915599212050438,0.019999898970127106,0.07417978577401381
/workspace/ripl/t2/region,best_eval_success_once.pt,rgb,1,1,2471,1,0.022563152015209198,0.05887531489133835,0.019999999552965164,2.5965554947403873,-0.03518948704004288,0.03171972185373306,0.019999999552965164,-2.392568480193642,0.0638184420921591,1.2940613322455565,-0.27673499454934003,1,1,200,107.0,1,1,94,0,1,44,1,1,88,1,1,1,-0.04261627420783043,0.012451748363673687,0.05999632552266121,0.004101268582128489
/workspace/ripl/t2/region,best_eval_success_once.pt,rgb,1,1,2476,2,-0.04426851123571396,-0.2691501975059509,0.019999999552965164,-0.589809674578869,-0.10652506351470947,-0.2675315737724304,0.019999999552965164,-1.9762888435879713,0.06227759022680644,-1.3864791690091023,0.18431715778579427,0,0,200,0.0,0,0,-1,0,0,-1,0,0,-1,1,1,1,0.038512181490659714,-0.3014358580112457,0.019999973475933075,0.11745024101055476
/workspace/ripl/t2/region,best_eval_success_once.pt,rgb,1,1,2483,3,0.026101283729076385,0.026651419699192047,0.019999999552965164,-0.8455317915333391,-0.0341440886259079,-0.0038774386048316956,0.019999999552965164,1.6841176461808502,0.06753899673179832,2.5296494377141894,-0.6119432158756037,1,1,200,103.0,1,1,98,0,1,51,1,1,97,1,1,1,-0.03305157646536827,-0.015276296995580196,0.060001175850629807,0.003173865136311477
/workspace/ripl/t2/region,best_eval_success_once.pt,rgb,1,1,2487,4,0.0452711284160614,-0.042740434408187866,0.019999999552965164,2.244536022069775,-0.026743367314338684,-0.017204493284225464,0.019999999552965164,1.8635490086940925,0.0764079307689345,-0.3809870133756825,-0.3809870133756825,0,0,200,0.0,0,0,-1,1,1,39,0,0,-1,0,1,1,0.0007228498579934239,0.02993941120803356,0.08003193885087967,0.0016531355967868036
/workspace/ripl/t2/region,best_eval_success_once.pt,rgb,1,1,2490,5,0.014225885272026062,-0.11716412007808685,0.019999999552965164,1.887980245968006,-0.023690909147262573,-0.17537209391593933,0.019999999552965164,3.1137690572854306,0.0694683490327985,1.2257888113174247,-0.3450075154774719,0,0,200,0.0,0,0,-1,0,1,37,0,1,74,1,1,1,-0.012583632953464985,-0.09731356799602509,0.019999932497739792,0.0003815200990568321
/workspace/ripl/t2/region,best_eval_success_once.pt,rgb,1,1,2496,6,-0.08842422813177109,0.046566180884838104,0.019999999552965164,-1.190543958756976,-0.04472050443291664,0.09627311676740646,0.019999999552965164,1.622232422987297,0.06618757390915286,2.812776381744273,-0.3288162718455201,1,1,200,104.0,1,1,97,0,1,44,1,1,92,1,1,1,-0.04277734458446503,0.09886015951633453,0.0599978044629097,0.0002051255659342806
/workspace/ripl/t2/region,best_eval_success_once.pt,rgb,1,1,2506,7,-0.027274444699287415,-0.06460008025169373,0.019999999552965164,-2.4473080074993607,0.02568066120147705,-0.09165483713150024,0.019999999552965164,2.2793800669951394,0.05946598280350387,-1.5564972326850857,0.014299094109810895,0,0,200,0.0,0,0,-1,0,1,150,0,0,-1,1,1,1,0.02199738286435604,-0.06433229893445969,0.019999923184514046,0.03772068846442581
/workspace/ripl/t2/region,best_eval_success_once.pt,rgb,1,1,2507,8,0.1084558367729187,0.1092514768242836,0.019999999552965164,1.9524633676233034,0.04038044810295105,0.06929317861795425,0.019999999552965164,0.3123070205569878,0.07893620296234867,-1.6401563470663154,-0.06936002027141885,0,0,200,0.0,0,0,-1,0,1,48,0,1,98,1,1,1,0.044011782854795456,0.0029969969764351845,0.019999898970127106,0.016691828688136574
/workspace/ripl/t2/region,best_eval_success_once.pt,rgb,1,1,2508,9,0.06859101355075836,0.052108921110630035,0.019999999552965164,0.20126831751377017,0.004942338913679123,0.04632613807916641,0.019999999552965164,-1.9065954705622676,0.06391083134059326,-2.1078637880760382,-0.5370674612811417,0,0,200,0.0,0,0,-1,0,1,44,0,0,-1,1,1,1,0.08436361700296402,0.05437743291258812,0.019999917596578598,0.030719141501016525
/workspace/ripl/t2/region,best_eval_success_once.pt,rgb,1,1,2518,0,0.04579771310091019,-0.05273822695016861,0.019999999552965164,-2.10756292611745,0.10439564287662506,-0.0167732834815979,0.019999999552965164,-0.7115510354992525,0.06875459644778012,1.3960118906181975,-0.17478443617669903,1,1,200,74.0,1,1,92,0,1,42,1,1,89,1,1,1,0.11010228842496872,-0.010286133736371994,0.059996116906404495,0.0036209456092435232
/workspace/ripl/t2/region,best_eval_success_once.pt,rgb,1,1,2519,1,0.17225827276706696,-0.02555256336927414,0.019999999552965164,-2.278656306962745,0.153462216258049,-0.08864372223615646,0.019999999552965164,-1.330266270342169,0.06583149753314427,0.9483900366205757,-0.6224062901743208,0,0,200,0.0,0,0,-1,0,1,57,0,1,179,0,1,1,0.13490034639835358,-0.11436241865158081,0.04939138516783714,0.012290720948831008
/workspace/ripl/t2/region,best_eval_success_once.pt,rgb,1,1,2554,2,0.025082580745220184,-0.15805616974830627,0.019999999552965164,0.27409572641020263,-0.036260344088077545,-0.1378001719713211,0.019999999552965164,-0.8089611577565243,0.06460077300655809,-1.0830568841667265,0.48773944262817004,0,0,200,0.0,0,0,-1,0,1,42,0,0,-1,1,1,1,-0.0163932666182518,0.00029973944765515625,0.019999993965029716,0.0132752857224999
/workspace/ripl/t2/region,best_eval_success_once.pt,rgb,1,1,2579,3,0.06034162640571594,-0.10357779264450073,0.019999999552965164,2.914922694463705,0.022075295448303223,-0.056402385234832764,0.019999999552965164,-0.8170931905296257,0.06074398035369759,2.5511694221862555,-0.5904232314035376,0,0,200,0.0,0,0,-1,1,1,47,0,1,93,0,1,1,-0.027761191129684448,-0.13565151393413544,0.02098488248884678,0.009007363065966606
/workspace/ripl/t2/region,best_eval_success_once.pt,rgb,1,1,2586,4,0.04670330137014389,0.03417002409696579,0.019999999552965164,-1.8109172451443616,-0.01135728508234024,0.08041193336248398,0.019999999552965164,1.7467682500424802,0.07422496798063843,-2.7254998119927443,0.41609284159704885,1,1,200,111.0,1,1,90,0,1,44,1,1,89,1,1,1,-0.021664917469024658,0.06498508900403976,0.05999327823519707,8.785334229198357e-06
/workspace/ripl/t2/region,best_eval_success_once.pt,rgb,1,1,2608,5,0.14353127777576447,0.14375263452529907,0.019999999552965164,0.6716499000308032,0.09073181450366974,0.10986035317182541,0.019999999552965164,-2.8237110423065523,0.0627412946723631,2.7878243648422307,-0.3537682887475624,1,1,200,100.0,1,1,101,0,1,54,1,1,100,1,1,1,0.08557095378637314,0.101718969643116,0.059995535761117935,0.0021971791243889666
/workspace/ripl/t2/region,best_eval_success_once.pt,rgb,1,1,2637,6,0.09730319678783417,-0.018906332552433014,0.019999999552965164,0.49396353988283215,0.0474633052945137,-0.0666937455534935,0.019999999552965164,2.7351405415402312,0.06904818336060611,2.241177001657399,0.6703806748625025,1,0,200,56.0,0,1,101,0,1,49,1,1,100,0,1,1,0.03941768407821655,-0.0800088420510292,0.059996698051691055,0.004417252158311506
/workspace/ripl/t2/region,best_eval_success_once.pt,rgb,1,1,2648,7,0.09632648527622223,-0.1826537400484085,0.019999999552965164,-1.918696151967377,0.11909687519073486,-0.12299082428216934,0.019999999552965164,1.4147722756584304,0.06386042729725733,-2.9497168795537787,0.1918757740360144,0,0,200,0.0,0,0,-1,1,1,76,0,1,124,0,1,1,0.10942505300045013,-0.16387808322906494,0.020000696182250977,0.016012285198370266
/workspace/ripl/t2/region,best_eval_success_once.pt,rgb,1,1,2658,8,-0.00679025799036026,-0.013641968369483948,0.019999999552965164,2.002019421314651,0.06478355079889297,-0.004366859793663025,0.019999999552965164,-1.3360479040725988,0.07217227822158485,2.945117981792336,-0.19647467179745703,1,1,200,102.0,1,1,99,0,1,44,1,1,97,1,1,1,0.06924843043088913,0.007073778193444014,0.05999135226011276,0.002419009307344285
/workspace/ripl/t2/region,best_eval_success_once.pt,rgb,1,1,2662,9,0.03851979225873947,-0.20565398037433624,0.019999999552965164,1.7430277895232225,0.06619546562433243,-0.13449232280254364,0.019999999552965164,2.4072358185294105,0.07635394164418795,0.664208029006188,0.664208029006188,1,1,200,81.0,1,1,120,0,1,74,1,1,119,1,1,1,0.058488745242357254,-0.1237955242395401,0.05999691039323807,3.771414425495289e-06
/workspace/ripl/t2/region,best_eval_success_once.pt,rgb,1,1,2678,0,-0.025903046131134033,0.001477368175983429,0.019999999552965164,-0.7464288032342283,-0.07795622199773788,-0.05767340213060379,0.019999999552965164,-2.66760131291867,0.07879306280163394,-1.9211725096844416,-0.3503761828895451,1,1,200,115.0,1,1,86,0,1,40,1,1,83,1,1,1,-0.07909205555915833,-0.042216185480356216,0.059997688978910446,2.117852926783546e-07
/workspace/ripl/t2/region,best_eval_success_once.pt,rgb,1,1,2733,1,-0.07505352795124054,-0.1702738106250763,0.019999999552965164,-1.0637696910250654,-0.1361800730228424,-0.21067458391189575,0.019999999552965164,0.7085763057292152,0.07327125626440124,1.7723459967542805,0.20154966995938395,0,0,200,0.0,0,0,-1,0,1,49,0,1,96,1,1,1,-0.11487503349781036,-0.15538354218006134,0.020000029355287552,0.033197675590057464
/workspace/ripl/t2/region,best_eval_success_once.pt,rgb,1,1,2734,2,-0.005768470466136932,0.0034396275877952576,0.019999999552965164,-2.3445456980665895,0.011144395917654037,0.07515529543161392,0.019999999552965164,2.7249387200701487,0.0736829835416624,-1.2137008890428476,0.357095437752049,1,1,200,123.0,1,1,78,0,1,36,1,1,75,1,1,1,0.0032137103844434023,0.06921862065792084,0.05999638885259628,2.2723035944936608e-05
/workspace/ripl/t2/region,best_eval_success_once.pt,rgb,1,1,2741,3,0.02030058205127716,0.06417208164930344,0.019999999552965164,0.8897972236931038,-0.0020171254873275757,-0.00532957911491394,0.019999999552965164,2.5750488316787936,0.07299699253231634,1.6852516079856898,0.11445528119079329,1,0,200,87.0,0,1,89,0,1,46,1,1,85,0,1,1,-0.007009265944361687,-0.02244730107486248,0.0600028894841671,1.6367959110611482e-05
/workspace/ripl/t2/region,best_eval_success_once.pt,rgb,1,1,2749,4,-0.1365244835615158,-0.033464767038822174,0.019999999552965164,-2.2806052259058625,-0.089981809258461,0.016303516924381256,0.019999999552965164,1.398920098852692,0.06814031567231173,-2.603659982421032,0.5379326711687611,0,0,200,0.0,0,0,-1,0,1,49,0,1,105,1,1,1,-0.10618798434734344,-0.055785924196243286,0.01999993622303009,0.005467627333196397
/workspace/ripl/t2/region,best_eval_success_once.pt,rgb,1,1,2750,5,-0.06296707689762115,0.1070479229092598,0.019999999552965164,0.9588046592491968,0.0038583576679229736,0.08532188087701797,0.019999999552965164,0.9865799737553731,0.07026848231789667,0.02777531450617632,0.02777531450617632,0,0,200,0.0,0,0,-1,0,1,50,0,0,-1,1,1,1,0.011457318440079689,0.07627375423908234,0.019999928772449493,0.05918997312709222
/workspace/ripl/t2/region,best_eval_success_once.pt,rgb,1,1,2753,6,0.03118158131837845,0.04133424907922745,0.019999999552965164,1.620027251320221,0.07411934435367584,-0.01990251988172531,0.019999999552965164,-2.6914737884769604,0.0747903293698621,1.9716842673824049,0.4008879405875083,1,1,200,6.0,1,1,193,0,1,40,1,1,190,1,1,1,0.09129345417022705,0.01416208315640688,0.059992462396621704,0.03018142304916699
/workspace/ripl/t2/region,best_eval_success_once.pt,rgb,1,1,2756,7,0.02656364068388939,-0.05429904907941818,0.019999999552965164,0.35471584705125725,0.040252529084682465,-0.11674698442220688,0.019999999552965164,-0.7290528540041437,0.06393066786939179,-1.0837687010554014,0.4870276257394952,0,0,200,0.0,0,0,-1,0,1,40,0,1,81,1,1,1,-0.0022063509095460176,-0.17198006808757782,0.019999898970127106,0.050268657727904655
/workspace/ripl/t2/region,best_eval_success_once.pt,rgb,1,1,2761,8,0.022571418434381485,-0.016220375895500183,0.019999999552965164,1.9502367816631796,0.06519728899002075,-0.062492936849594116,0.019999999552965164,1.8672824267834234,0.06291354971607033,-0.08295435487975622,-0.08295435487975622,0,0,200,0.0,0,0,-1,0,1,39,0,0,-1,1,1,1,0.07150053232908249,-0.1296268254518509,0.01999993994832039,0.01089641224371068
/workspace/ripl/t2/region,best_eval_success_once.pt,rgb,1,1,2762,9,-0.03987055644392967,-0.06733086705207825,0.019999999552965164,-0.4720047209015594,-0.07385435700416565,-0.008190393447875977,0.019999999552965164,1.4580873745102982,0.06820919526462133,1.9300920954118577,0.3592957686169611,1,1,200,105.0,1,1,96,0,1,49,1,1,95,1,1,1,-0.08488979190587997,-0.008311593905091286,0.05999325215816498,0.00015183184202422384
/workspace/ripl/t2/region,best_eval_success_once.pt,rgb,1,1,2765,0,0.004071913659572601,0.014498338103294373,0.019999999552965164,2.577741604397165,-0.057835474610328674,0.029616117477416992,0.019999999552965164,0.5689889389181362,0.06372654059028277,-2.0087526654790286,-0.4379563386841321,0,0,200,0.0,0,0,-1,0,0,-1,0,0,-1,1,1,1,0.04063921794295311,0.017957953736186028,0.019999971613287926,0.09420623326671408
/workspace/ripl/t2/region,best_eval_success_once.pt,rgb,1,1,2801,1,-0.060440145432949066,-0.06018368899822235,0.019999999552965164,1.3289442912737606,-0.058430157601833344,-0.13121947646141052,0.019999999552965164,-2.5568842418649247,0.07106421850408597,2.397356774040901,-0.7442358795488921,0,0,200,0.0,0,0,-1,0,1,47,0,1,91,1,1,1,-0.0353616327047348,-0.20984667539596558,0.019999932497739792,5.7215383172481205e-05
/workspace/ripl/t2/region,best_eval_success_once.pt,rgb,1,1,2806,2,-0.07931985706090927,0.0018990859389305115,0.019999999552965164,2.5871803005866156,-0.03451002389192581,-0.036692701280117035,0.019999999552965164,1.0888428144717528,0.05913752775854239,-1.4983374861148633,0.07245884068003328,1,1,200,99.0,1,1,102,0,1,47,1,1,98,1,1,1,-0.019788142293691635,-0.04208127781748772,0.05999550595879555,8.602836688508185e-06
/workspace/ripl/t2/region,best_eval_success_once.pt,rgb,1,1,2828,3,0.017344482243061066,0.08991803228855133,0.019999999552965164,2.124651616141431,-0.007913105189800262,0.015749529004096985,0.019999999552965164,1.395252940547275,0.07835121315196561,-0.7293986755941559,-0.7293986755941559,1,1,200,108.0,1,1,93,0,1,49,1,1,92,1,1,1,-0.0059581841342151165,0.008629884570837021,0.06000259518623352,6.827312365726805e-06
/workspace/ripl/t2/region,best_eval_success_once.pt,rgb,1,1,2832,4,-0.1526312679052353,-0.10674185305833817,0.019999999552965164,2.044565473361958,-0.09479290246963501,-0.1329832375049591,0.019999999552965164,-0.34759454277004265,0.06351288667614943,-2.392160016132001,0.749432637457792,0,0,200,0.0,0,0,-1,0,1,98,0,0,-1,1,1,1,0.029427893459796906,-0.04580759257078171,0.019999930635094643,0.025578878527737672
/workspace/ripl/t2/region,best_eval_success_once.pt,rgb,1,1,2840,5,-0.09543536603450775,-0.14367982745170593,0.019999999552965164,1.7691164526259122,-0.06396135687828064,-0.07470446079969406,0.019999999552965164,-2.793444025012211,0.07581698000544297,1.720624829541463,0.14982850274656645,0,0,200,0.0,0,0,-1,0,1,45,1,1,85,0,1,1,-0.043773092329502106,-0.08085792511701584,0.05999276414513588,0.0009488917234745861
/workspace/ripl/t2/region,best_eval_success_once.pt,rgb,1,1,2849,6,0.07017134875059128,0.12957370281219482,0.019999999552965164,2.7624099608838835,0.022117778658866882,0.18625196814537048,0.019999999552965164,-0.6623400172617515,0.07430727662711191,2.8584353290339513,-0.28315732455584186,0,0,200,0.0,0,0,-1,0,1,47,0,1,83,1,1,1,-0.027431832626461983,0.126249760389328,0.019999979063868523,0.031018542952005717
/workspace/ripl/t2/region,best_eval_success_once.pt,rgb,1,1,2852,7,-0.15927037596702576,-0.03874833881855011,0.019999999552965164,1.066380327375093,-0.1392754465341568,-0.10693526268005371,0.019999999552965164,-1.885907926142007,0.07105810149954682,-2.9522882535171,0.1893044000726931,0,0,200,0.0,0,0,-1,1,1,58,0,0,-1,0,1,1,-0.04892684146761894,-0.06447947770357132,0.028264859691262245,0.047515196890893716
/workspace/ripl/t2/region,best_eval_success_once.pt,rgb,1,1,2869,8,0.13632594048976898,0.13594259321689606,0.019999999552965164,-3.0948019671564797,0.07965703308582306,0.11425088346004486,0.019999999552965164,-1.1689870415081627,0.06067862340670288,1.925814925648317,0.35501859885342046,1,1,200,80.0,1,1,101,0,1,54,1,1,98,1,1,1,0.08666174858808517,0.09472114592790604,0.05998899042606354,0.0038362202083222978
/workspace/ripl/t2/region,best_eval_success_once.pt,rgb,1,1,2887,9,0.07959015667438507,-0.23034876585006714,0.019999999552965164,-3.05484394995044,0.012518398463726044,-0.23847290873527527,0.019999999552965164,-2.252996295539396,0.0675619896620014,0.801847654411044,-0.7689486723838526,0,0,200,0.0,0,0,-1,0,1,117,0,0,-1,1,1,1,0.12572763860225677,-0.23473836481571198,0.019999971613287926,0.03247522846666411
/workspace/ripl/t2/region,best_eval_success_once.pt,rgb,1,1,2909,0,0.022045932710170746,0.060145460069179535,0.019999999552965164,0.04982329153783693,0.08065511286258698,0.09556003659963608,0.019999999552965164,-2.0260742746844507,0.06847793972492122,-2.075897566222288,-0.5051012394273915,1,1,200,117.0,1,1,84,0,1,38,1,1,83,1,1,1,0.07107724249362946,0.09213767200708389,0.060003310441970825,1.2050841391672402e-05
/workspace/ripl/t2/region,best_eval_success_once.pt,rgb,1,1,2914,1,0.014678038656711578,0.17134883999824524,0.019999999552965164,3.119055986977007,-0.04611186683177948,0.15812012553215027,0.019999999552965164,2.815175761478858,0.06221263131973398,-0.30388022549814897,-0.30388022549814897,0,0,200,0.0,0,0,-1,1,1,38,0,0,-1,0,1,1,-0.03420540690422058,0.15281984210014343,0.10591012239456177,0.03015416207435704
/workspace/ripl/t2/region,best_eval_success_once.pt,rgb,1,1,2936,2,0.01701616868376732,-0.06171923130750656,0.019999999552965164,2.7380621026425342,0.05458802729845047,-0.002431817352771759,0.019999999552965164,-2.55254446381063,0.07019004212280987,0.9925787407264224,-0.5782175860684742,1,0,200,51.0,0,1,79,1,1,38,0,1,76,0,1,1,0.11023169010877609,-0.02664400078356266,0.1360362023115158,0.043745184295877544
/workspace/ripl/t2/region,best_eval_success_once.pt,rgb,1,1,2943,3,-0.12210987508296967,0.041450135409832,0.019999999552965164,-2.1278306296884626,-0.06063629686832428,0.0791831687092781,0.019999999552965164,1.2833821031339934,0.07213031693046436,-2.8719725743571303,0.26962007923266285,1,1,200,74.0,1,1,127,0,1,72,1,1,124,1,1,1,-0.054533883929252625,0.060850873589515686,0.05999978259205818,6.889850635992812e-06
/workspace/ripl/t2/region,best_eval_success_once.pt,rgb,1,1,2989,4,-0.04847516119480133,-0.13327166438102722,0.019999999552965164,-2.765128718009862,-0.032380491495132446,-0.05946967005729675,0.019999999552965164,-2.650694417365556,0.07553656570761862,0.11443430064430604,0.11443430064430604,1,1,200,116.0,1,1,85,0,1,45,1,1,82,1,1,1,-0.022321974858641624,-0.04672221094369888,0.05999855324625969,7.88552358347296e-06
/workspace/ripl/t2/region,best_eval_success_once.pt,rgb,1,1,3018,5,-0.01598520576953888,-0.02611977607011795,0.019999999552965164,2.9023995506738234,-0.06395526975393295,-0.07092491537332535,0.019999999552965164,-1.8684122268979806,0.06564013670496643,1.5123735296077818,-0.05842279718711474,0,0,200,0.0,0,0,-1,0,1,42,0,1,87,0,1,1,0.06853359937667847,-0.07997071743011475,0.020080022513866425,0.08403165488208149
/workspace/ripl/t2/region,best_eval_success_once.pt,rgb,1,1,3035,6,0.02000819891691208,0.09314867854118347,0.019999999552965164,2.34198877556006,0.039101578295230865,0.029535070061683655,0.019999999552965164,-2.1038691607225237,0.06641722908905114,1.8373273708970022,0.2665310441021056,0,0,200,0.0,0,0,-1,0,1,37,0,1,79,1,1,1,0.004272527992725372,-0.029441429302096367,0.019999900832772255,0.05244108769689888
/workspace/ripl/t2/region,best_eval_success_once.pt,rgb,1,1,3051,7,-0.025212742388248444,0.20732375979423523,0.019999999552965164,1.35090422767085,-0.016891218721866608,0.14623215794563293,0.019999999552965164,-0.25886281411521717,0.06165575052303151,-1.6097670417860677,-0.03897071499117111,1,1,200,113.0,1,1,88,0,1,46,1,1,86,1,1,1,-0.011099354363977909,0.13051632046699524,0.059995539486408234,7.878195445645912e-06
/workspace/ripl/t2/region,best_eval_success_once.pt,rgb,1,1,3057,8,-0.11275309324264526,-0.030310802161693573,0.019999999552965164,-2.5915092505209225,-0.05596005171537399,-0.013261742889881134,0.019999999552965164,-2.0892924179336676,0.05929688008632607,0.5022168325872549,0.5022168325872549,0,0,200,0.0,0,0,-1,1,1,48,0,1,120,0,1,1,-0.026383187621831894,0.010406877845525742,0.10829432308673859,0.0317180492116191
/workspace/ripl/t2/region,best_eval_success_once.pt,rgb,1,1,3066,9,0.12808693945407867,0.010434120893478394,0.019999999552965164,3.0759408493428464,0.0766681358218193,0.04517325758934021,0.019999999552965164,-0.7505481242794279,0.06205401667375467,2.4566963335573124,-0.6848963200324807,0,0,200,0.0,0,0,-1,0,1,55,0,1,102,1,1,1,0.10529547929763794,0.13773493468761444,0.019999893382191658,1.9036234883179582e-05
/workspace/ripl/t2/region,best_eval_success_once.pt,rgb,1,1,3075,0,-0.03791673481464386,0.09567481279373169,0.019999999552965164,1.9846141914704598,-0.036957934498786926,0.020152930170297623,0.019999999552965164,-2.232713162547342,0.07552796868070423,2.0658579531617844,0.4950616263668879,1,1,200,116.0,1,1,85,0,1,46,1,1,81,1,1,1,-0.03931129723787308,0.021310102194547653,0.05999797582626343,0.0005185923258079329
/workspace/ripl/t2/region,best_eval_success_once.pt,rgb,1,1,3081,1,0.12169292569160461,0.06198573112487793,0.019999999552965164,2.8727839262856163,0.04283381253480911,0.06685680150985718,0.019999999552965164,2.5600010048100676,0.07900941117722432,-0.31278292147554865,-0.31278292147554865,1,0,200,94.0,0,1,102,1,1,47,1,1,96,0,1,1,0.05636671930551529,0.06036081537604332,0.06000063195824623,0.0065354201209348855
/workspace/ripl/t2/region,best_eval_success_once.pt,rgb,1,1,3090,2,0.018815897405147552,0.055195897817611694,0.019999999552965164,0.2730980363989839,0.09023431688547134,0.036444902420043945,0.019999999552965164,2.770133014700407,0.0738389495420073,2.497034978301423,-0.6445576752883699,1,1,200,104.0,1,1,97,0,1,43,1,1,90,1,1,1,0.09511947631835938,0.025810398161411285,0.05999794974923134,0.0010832592975441985
/workspace/ripl/t2/region,best_eval_success_once.pt,rgb,1,1,3092,3,0.04822051152586937,0.0625583752989769,0.019999999552965164,-2.38870028144859,0.009337231516838074,0.01624632626771927,0.019999999552965164,0.5402770050669288,0.060470780958528585,2.9289772865155186,-0.21261536707427453,1,1,200,74.0,1,1,127,0,1,45,1,1,125,1,1,1,0.016482559964060783,0.006332073826342821,0.05999596789479256,6.893563085144257e-05
/workspace/ripl/t2/region,best_eval_success_once.pt,rgb,1,1,3096,4,-0.1754603087902069,0.017143018543720245,0.019999999552965164,-0.9810697855726813,-0.10926593840122223,0.023159213364124298,0.019999999552965164,0.23790671680806863,0.06646720447943594,1.21897650238075,-0.3518198244141466,0,0,200,0.0,0,0,-1,0,1,54,0,0,-1,1,1,1,-0.1364835798740387,0.0021222576033324003,0.01999993808567524,0.02525160312962576
/workspace/ripl/t2/region,best_eval_success_once.pt,rgb,1,1,3115,5,0.0478968471288681,0.0722350925207138,0.019999999552965164,0.2661130941517218,-0.011138126254081726,0.03647823631763458,0.019999999552965164,0.4882957750597927,0.06901942369980554,0.22218268090807092,0.22218268090807092,1,1,200,111.0,1,1,90,0,1,40,1,1,83,1,1,1,-0.00666014151647687,0.0026838837657123804,0.05999687314033508,0.01801345827141363
/workspace/ripl/t2/region,best_eval_success_once.pt,rgb,1,1,3116,6,0.12081165611743927,0.19085237383842468,0.019999999552965164,-0.3617213226297915,0.1494174748659134,0.13902050256729126,0.019999999552965164,-1.439446350620683,0.059201653234837115,-1.0777250279908914,0.49307129880400513,0,0,200,0.0,0,0,-1,1,1,50,0,0,-1,0,1,1,0.10733970999717712,0.13469940423965454,0.12525993585586548,0.0034585659903080854
/workspace/ripl/t2/region,best_eval_success_once.pt,rgb,1,1,3124,7,-0.01650603860616684,-0.08533450216054916,0.019999999552965164,2.0136421257071033,-0.08019319176673889,-0.12717905640602112,0.019999999552965164,-0.26593000023627944,0.0762038069764261,-2.2795721259433828,-0.7087757991484862,1,0,200,74.0,0,1,90,0,1,41,1,1,86,0,1,1,-0.06743531674146652,-0.11632958799600601,0.059993185102939606,2.4661871957847735e-06
/workspace/ripl/t2/region,best_eval_success_once.pt,rgb,1,1,3148,8,-0.032035019248723984,-0.0500078946352005,0.019999999552965164,0.9539933907338267,0.024230461567640305,-0.06755897402763367,0.019999999552965164,2.55501132799165,0.05893933083549685,1.6010179372578235,0.03022161046292693,0,0,200,0.0,0,0,-1,0,1,45,0,1,96,1,1,1,0.1606326699256897,-0.14223451912403107,0.019999921321868896,0.06272559135069189
/workspace/ripl/t2/region,best_eval_success_once.pt,rgb,1,1,3161,9,-0.0019569993019104004,0.22888904809951782,0.019999999552965164,2.2852606909881383,-0.07591976970434189,0.21756207942962646,0.019999999552965164,2.9165885559102707,0.07482507350381619,0.6313278649221323,0.6313278649221323,0,0,200,0.0,0,0,-1,1,1,38,0,0,-1,0,1,1,0.03490852564573288,0.2289663553237915,0.06391109526157379,0.018425773324261298
/workspace/ripl/t2/region,best_eval_success_once.pt,rgb,1,1,3177,0,0.07412339746952057,-0.10010028630495071,0.019999999552965164,-0.0727198749000344,0.0944724828004837,-0.03291071951389313,0.019999999552965164,-0.19880706016348526,0.07020344122175784,-0.12608718526345086,-0.12608718526345086,1,1,200,116.0,1,1,85,0,1,47,1,1,83,1,1,1,0.09040622413158417,-0.030707070603966713,0.05999830365180969,1.996230793288913e-06
/workspace/ripl/t2/region,best_eval_success_once.pt,rgb,1,1,3230,1,-0.056103646755218506,-0.23392148315906525,0.019999999552965164,3.1346256730374167,-0.009247519075870514,-0.1846390962600708,0.019999999552965164,-2.9629872758268796,0.06800184085424114,0.18557235831529084,0.18557235831529084,1,1,200,94.0,1,1,107,0,1,59,1,1,105,1,1,1,-0.007291908375918865,-0.1729409545660019,0.059996698051691055,2.0479239184139137e-06
/workspace/ripl/t2/region,best_eval_success_once.pt,rgb,1,1,3235,2,0.09320473670959473,0.16199670732021332,0.019999999552965164,-2.7022957670903,0.021278314292430878,0.13039477169513702,0.019999999552965164,-0.4504860030014437,0.07856266655978371,2.2518097640888564,0.6810134372939598,1,0,200,3.0,0,1,98,1,1,48,0,1,93,0,1,1,0.05466774106025696,0.08934277296066284,0.11213941872119904,0.005134123227572527
/workspace/ripl/t2/region,best_eval_success_once.pt,rgb,1,1,3254,3,0.060356058180332184,-0.10076040774583817,0.019999999552965164,1.5972078622304713,0.13548319041728973,-0.11569132655858994,0.019999999552965164,-0.06176406815120217,0.07659646424439115,-1.6589719303816732,-0.08817560358677667,1,1,200,94.0,1,1,107,0,1,44,1,1,106,1,1,1,0.128678560256958,-0.11401942372322083,0.06000353395938873,5.384459493123727e-05
/workspace/ripl/t2/region,best_eval_success_once.pt,rgb,1,1,3263,4,0.09475788474082947,0.08857610076665878,0.019999999552965164,-2.1631916721715303,0.12460258603096008,0.14379963278770447,0.019999999552965164,-0.9651506567428187,0.06277216488202858,1.1980410154287116,-0.372755311366185,0,0,200,0.0,0,0,-1,0,1,47,0,1,90,1,1,1,0.09388551115989685,0.07778532058000565,0.019999925047159195,0.0082990412703201
/workspace/ripl/t2/region,best_eval_success_once.pt,rgb,1,1,3267,5,0.15933063626289368,0.17433804273605347,0.019999999552965164,-0.08250600476939507,0.09777344763278961,0.2016248106956482,0.019999999552965164,-2.4390962906384477,0.06733390808294866,-2.3565902858690526,0.7850023677207405,1,1,200,20.0,1,1,172,0,1,61,1,1,171,1,1,1,0.10772914439439774,0.19429883360862732,0.05999722704291344,0.011714183663568793
/workspace/ripl/t2/region,best_eval_success_once.pt,rgb,1,1,3272,6,0.006067894399166107,-0.05359983444213867,0.019999999552965164,1.7173615569660807,-0.04335859417915344,-0.020072028040885925,0.019999999552965164,-2.2374699910963365,0.059725133530722535,2.328353759117169,0.7575574323222725,1,1,200,104.0,1,1,97,0,1,49,1,1,96,1,1,1,-0.05544862896203995,0.006037868093699217,0.06000493839383125,0.017062402141216577
/workspace/ripl/t2/region,best_eval_success_once.pt,rgb,1,1,3279,7,-0.13140839338302612,0.05639299005270004,0.019999999552965164,-2.3243137748019453,-0.10033188760280609,-0.007840640842914581,0.019999999552965164,-2.5683826702427996,0.0713562089067385,-0.2440688954408543,-0.2440688954408543,0,0,200,0.0,0,0,-1,0,1,48,1,1,95,0,1,1,-0.11246282607316971,-0.017952943220734596,0.059991318732500076,0.0023861615500137094
/workspace/ripl/t2/region,best_eval_success_once.pt,rgb,1,1,3281,8,-0.11516612023115158,0.14335975050926208,0.019999999552965164,-1.4410416694308559,-0.14728641510009766,0.20790612697601318,0.019999999552965164,0.7574693439199258,0.0720967964437783,2.1985110133507817,0.6277146865558851,0,0,200,0.0,0,0,-1,0,1,49,0,1,99,1,1,1,-0.1084597259759903,0.15678511559963226,0.019999932497739792,0.0033204639067929654
/workspace/ripl/t2/region,best_eval_success_once.pt,rgb,1,1,3301,9,-0.10515724122524261,-0.08262572437524796,0.019999999552965164,1.522735513504044,-0.16439256072044373,-0.05951342731714249,0.019999999552965164,-0.6178052909175253,0.06358459995156582,-2.140540804421569,-0.5697444776266725,0,0,200,0.0,0,0,-1,1,1,50,0,0,-1,0,1,1,-0.10366248339414597,0.003133331425487995,0.12424435466527939,0.00027871361978109845
/workspace/ripl/t2/region,best_eval_success_once.pt,rgb,1,1,3339,0,-0.05883905664086342,-0.1597856730222702,0.019999999552965164,-0.37148743840567144,-0.0765514001250267,-0.10124033689498901,0.019999999552965164,-1.1822308112392266,0.06116603219072917,-0.8107433728335551,0.7600529539613414,0,0,200,0.0,0,0,-1,0,1,47,0,1,87,1,1,1,-0.05631297081708908,-0.052299197763204575,0.019999945536255836,2.570839002494086e-06
/workspace/ripl/t2/region,best_eval_success_once.pt,rgb,1,1,3366,1,0.03280865401029587,0.06398145109415054,0.019999999552965164,0.8852635446379624,0.0799795463681221,0.014835961163043976,0.019999999552965164,-0.7544949661559812,0.0681202779383799,-1.6397585107939436,-0.06896218399904708,1,1,200,93.0,1,1,94,0,1,48,1,1,89,1,1,1,0.07255664467811584,-0.005174863152205944,0.05999298393726349,7.599859331678196e-05
/workspace/ripl/t2/region,best_eval_success_once.pt,rgb,1,1,3388,2,0.08070968091487885,-0.07794753462076187,0.019999999552965164,-0.48966532279616404,0.13926555216312408,-0.0750354751944542,0.019999999552965164,0.18971664998792015,0.05862823677839391,0.6793819727840842,0.6793819727840842,0,0,200,0.0,0,0,-1,0,1,55,0,0,-1,1,1,1,0.15097372233867645,-0.050631649792194366,0.019999919459223747,0.064486941628077
/workspace/ripl/t2/region,best_eval_success_once.pt,rgb,1,1,3391,3,0.0338108167052269,0.0016625672578811646,0.019999999552965164,-2.8113621638323103,-0.01777547597885132,-0.05314713716506958,0.019999999552965164,-0.22221261440535933,0.07526785032016398,2.589149549426951,-0.5524431041628421,1,1,200,122.0,1,1,79,0,1,39,1,1,78,1,1,1,-0.004709627944976091,-0.048783693462610245,0.05999840795993805,1.2472554122375648e-05
/workspace/ripl/t2/region,best_eval_success_once.pt,rgb,1,1,3392,4,0.031461089849472046,0.07842153310775757,0.019999999552965164,1.9648729734107337,0.05478861927986145,0.013636559247970581,0.019999999552965164,-1.4671875864543917,0.06885685490449711,2.8511247473144605,-0.2904679062753326,0,0,200,0.0,0,0,-1,0,1,43,0,1,81,1,1,1,0.053542349487543106,-0.048362866044044495,0.019999897107481956,0.04967440216248337
/workspace/ripl/t2/region,best_eval_success_once.pt,rgb,1,1,3409,5,-0.18704810738563538,-0.06664875894784927,0.019999999552965164,-0.5221055518422348,-0.17225965857505798,-0.00015325099229812622,0.019999999552965164,0.07034852490670707,0.0681201203499365,0.5924540767489419,0.5924540767489419,1,1,200,94.0,1,1,107,0,1,56,1,1,106,1,1,1,-0.15887683629989624,0.002450705273076892,0.059994887560606,2.8903633939801962e-06
/workspace/ripl/t2/region,best_eval_success_once.pt,rgb,1,1,3410,6,0.08423188328742981,-0.06991682201623917,0.019999999552965164,-1.0083506834110416,0.1503591239452362,-0.04860085994005203,0.019999999552965164,-1.5345063518975879,0.06947792596392678,-0.5261556684865463,-0.5261556684865463,1,1,200,2.0,1,1,199,0,1,51,1,1,197,1,1,1,0.1592901200056076,-0.030478069558739662,0.0600036084651947,0.029043683498188196
/workspace/ripl/t2/region,best_eval_success_once.pt,rgb,1,1,3417,7,-0.04380461201071739,0.1396562159061432,0.019999999552965164,-1.7930572313686461,-0.03146182745695114,0.2064017653465271,0.019999999552965164,-2.040800353219839,0.06787718836722263,-0.24774312185119296,-0.24774312185119296,0,0,200,0.0,0,0,-1,0,1,54,0,1,94,0,1,1,0.0005864022532477975,0.09523263573646545,0.04725850746035576,1.2469209416945007e-06
/workspace/ripl/t2/region,best_eval_success_once.pt,rgb,1,1,3423,8,-0.0935882031917572,-0.059281155467033386,0.019999999552965164,1.4549062891571665,-0.08146889507770538,0.015148356556892395,0.019999999552965164,-1.8157409162444642,0.07540974664645834,3.012538101777956,-0.12905455181183711,1,1,200,108.0,1,1,93,0,1,46,1,1,89,1,1,1,-0.06711088120937347,0.012461916543543339,0.05999657139182091,0.0018308506437429233
/workspace/ripl/t2/region,best_eval_success_once.pt,rgb,1,1,3424,9,-0.013913393020629883,0.11214647442102432,0.019999999552965164,0.5443051228053699,-0.0009004324674606323,0.1749473512172699,0.019999999552965164,1.2158049360048426,0.06413491458430076,0.6714998131994729,0.6714998131994729,1,1,200,112.0,1,1,89,0,1,41,1,1,88,1,1,1,-0.008098239079117775,0.16704121232032776,0.05999830365180969,1.1913321347109997e-06
/workspace/ripl/t2/region,best_eval_success_once.pt,rgb,1,1,3427,0,0.001520603895187378,0.09217289835214615,0.019999999552965164,0.7277226173003157,0.04990050196647644,0.043611712753772736,0.019999999552965164,-0.5168441295399018,0.06854781750069062,-1.244566746840217,0.3262295799546795,1,1,200,111.0,1,1,90,0,1,45,1,1,85,1,1,1,0.050465404987335205,0.0294411089271307,0.0599975511431694,0.00012203263234443121
/workspace/ripl/t2/region,best_eval_success_once.pt,rgb,1,1,3445,1,0.01832706481218338,-0.10464993864297867,0.019999999552965164,-2.333895371817329,0.02532394975423813,-0.025522224605083466,0.019999999552965164,1.5392827433328788,0.0794364622056853,-2.4100071920293784,0.7315854615604147,1,1,200,114.0,1,1,87,0,1,44,1,1,83,1,1,1,0.03266355022788048,-0.023830410093069077,0.059998735785484314,0.00010422569603874572
/workspace/ripl/t2/region,best_eval_success_once.pt,rgb,1,1,3487,2,0.07865709066390991,0.015337355434894562,0.019999999552965164,-2.2007688887840473,0.024521268904209137,-0.027498312294483185,0.019999999552965164,2.5607883743877804,0.06903319221519273,-1.521628044007759,0.049168282787137585,1,1,200,71.0,1,1,130,0,1,44,1,1,128,1,1,1,0.028331272304058075,-0.052178457379341125,0.05999971553683281,0.012035839885971776
/workspace/ripl/t2/region,best_eval_success_once.pt,rgb,1,1,3491,3,0.025394901633262634,0.01137331873178482,0.019999999552965164,2.591936604678302,-0.05347144603729248,0.007156692445278168,0.019999999552965164,-0.12385636896854901,0.07897898918150911,-2.7157929736468507,0.42579967994294243,0,0,200,0.0,0,0,-1,0,1,36,0,1,79,1,1,1,-0.07677532732486725,-0.061841197311878204,0.019999926909804344,0.03492636464825771
/workspace/ripl/t2/region,best_eval_success_once.pt,rgb,1,1,3520,4,-0.001682974398136139,0.06062433868646622,0.019999999552965164,-1.439850623626536,-0.015029028058052063,-0.008372567594051361,0.019999999552965164,-1.0087259757198677,0.07027581536044873,0.4311246479066684,0.4311246479066684,1,1,200,122.0,1,1,79,0,1,35,1,1,74,1,1,1,-0.021755261346697807,-0.02211083471775055,0.05999615788459778,0.0004246126685867544
/workspace/ripl/t2/region,best_eval_success_once.pt,rgb,1,1,3521,5,-0.059918295592069626,-0.21334654092788696,0.019999999552965164,-1.5582307408487601,6.083399057388306e-05,-0.1609685868024826,0.019999999552965164,1.9353521240619251,0.07963005754019335,-2.789602442268901,0.35199021132089214,1,1,200,69.0,1,1,132,0,1,86,1,1,126,1,1,1,0.011286037042737007,-0.15794134140014648,0.05999838560819626,0.0006068190178869239
/workspace/ripl/t2/region,best_eval_success_once.pt,rgb,1,1,3535,6,0.05132775008678436,0.010258711874485016,0.019999999552965164,0.621806720142903,0.05371365323662758,0.07984352856874466,0.019999999552965164,-1.8086074677575104,0.06962570824210083,-2.4304141879004133,0.7111784656893798,1,1,200,114.0,1,1,87,0,1,46,1,1,81,1,1,1,0.049983832985162735,0.07687221467494965,0.05999947711825371,2.596142487553834e-06
/workspace/ripl/t2/region,best_eval_success_once.pt,rgb,1,1,3551,7,-0.09740455448627472,0.21758872270584106,0.019999999552965164,-0.5231779526935769,-0.11211579293012619,0.1403678059577942,0.019999999552965164,-1.2843927127183186,0.07860973552913557,-0.7612147600247416,-0.7612147600247416,0,0,200,0.0,0,0,-1,0,1,54,0,1,96,1,1,1,-0.11861398816108704,0.07018911093473434,0.019999999552965164,0.012796668184763455
/workspace/ripl/t2/region,best_eval_success_once.pt,rgb,1,1,3584,8,-0.10289649665355682,0.23307079076766968,0.019999999552965164,-1.853884126241499,-0.16834107041358948,0.21170544624328613,0.019999999552965164,2.7629721311966304,0.0688438100432999,-1.6663290497414565,-0.0955327229465599,0,0,200,0.0,0,0,-1,0,1,49,0,0,-1,1,1,1,-0.06842786073684692,0.24195453524589539,0.019999917596578598,0.045117453012787676
/workspace/ripl/t2/region,best_eval_success_once.pt,rgb,1,1,3590,9,0.01191239058971405,0.2115161418914795,0.019999999552965164,0.8727104125045777,0.018628090620040894,0.27595949172973633,0.019999999552965164,1.0575539841772859,0.06479232952497764,0.18484357167270815,0.18484357167270815,1,1,200,52.0,1,1,149,0,1,42,1,1,147,1,1,1,0.012943731620907784,0.2662917971611023,0.05999406427145004,2.8008045798557457e-06
/workspace/ripl/t2/region,best_eval_success_once.pt,rgb,1,1,3609,0,0.0655689388513565,0.17019975185394287,0.019999999552965164,-0.5720413323218319,0.03316309303045273,0.10205624252557755,0.019999999552965164,2.6176569971695387,0.07545645570097498,-3.0934869776882152,0.04810567590157788,0,0,200,0.0,0,0,-1,0,1,50,0,0,-1,1,1,1,0.07131261378526688,0.02441040240228176,0.019999878481030464,0.009422168750214609
/workspace/ripl/t2/region,best_eval_success_once.pt,rgb,1,1,3620,1,-0.0998757854104042,0.14853593707084656,0.019999999552965164,-1.136388647783395,-0.13409370183944702,0.09073638170957565,0.019999999552965164,-1.7115725680447715,0.06716884995818805,-0.5751839202613764,-0.5751839202613764,0,0,200,0.0,0,0,-1,1,1,43,0,0,-1,0,1,1,-0.08980107307434082,0.02930564619600773,0.07891442626714706,2.9772621680910617e-05
/workspace/ripl/t2/region,best_eval_success_once.pt,rgb,1,1,3629,2,-0.0005028992891311646,0.0465976744890213,0.019999999552965164,-0.7458885153006709,-0.05620095878839493,0.005528315901756287,0.019999999552965164,2.579109509139541,0.06920235578904005,-2.958187282739374,0.1834053708504193,1,1,200,58.0,1,1,86,0,1,47,1,1,82,1,1,1,-0.047635938972234726,-0.014181079342961311,0.06000358983874321,1.531035277489973e-05
/workspace/ripl/t2/region,best_eval_success_once.pt,rgb,1,1,3632,3,-0.03261616826057434,-0.1921200305223465,0.019999999552965164,2.6744205264282717,-0.0704425573348999,-0.14156785607337952,0.019999999552965164,-1.2429227067378994,0.06313761202263708,2.3658420740134147,-0.7757505795763784,1,1,200,109.0,1,1,92,0,1,47,1,1,90,1,1,1,-0.07070507109165192,-0.1389044225215912,0.060000162571668625,1.1327088056548611e-06
/workspace/ripl/t2/region,best_eval_success_once.pt,rgb,1,1,3634,4,-0.03031829372048378,0.03419223427772522,0.019999999552965164,2.8347916311333465,-0.010682042688131332,0.09533578157424927,0.019999999552965164,-0.4264882025119645,0.06421927849647516,3.021905473534275,-0.11968718005551793,0,0,200,0.0,0,0,-1,1,1,37,0,1,79,0,1,1,0.12064123153686523,0.07391230762004852,0.024023499339818954,0.07145240842173971
/workspace/ripl/t2/region,best_eval_success_once.pt,rgb,1,1,3645,5,0.08202613890171051,0.10233244299888611,0.019999999552965164,-0.9486688399769907,0.03514713793992996,0.1661299765110016,0.019999999552965164,-0.8301851772010673,0.07916922390300488,0.11848366277592337,0.11848366277592337,1,1,200,106.0,1,1,95,0,1,49,1,1,94,1,1,1,0.02782803401350975,0.16125652194023132,0.060004737228155136,2.5191888306583037e-06
/workspace/ripl/t2/region,best_eval_success_once.pt,rgb,1,1,3657,6,-0.016148239374160767,0.06300287693738937,0.019999999552965164,1.6560382105080116,0.02928873896598816,0.10846211761236191,0.019999999552965164,-2.711532695007241,0.0642733347775595,1.9156144016643335,0.34481807486943694,1,1,200,105.0,1,1,96,0,1,44,1,1,91,1,1,1,0.023623136803507805,0.091094970703125,0.05999594181776047,3.394984404680549e-05
/workspace/ripl/t2/region,best_eval_success_once.pt,rgb,1,1,3660,7,-0.048166319727897644,0.020071759819984436,0.019999999552965164,0.18712993812368195,0.001772131770849228,0.08019368350505829,0.019999999552965164,0.03334498434364086,0.07815685923632383,-0.1537849537800411,-0.1537849537800411,1,1,200,103.0,1,1,98,0,1,43,1,1,93,1,1,1,-0.002459008479490876,0.08772049844264984,0.05999796465039253,4.023506331740927e-05
/workspace/ripl/t2/region,best_eval_success_once.pt,rgb,1,1,3665,8,0.018000997602939606,0.15037629008293152,0.019999999552965164,-3.0409656195975003,-0.047170065343379974,0.1809443235397339,0.019999999552965164,-2.9919529926531983,0.07198383231649547,0.049012626944302085,0.049012626944302085,1,1,200,110.0,1,1,82,0,1,37,1,1,81,1,1,1,-0.03967434912919998,0.18741387128829956,0.05999835953116417,0.0007498649004617638
/workspace/ripl/t2/region,best_eval_success_once.pt,rgb,1,1,3707,9,-0.13158956170082092,-0.034768491983413696,0.019999999552965164,2.2246415299456572,-0.08957433700561523,-0.08666437864303589,0.019999999552965164,2.0033261172000625,0.06677171675475309,-0.22131541274559474,-0.22131541274559474,1,1,200,95.0,1,1,106,0,1,49,1,1,99,1,1,1,-0.08274039626121521,-0.0949409008026123,0.06000108644366264,0.0008803889409352698
/workspace/ripl/t2/region,best_eval_success_once.pt,rgb,1,1,3715,0,0.022247537970542908,0.21438157558441162,0.019999999552965164,0.44641015266517226,-0.04863349348306656,0.20924508571624756,0.019999999552965164,-2.659869020316023,0.0710668991028406,-3.1062791729811954,0.035313480608597736,1,1,200,74.0,1,1,127,0,1,74,1,1,126,1,1,1,-0.06631190329790115,0.2166176736354828,0.059996552765369415,0.007427995122595901
/workspace/ripl/t2/region,best_eval_success_once.pt,rgb,1,1,3731,1,-0.022747468203306198,-0.15188276767730713,0.019999999552965164,-2.3816022911997514,-0.0702243447303772,-0.1128624677658081,0.019999999552965164,-2.6824634225798913,0.06145435387301762,-0.3008611313801399,-0.3008611313801399,0,0,200,0.0,0,0,-1,0,1,46,0,0,-1,1,1,1,-0.02459772676229477,-0.1218375414609909,0.02000001259148121,0.003773227312351968
/workspace/ripl/t2/region,best_eval_success_once.pt,rgb,1,1,3736,2,0.025857336819171906,-0.060474760830402374,0.019999999552965164,0.7395776284451188,-0.0363534614443779,-0.05702289193868637,0.019999999552965164,0.07706381631829862,0.06230649098957257,-0.6625138121268201,-0.6625138121268201,0,0,200,0.0,0,0,-1,0,0,-1,0,0,-1,1,1,1,0.061580851674079895,-0.06195857748389244,0.019999930635094643,0.008085021930781805
/workspace/ripl/t2/region,best_eval_success_once.pt,rgb,1,1,3739,3,-0.007974505424499512,-0.1329723298549652,0.019999999552965164,2.8821158559793987,-0.017902910709381104,-0.07482898980379105,0.019999999552965164,0.8340866721623179,0.058984923699258424,-2.0480291838170803,-0.47723285702218377,0,0,200,0.0,0,0,-1,1,1,59,0,0,-1,0,1,1,0.012554642744362354,-0.0496056042611599,0.08972494304180145,0.012380054474393365
/workspace/ripl/t2/region,best_eval_success_once.pt,rgb,1,1,3747,4,-0.18177947402000427,-0.01867486536502838,0.019999999552965164,-0.4385536378989481,-0.16178354620933533,-0.09021288901567459,0.019999999552965164,1.481748319291332,0.07428005086730824,1.9203019571902802,0.3495056303953836,0,0,200,0.0,0,0,-1,1,1,59,0,1,112,0,1,1,-0.1272725760936737,-0.03360936790704727,0.10031185299158096,0.003098982179635384
/workspace/ripl/t2/region,best_eval_success_once.pt,rgb,1,1,3752,5,0.1371166855096817,-0.02900136262178421,0.019999999552965164,1.9868829923026137,0.06495833396911621,0.0001288875937461853,0.019999999552965164,1.4498979845447417,0.07781644539987186,-0.5369850077578722,-0.5369850077578722,1,1,200,97.0,1,1,104,0,1,51,1,1,103,1,1,1,0.05786292999982834,-0.00932438112795353,0.05999946966767311,0.002074700568708291
/workspace/ripl/t2/region,best_eval_success_once.pt,rgb,1,1,3756,6,0.09815897047519684,-0.10306086391210556,0.019999999552965164,-2.785655590742574,0.1447756439447403,-0.15348650515079498,0.019999999552965164,-1.0043575882184665,0.06867211617315322,1.7812980025241076,0.21050167572921108,0,0,200,0.0,0,0,-1,0,1,51,0,1,94,1,1,1,0.07730664312839508,-0.20153559744358063,0.019999925047159195,0.01015596520526027
/workspace/ripl/t2/region,best_eval_success_once.pt,rgb,1,1,3776,7,0.03322908282279968,0.08067230880260468,0.019999999552965164,3.1221499446815955,-0.033856429159641266,0.052475497126579285,0.019999999552965164,-2.8903000724672854,0.0727703655799493,0.2707352900307054,0.2707352900307054,1,1,200,103.0,1,1,98,0,1,46,1,1,97,1,1,1,-0.037562329322099686,0.041399404406547546,0.059996072202920914,0.003707031438271932
/workspace/ripl/t2/region,best_eval_success_once.pt,rgb,1,1,3782,8,0.13152188062667847,-0.046124570071697235,0.019999999552965164,2.5575681127036978,0.15189297497272491,-0.11930634826421738,0.019999999552965164,2.627301006784463,0.07596416355278811,0.0697328940807651,0.0697328940807651,0,0,200,0.0,0,0,-1,0,1,53,0,1,89,1,1,1,0.11460748314857483,-0.16526545584201813,0.020000001415610313,0.06772110804717961
/workspace/ripl/t2/region,best_eval_success_once.pt,rgb,1,1,3787,9,-0.006418220698833466,0.17578622698783875,0.019999999552965164,2.1166433313947186,-0.004215501248836517,0.2351331114768982,0.019999999552965164,-0.01866275568118514,0.059387748496917775,-2.1353060870759037,-0.5645097602810072,0,0,200,0.0,0,0,-1,0,1,40,0,1,137,1,1,1,0.0035470693837851286,0.1610286980867386,0.019999925047159195,0.019683462275364348
/workspace/ripl/t2/region,best_eval_success_once.pt,rgb,1,1,3790,0,0.04221927374601364,-0.027429305016994476,0.019999999552965164,-2.211306491965681,0.027514353394508362,0.04918774217367172,0.019999999552965164,0.8969290231885139,0.07801542541549643,3.108235515154195,-0.03335713843559818,0,0,200,0.0,0,0,-1,0,1,47,1,1,81,0,1,1,0.01738768070936203,0.03243955969810486,0.05999000370502472,1.3488793782793307e-05
/workspace/ripl/t2/region,best_eval_success_once.pt,rgb,1,1,3794,1,-0.1238185316324234,0.05785595625638962,0.019999999552965164,-1.0664579876774667,-0.10671932995319366,0.11993717402219772,0.019999999552965164,0.3426211477661565,0.06439301435212255,1.4090791354436232,-0.16171719135127338,1,1,200,93.0,1,1,108,0,1,59,1,1,107,1,1,1,-0.09287969768047333,0.1080518588423729,0.059993647038936615,1.3493575361575808e-06
/workspace/ripl/t2/region,best_eval_success_once.pt,rgb,1,1,3813,2,0.12898801267147064,-0.2194254994392395,0.019999999552965164,1.1268051205376004,0.053375110030174255,-0.2029249370098114,0.019999999552965164,-3.036231350037008,0.07739237434224137,2.1201488366049777,0.5493525098100811,0,0,200,0.0,0,0,-1,1,1,70,0,0,-1,0,1,1,0.06350582838058472,-0.194390207529068,0.08336752653121948,0.0033738074649740358
/workspace/ripl/t2/region,best_eval_success_once.pt,rgb,1,1,3825,3,-0.12438824772834778,-0.11110364645719528,0.019999999552965164,0.18321071025081936,-0.06916360557079315,-0.07416032999753952,0.019999999552965164,-1.1381429250215795,0.06644222853327718,-1.3213536352723985,0.2494426915224981,0,0,200,0.0,0,0,-1,1,1,80,0,0,-1,0,1,1,-0.05942940711975098,-0.011510523967444897,0.02594013698399067,0.0004918044409991133
/workspace/ripl/t2/region,best_eval_success_once.pt,rgb,1,1,3837,4,-0.03466656059026718,-0.10628172755241394,0.019999999552965164,2.9530498581226,0.03957083821296692,-0.09396345913410187,0.019999999552965164,-1.8884680994746317,0.07525244924848631,1.4416673495823549,-0.12912897721254168,0,0,200,0.0,0,0,-1,0,1,41,0,1,84,1,1,1,0.009069141000509262,-0.13615646958351135,0.019999908283352852,0.005031391570860722
/workspace/ripl/t2/region,best_eval_success_once.pt,rgb,1,1,3854,5,-0.09128925949335098,-0.034401021897792816,0.019999999552965164,0.11778808391486573,-0.08573612570762634,-0.1048906221985817,0.019999999552965164,2.250290600029595,0.07070799845425645,2.1325025161147293,0.5617061893198327,0,0,200,0.0,0,0,-1,0,1,42,0,1,93,1,1,1,-0.059408556669950485,-0.1770581156015396,0.0199999138712883,0.0037239929263042175
/workspace/ripl/t2/region,best_eval_success_once.pt,rgb,1,1,3884,6,0.004525810480117798,0.24080690741539001,0.019999999552965164,2.796981596103905,-0.007012858986854553,0.17126137018203735,0.019999999552965164,-0.30170183894489533,0.07049625977414463,-3.0986834350488,0.042909218540993166,0,0,200,0.0,0,0,-1,0,1,54,0,0,-1,1,1,1,-0.0046277763321995735,0.11395242810249329,0.019999910145998,0.03082783923892464
/workspace/ripl/t2/region,best_eval_success_once.pt,rgb,1,1,3916,7,-0.10836000740528107,0.12994733452796936,0.019999999552965164,-1.3423946701511191,-0.05780254676938057,0.17065128684043884,0.019999999552965164,0.7704560847871398,0.06490661414529661,2.112850754938259,0.5420544281433624,1,1,200,116.0,1,1,85,0,1,39,1,1,81,1,1,1,-0.056869108229875565,0.1595061719417572,0.060007162392139435,2.5418603254523174e-06
/workspace/ripl/t2/region,best_eval_success_once.pt,rgb,1,1,3919,8,0.00634201243519783,0.0023161768913269043,0.019999999552965164,-1.2801625876484692,-0.006306391209363937,-0.0700635015964508,0.019999999552965164,0.03565831628451521,0.07347652667859195,1.3158209039329845,-0.2549754228619121,1,1,200,112.0,1,1,88,0,1,43,1,1,85,1,1,1,-0.021284453570842743,-0.08816032111644745,0.06000082194805145,1.2869558436005378e-05
/workspace/ripl/t2/region,best_eval_success_once.pt,rgb,1,1,3928,9,-0.017478957772254944,0.002998046576976776,0.019999999552965164,2.5107157758556067,-0.07456311583518982,-0.03695522993803024,0.019999999552965164,2.8622808934508464,0.06967686420928215,0.3515651175952397,0.3515651175952397,1,1,200,124.0,1,1,77,0,1,38,1,1,74,1,1,1,-0.062280748039484024,-0.04835664480924606,0.06000107526779175,0.0002541286384507967
/workspace/ripl/t2/region,best_eval_success_once.pt,rgb,1,1,3938,0,0.11548890173435211,-0.06531140208244324,0.019999999552965164,-0.41142540210410594,0.14698296785354614,0.006748706102371216,0.019999999552965164,-1.8138849877723207,0.07864181707162754,-1.4024595856682147,0.16833674112668184,1,1,200,105.0,1,1,96,0,1,47,1,1,95,1,1,1,0.15076331794261932,0.004781750496476889,0.05999915301799774,1.450389822682086e-06
/workspace/ripl/t2/region,best_eval_success_once.pt,rgb,1,1,3950,1,-0.054286353290081024,-0.07910449802875519,0.019999999552965164,-1.0579655866361044,0.004996344447135925,-0.04552049934864044,0.019999999552965164,1.7825227546720708,0.06813459633951152,2.840488341308175,-0.30110431228161794,1,1,200,109.0,1,1,92,0,1,41,1,1,90,1,1,1,0.00753963366150856,-0.04210461303591728,0.06000101938843727,0.0017603418074524
/workspace/ripl/t2/region,best_eval_success_once.pt,rgb,1,1,3961,2,0.009580358862876892,0.16085901856422424,0.019999999552965164,1.4789640462449054,0.04682815819978714,0.2100851833820343,0.019999999552965164,-0.37179360303225994,0.061730169756067675,-1.8507576492771651,-0.27996132248226857,0,0,200,0.0,0,0,-1,1,1,49,0,0,-1,0,1,1,0.03011051006615162,0.11495654284954071,0.12168673425912857,3.142495233273894e-05
/workspace/ripl/t2/region,best_eval_success_once.pt,rgb,1,1,3981,3,-0.032771095633506775,0.04176369309425354,0.019999999552965164,-1.7447581136874666,-0.025685973465442657,-0.02448171377182007,0.019999999552965164,0.7188999426239153,0.06662321582592683,2.463658056311382,-0.6779345972784112,1,0,200,81.0,0,1,86,0,1,44,1,1,83,0,1,1,-0.02191782370209694,-0.04135730490088463,0.059993721544742584,1.4704389023281654e-06
/workspace/ripl/t2/region,best_eval_success_once.pt,rgb,1,1,3990,4,-0.17589324712753296,-0.08771229535341263,0.019999999552965164,1.0690868900563926,-0.11135673522949219,-0.11106588691473007,0.019999999552965164,-1.742964263088524,0.0686320013315858,-2.8120511531449166,0.3295415004448765,1,1,200,88.0,1,1,113,0,1,60,1,1,109,1,1,1,-0.10914667695760727,-0.12186365574598312,0.059998758137226105,0.002078996104175936
/workspace/ripl/t2/region,best_eval_success_once.pt,rgb,1,1,3991,5,0.03715534508228302,-0.19058093428611755,0.019999999552965164,2.290930695635381,0.09544646739959717,-0.13859234750270844,0.019999999552965164,-1.1315548480286521,0.07810677369311922,2.8606997635155533,-0.2808928900742398,1,1,200,97.0,1,1,104,0,1,61,1,1,103,1,1,1,0.091010183095932,-0.1437920331954956,0.05999811366200447,7.626206995944237e-07
/workspace/ripl/t2/region,best_eval_success_once.pt,rgb,1,1,3996,6,0.0024155601859092712,0.1446073353290558,0.019999999552965164,2.1558629193276477,-0.004322558641433716,0.2063451111316681,0.019999999552965164,0.09155873350053367,0.06210438959031008,-2.0643041858271136,-0.49350785903221706,0,0,200,0.0,0,0,-1,0,1,57,0,1,104,1,1,1,-0.03286844864487648,0.1322130411863327,0.019999893382191658,0.019518466589956096
/workspace/ripl/t2/region,best_eval_success_once.pt,rgb,1,1,4018,7,0.05684901028871536,-0.07118631154298782,0.019999999552965164,-2.2508609950338716,0.1110677719116211,-0.045406706631183624,0.019999999552965164,0.6586268199022793,0.06003550733799286,2.909487814936151,-0.23210483865364218,1,1,200,102.0,1,1,99,0,1,46,1,1,93,1,1,1,0.11770255863666534,-0.03394559398293495,0.05999321863055229,0.0052197254929054835
/workspace/ripl/t2/region,best_eval_success_once.pt,rgb,1,1,4059,8,0.17388783395290375,-0.18941719830036163,0.019999999552965164,2.8058338355292474,0.10775911062955856,-0.1556665152311325,0.019999999552965164,0.009943162273121864,0.07424363040702607,-2.7958906732561255,0.3457019803336676,0,0,200,0.0,0,0,-1,0,0,-1,0,0,-1,1,1,1,0.17388813197612762,-0.18941554427146912,0.019999943673610687,0.00020138540729226404
/workspace/ripl/t2/region,best_eval_success_once.pt,rgb,1,1,4072,9,0.011836811900138855,0.07639586180448532,0.019999999552965164,-0.8625605706373962,0.06233735382556915,0.03779224306344986,0.019999999552965164,1.8432615993908084,0.0635652744402584,2.7058221700282044,-0.43577048356158876,1,1,200,104.0,1,1,97,0,1,50,1,1,95,1,1,1,0.06528641283512115,0.03785388171672821,0.060001760721206665,1.4730167161183142e-06
/workspace/ripl/t2/region,best_eval_success_once.pt,rgb,1,1,4093,0,-0.034576885402202606,-0.2415326088666916,0.019999999552965164,2.3590997213916065,-0.03541962057352066,-0.16939976811408997,0.019999999552965164,2.1507279394677172,0.07213776346414659,-0.20837178192388928,-0.20837178192388928,0,0,200,0.0,0,0,-1,0,1,45,0,0,-1,1,1,1,-0.035737838596105576,-0.25730791687965393,0.01999989151954651,0.03856760349521584
/workspace/ripl/t2/region,best_eval_success_once.pt,rgb,1,1,4102,1,-0.005280628800392151,0.04812409728765488,0.019999999552965164,0.4449566743586644,0.015577849000692368,0.12182911485433578,0.019999999552965164,-0.8560154974022121,0.07659964563027089,-1.3009721717608764,0.26982415503402013,1,1,200,121.0,1,1,80,0,1,39,1,1,77,1,1,1,0.016387751325964928,0.1182369738817215,0.06000174209475517,1.9553571576659266e-06
/workspace/ripl/t2/region,best_eval_success_once.pt,rgb,1,1,4116,2,-0.023740772157907486,-0.11130168288946152,0.019999999552965164,-0.43030577677864024,-0.047650523483753204,-0.05279989540576935,0.019999999552965164,-2.5294633122417842,0.06319917204561198,-2.099157535463144,-0.5283612086682474,1,1,200,109.0,1,1,92,0,1,43,1,1,89,1,1,1,-0.049178220331668854,-0.04868915304541588,0.05999929457902908,0.00020063700362388815
/workspace/ripl/t2/region,best_eval_success_once.pt,rgb,1,1,4129,3,-0.018411599099636078,-0.19491666555404663,0.019999999552965164,-3.009122637724259,0.06011049449443817,-0.18836842477321625,0.019999999552965164,2.160094442259696,0.07879466123869235,-1.113968227195631,0.4568280995992655,1,1,200,103.0,1,1,98,0,1,45,1,1,91,1,1,1,0.06147276982665062,-0.19742193818092346,0.05999867990612984,0.002960206911703256
/workspace/ripl/t2/region,best_eval_success_once.pt,rgb,1,1,4165,4,0.024839550256729126,0.2420298159122467,0.019999999552965164,-2.496085460650751,0.07398563623428345,0.2812046706676483,0.019999999552965164,-2.6807898035477837,0.06284908123449358,-0.18470434289703253,-0.18470434289703253,0,0,200,0.0,0,0,-1,1,1,39,0,0,-1,0,1,1,0.0487612783908844,0.19753853976726532,0.020751798525452614,5.9093579115966416e-06
/workspace/ripl/t2/region,best_eval_success_once.pt,rgb,1,1,4173,5,-0.07005220651626587,0.13672468066215515,0.019999999552965164,2.3381583769826784,-0.1038149818778038,0.1874474585056305,0.019999999552965164,-0.41790324672808543,0.06093213595691707,-2.756061623710764,0.3855310298790293,0,0,200,0.0,0,0,-1,0,1,48,0,0,-1,1,1,1,-0.07463826984167099,0.16539254784584045,0.019999992102384567,0.006065804610042955
/workspace/ripl/t2/region,best_eval_success_once.pt,rgb,1,1,4185,6,0.030966155230998993,-0.06361126899719238,0.019999999552965164,-0.9640248748438198,0.06811463087797165,-0.11224570125341415,0.019999999552965164,-2.92775879586892,0.06119899708147794,-1.9637339210251001,-0.3929375942302036,1,0,200,7.0,0,1,84,0,1,37,0,1,75,1,1,1,0.004203256219625473,-0.17838111519813538,0.019999992102384567,0.02842329953213264
/workspace/ripl/t2/region,best_eval_success_once.pt,rgb,1,1,4186,7,0.03929585963487625,-0.16411656141281128,0.019999999552965164,1.9641258947783258,0.07298921793699265,-0.10479757189750671,0.019999999552965164,0.21634821639666235,0.06822012101126476,-1.747777678381663,-0.17698135158676642,0,0,200,0.0,0,0,-1,0,1,50,0,1,96,1,1,1,0.028517143800854683,-0.07017527520656586,0.0199999138712883,0.0024920567977702733
/workspace/ripl/t2/region,best_eval_success_once.pt,rgb,1,1,4187,8,-0.14356869459152222,-0.10671032965183258,0.019999999552965164,-2.667460966325665,-0.08330400288105011,-0.15195482969284058,0.019999999552965164,1.4843758492749455,0.07535846237098405,-2.1313484915789758,-0.5605521647840792,0,0,200,0.0,0,0,-1,0,1,75,0,0,-1,1,1,1,-0.03572794422507286,-0.04712493717670441,0.019999897107481956,0.01814988216969382
/workspace/ripl/t2/region,best_eval_success_once.pt,rgb,1,1,4189,9,-0.03488919138908386,-0.012028105556964874,0.019999999552965164,-1.4677241787211237,0.02165614813566208,-0.04698806256055832,0.019999999552965164,-2.171991362966657,0.06647987677231282,-0.7042671842455333,-0.7042671842455333,0,0,200,0.0,0,0,-1,0,1,45,0,1,93,1,1,1,-0.0009125867509283125,-0.12447766214609146,0.02000000886619091,0.00044504519651577883
/workspace/ripl/t2/region,best_eval_success_once.pt,rgb,1,1,4195,0,0.10704348981380463,-0.06474732607603073,0.019999999552965164,-2.424255719141776,0.17028619349002838,-0.06927398592233658,0.019999999552965164,2.111577681963022,0.06340449682508965,-1.7473519060747886,-0.17655557927989207,0,0,200,0.0,0,0,-1,1,1,51,0,0,-1,0,1,1,0.1419399231672287,-0.06432143598794937,0.10985434800386429,0.024600680162467727
/workspace/ripl/t2/region,best_eval_success_once.pt,rgb,1,1,4226,1,-0.05935192480683327,0.07023505866527557,0.019999999552965164,1.1407456659406092,-0.0012669079005718231,0.1090606302022934,0.019999999552965164,-2.908308780200655,0.06986625934009039,2.234130861038322,0.6633345342434254,1,1,200,103.0,1,1,98,0,1,45,1,1,91,1,1,1,0.003954092040657997,0.1040726974606514,0.05999873951077461,6.411317207618438e-07
/workspace/ripl/t2/region,best_eval_success_once.pt,rgb,1,1,4237,2,0.04236169904470444,0.11581014096736908,0.019999999552965164,-2.0038074609089573,0.058229558169841766,0.03931419551372528,0.019999999552965164,-2.3252801820049056,0.07812437919153055,-0.32147272109594827,-0.32147272109594827,0,0,200,0.0,0,0,-1,0,1,45,0,1,84,1,1,1,0.023404954001307487,-0.02456856332719326,0.020000005140900612,0.062244123050568936
/workspace/ripl/t2/region,best_eval_success_once.pt,rgb,1,1,4244,3,0.027200225740671158,0.2694263458251953,0.019999999552965164,-1.4259227299173345,0.05826345831155777,0.2065708041191101,0.019999999552965164,0.2527431955629704,0.07011236368086878,1.678665925480305,0.10786959868540835,0,0,200,0.0,0,0,-1,0,1,49,0,1,157,1,1,1,0.03264319524168968,0.15398383140563965,0.01999991200864315,0.0015951293598363702
/workspace/ripl/t2/region,best_eval_success_once.pt,rgb,1,1,4252,4,-0.02667298913002014,-0.10005434602499008,0.019999999552965164,-0.7878697870445346,0.003195434808731079,-0.02755090594291687,0.019999999552965164,0.8511773499673327,0.07841474078462382,1.6390471370118673,0.06825081021697077,1,1,200,110.0,1,1,91,0,1,44,1,1,83,1,1,1,0.005175444763153791,-0.02176864817738533,0.06000008434057236,1.6187467271866327e-05
/workspace/ripl/t2/region,best_eval_success_once.pt,rgb,1,1,4253,5,0.019052021205425262,0.032267823815345764,0.019999999552965164,3.0652413305340667,-0.02055637538433075,0.1010696291923523,0.019999999552965164,1.2933063677430372,0.0793883713370345,-1.771934962791029,-0.20113863599613246,1,1,200,103.0,1,1,88,0,1,46,1,1,87,1,1,1,-0.010171818546950817,0.11214445531368256,0.059997640550136566,0.0015185166470851879
/workspace/ripl/t2/region,best_eval_success_once.pt,rgb,1,1,4257,6,0.036248497664928436,0.23346075415611267,0.019999999552965164,-2.882758725155089,-0.019311748445034027,0.19804975390434265,0.019999999552965164,1.5418903084012356,0.06588535411326599,-1.8585362736232618,-0.28773994682836523,0,0,200,0.0,0,0,-1,0,1,52,0,1,99,1,1,1,0.007560153026133776,0.16735872626304626,0.019999917596578598,0.010165656813274521
/workspace/ripl/t2/region,best_eval_success_once.pt,rgb,1,1,4289,7,-0.004168450832366943,-0.17060402035713196,0.019999999552965164,-2.4567061754390984,-0.01629890501499176,-0.1007593646645546,0.019999999552965164,2.2798049638912623,0.07089022392044927,-1.5466741678492255,0.024122158945671046,1,1,200,114.0,1,1,87,0,1,47,1,1,83,1,1,1,-0.013887904584407806,-0.10752679407596588,0.06000195071101189,1.6577541828155518e-07
/workspace/ripl/t2/region,best_eval_success_once.pt,rgb,1,1,4294,8,-0.045817792415618896,0.07734670490026474,0.019999999552965164,-1.1455091819701604,0.022182278335094452,0.06341233104467392,0.019999999552965164,2.296390351210412,0.0694130851990415,-2.8412857739990134,0.30030687959077973,0,0,200,0.0,0,0,-1,0,1,43,0,0,-1,0,1,1,-0.00022552489826921374,0.08153586834669113,0.0249944981187582,0.030228742390826242
/workspace/ripl/t2/region,best_eval_success_once.pt,rgb,1,1,4300,9,-0.05283945053815842,0.18629872798919678,0.019999999552965164,2.0588262483692263,-0.1147163137793541,0.14707627892494202,0.019999999552965164,2.9271533710841893,0.07326081295732181,0.8683271227149629,-0.7024692040799336,1,1,200,119.0,1,1,82,0,1,39,1,1,81,1,1,1,-0.10595335811376572,0.14433982968330383,0.06000056862831116,0.00041595375047135053
/workspace/ripl/t2/region,best_eval_success_once.pt,rgb,1,1,4304,0,-0.016031771898269653,0.20591264963150024,0.019999999552965164,1.5483701253489044,-0.07828414440155029,0.23142531514167786,0.019999999552965164,-2.355474211878617,0.06727744037730195,2.3793409699520645,-0.7622516836377287,0,0,200,0.0,0,0,-1,0,1,43,0,0,-1,1,1,1,0.0569247342646122,0.22949092090129852,0.0199999138712883,0.14646972465045494
/workspace/ripl/t2/region,best_eval_success_once.pt,rgb,1,1,4306,1,0.0032334178686141968,-0.11516863852739334,0.019999999552965164,-2.6665602383474063,-0.04935215413570404,-0.17302191257476807,0.019999999552965164,-2.887659832625733,0.0781808397308572,-0.2210995942783267,-0.2210995942783267,1,1,200,111.0,1,1,90,0,1,44,1,1,89,1,1,1,-0.04047841578722,-0.16926957666873932,0.05999889597296715,1.0429663919500055e-05
/workspace/ripl/t2/region,best_eval_success_once.pt,rgb,1,1,4319,2,0.03469789773225784,-0.09190788120031357,0.019999999552965164,0.35689959352646117,0.007572527974843979,-0.033280737698078156,0.019999999552965164,0.2002249429909182,0.0645982015206935,-0.15667465053554297,-0.15667465053554297,1,1,200,114.0,1,1,87,0,1,45,1,1,83,1,1,1,0.01714635267853737,-0.03405454754829407,0.059998054057359695,1.1202664747273368e-06
/workspace/ripl/t2/region,best_eval_success_once.pt,rgb,1,1,4334,3,-0.10557640343904495,-0.011629380285739899,0.019999999552965164,-2.151074590552346,-0.14603957533836365,0.044254936277866364,0.019999999552965164,-1.2017053184416788,0.06899510937693462,0.9493692721106672,-0.6214270546842293,0,0,200,0.0,0,0,-1,0,1,48,0,1,97,1,1,1,-0.015117019414901733,0.10474400222301483,0.01999998278915882,0.09778193996291323
/workspace/ripl/t2/region,best_eval_success_once.pt,rgb,1,1,4350,4,-0.18813034892082214,0.2139071375131607,0.019999999552965164,-2.1770749879035414,-0.18488693237304688,0.1385563760995865,0.019999999552965164,3.075081828337148,0.07542053431597902,-1.0310284909388967,0.5397678358559999,1,1,200,99.0,1,1,102,0,1,54,1,1,97,1,1,1,-0.17831866443157196,0.13929980993270874,0.059998925775289536,3.0856919327421956e-06
/workspace/ripl/t2/region,best_eval_success_once.pt,rgb,1,1,4354,5,0.10239622741937637,-0.0338805690407753,0.019999999552965164,-2.4469564756461484,0.0303536057472229,-0.05664563924074173,0.019999999552965164,2.6050894173432715,0.0755538732204143,-1.2311394141901664,0.3396569126047302,1,1,200,82.0,1,1,101,0,1,47,1,1,97,1,1,1,0.02504866197705269,-0.049325842410326004,0.059998948127031326,0.0011662094111180678
/workspace/ripl/t2/region,best_eval_success_once.pt,rgb,1,1,4366,6,0.10592548549175262,-0.09061732888221741,0.019999999552965164,0.2948891025483569,0.12451934814453125,-0.03440215811133385,0.019999999552965164,2.8047607188644093,0.05921044800666515,2.5098716163160524,-0.6317210372737407,1,1,200,51.0,1,1,91,0,1,48,1,1,88,1,1,1,0.12626712024211884,-0.023500541225075722,0.059994980692863464,0.005175800340353448
/workspace/ripl/t2/region,best_eval_success_once.pt,rgb,1,1,4385,7,0.044738203287124634,0.007798757404088974,0.019999999552965164,2.73096085917995,0.08659340441226959,-0.04061390832066536,0.019999999552965164,0.5647813454806485,0.06399721918804863,-2.1661795136993014,-0.5953831869044048,0,0,200,0.0,0,0,-1,0,1,58,0,0,-1,1,1,1,0.05605311319231987,-0.11431052535772324,0.019999902695417404,0.01562611025011532
/workspace/ripl/t2/region,best_eval_success_once.pt,rgb,1,1,4389,8,0.010416299104690552,-0.09262903779745102,0.019999999552965164,0.907388579991435,-0.0293283611536026,-0.03581639379262924,0.019999999552965164,2.985425460593785,0.06933480033767862,2.07803688060235,0.5072405538074536,1,1,200,88.0,1,1,101,0,1,51,1,1,99,1,1,1,-0.02563554234802723,-0.01726985163986683,0.05999244004487991,0.0005385977248095852
/workspace/ripl/t2/region,best_eval_success_once.pt,rgb,1,1,4395,9,-0.02601950615644455,-0.13608556985855103,0.019999999552965164,1.4366610189306188,-0.029423050582408905,-0.21596039831638336,0.019999999552965164,-3.1343360591091027,0.07994730974728077,1.7121882291398647,0.14139190234496812,0,0,200,0.0,0,0,-1,0,1,39,0,0,-1,1,1,1,0.05388056859374046,-0.18817412853240967,0.01999991200864315,0.02740989055786214
/workspace/ripl/t2/region,best_eval_success_once.pt,rgb,1,1,4399,0,-0.07399402558803558,-0.04537459462881088,0.019999999552965164,-2.336906441336021,-0.13271763920783997,-0.08794938027858734,0.019999999552965164,0.6796294981881386,0.07253326939889368,3.0165359395241595,-0.12505671406563357,1,1,200,49.0,1,1,152,0,1,44,1,1,151,1,1,1,-0.12285356968641281,-0.08311188220977783,0.059995200484991074,0.0007825355372069449
/workspace/ripl/t2/region,best_eval_success_once.pt,rgb,1,1,4403,1,0.07424642890691757,-0.06568925082683563,0.019999999552965164,-1.19323416698035,0.024660900235176086,-0.10156979411840439,0.019999999552965164,1.1329822751519658,0.061205702680013706,2.3262164421323157,0.7554201153374192,0,0,200,0.0,0,0,-1,1,1,52,0,1,94,0,1,1,0.08046359568834305,-0.08732917904853821,0.06655168533325195,0.01952765938743062
/workspace/ripl/t2/region,best_eval_success_once.pt,rgb,1,1,4407,2,-0.06825486570596695,-0.034937769174575806,0.019999999552965164,0.3022219386451006,-0.0004078671336174011,-0.015338614583015442,0.019999999552965164,-2.523327213623155,0.07062111636033717,-2.8255491522682554,0.3160435013215377,1,1,200,104.0,1,1,97,0,1,44,1,1,93,1,1,1,-0.0066927773877978325,-0.010077760554850101,0.059987425804138184,0.0042608996008994884
/workspace/ripl/t2/region,best_eval_success_once.pt,rgb,1,1,4410,3,-0.036992430686950684,-0.06289759278297424,0.019999999552965164,-2.8940273146645596,-0.10527318716049194,-0.03516224026679993,0.019999999552965164,2.351198075349969,0.07369878888961137,-1.0379599171650575,0.532836409629839,0,0,200,0.0,0,0,-1,1,1,44,0,0,-1,0,1,1,-0.0833519771695137,-0.005280271638184786,0.07401561737060547,0.002895519078468799
/workspace/ripl/t2/region,best_eval_success_once.pt,rgb,1,1,4416,4,0.04969894886016846,0.0284431129693985,0.019999999552965164,2.0175506258235845,0.01135798916220665,-0.03000028431415558,0.019999999552965164,2.2769850415503368,0.06989749549593367,0.2594344157267523,0.2594344157267523,1,1,200,118.0,1,1,83,0,1,39,1,1,82,1,1,1,0.010009781457483768,-0.046196792274713516,0.05999694764614105,6.426858970827906e-06
/workspace/ripl/t2/region,best_eval_success_once.pt,rgb,1,1,4426,5,0.0002954155206680298,-0.01134471595287323,0.019999999552965164,-0.3392604191742161,-0.06833352893590927,0.025155410170555115,0.019999999552965164,-1.5555333307607953,0.0777315330110641,-1.2162729115865787,0.35452341520831787,1,0,200,108.0,0,1,89,0,1,41,1,1,88,0,1,1,-0.06181322783231735,0.03861616924405098,0.06004583463072777,0.00040181719040364284
/workspace/ripl/t2/region,best_eval_success_once.pt,rgb,1,1,4427,6,-0.06090477108955383,0.09745356440544128,0.019999999552965164,-1.6486065363110987,0.007514066994190216,0.13103654980659485,0.019999999552965164,-1.974240570877999,0.0762164963323799,-0.32563403456690043,-0.32563403456690043,1,1,200,101.0,1,1,100,0,1,44,1,1,90,1,1,1,0.007122637238353491,0.1322394758462906,0.06000061333179474,7.002326703770485e-05
/workspace/ripl/t2/region,best_eval_success_once.pt,rgb,1,1,4431,7,-0.002702653408050537,0.12461347877979279,0.019999999552965164,-2.1475681066207706,-0.07646942138671875,0.10348565876483917,0.019999999552965164,-0.713365824633077,0.07673278853660243,1.4342022819876936,-0.13659404480720294,1,1,200,112.0,1,1,89,0,1,39,1,1,82,1,1,1,-0.07811329513788223,0.10528828203678131,0.059995949268341064,0.006612186518983396
/workspace/ripl/t2/region,best_eval_success_once.pt,rgb,1,1,4445,8,-0.14270390570163727,-0.012498639523983002,0.019999999552965164,-2.5691797533461695,-0.07486201822757721,-0.017075635492801666,0.019999999552965164,-0.1794675088252533,0.06799610715431884,2.3897122445209162,-0.7518804090688769,0,0,200,0.0,0,0,-1,0,1,50,0,0,-1,1,1,1,-0.07194020599126816,-0.06648606806993484,0.019999954849481583,0.011518354922148245
/workspace/ripl/t2/region,best_eval_success_once.pt,rgb,1,1,4449,9,0.0829879567027092,0.037829943001270294,0.019999999552965164,-2.7565756471003127,0.12848564982414246,0.09049125760793686,0.019999999552965164,-1.6518763765723108,0.069593492048283,1.1046992705280019,-0.4660970562668947,1,1,200,101.0,1,1,100,0,1,46,1,1,99,1,1,1,0.11581326276063919,0.0881122499704361,0.05999549850821495,5.431268845807731e-06
/workspace/ripl/t2/region,best_eval_success_once.pt,rgb,1,1,4459,0,0.08239377290010452,0.08396656066179276,0.019999999552965164,2.5002650948321867,0.11222165822982788,0.14072230458259583,0.019999999552965164,-0.9165438432250577,0.06411643479831751,2.8663763691223423,-0.27521628446745083,0,0,200,0.0,0,0,-1,0,1,48,0,1,89,1,1,1,0.06871075928211212,0.0838349312543869,0.019999908283352852,0.029205530836619233
/workspace/ripl/t2/region,best_eval_success_once.pt,rgb,1,1,4467,1,0.06278698891401291,0.0681404247879982,0.019999999552965164,1.7733733315005202,0.14105328917503357,0.07181673496961594,0.019999999552965164,-0.3298714679061625,0.07835259416955963,-2.103244799406683,-0.5324484726117866,1,1,200,97.0,1,1,104,0,1,49,1,1,99,1,1,1,0.13867823779582977,0.0834788978099823,0.05999765917658806,0.001406933625662463
/workspace/ripl/t2/region,best_eval_success_once.pt,rgb,1,1,4498,2,0.10193304717540741,0.11441149562597275,0.019999999552965164,-2.2710707284999394,0.027268484234809875,0.12599030137062073,0.019999999552965164,-2.6075516460705987,0.07555703608256972,-0.33648091757065934,-0.33648091757065934,0,0,200,0.0,0,0,-1,0,1,48,0,0,-1,1,1,1,0.11210007220506668,0.12505191564559937,0.019999923184514046,0.03361260716434876
/workspace/ripl/t2/region,best_eval_success_once.pt,rgb,1,1,4514,3,-0.021389193832874298,-0.06375862658023834,0.019999999552965164,0.81604515794213,0.036143653094768524,-0.0359710156917572,0.019999999552965164,-1.7894801250603098,0.06389193841549351,-2.6055252830024394,0.5360673705873538,1,1,200,114.0,1,1,87,0,1,38,1,1,86,1,1,1,0.026243021711707115,-0.02790169231593609,0.05999959260225296,0.01060700519239543
/workspace/ripl/t2/region,best_eval_success_once.pt,rgb,1,1,4522,4,0.12309300899505615,-0.23399141430854797,0.019999999552965164,0.004512809708580701,0.05994419753551483,-0.22510001063346863,0.019999999552965164,-1.3500541802028474,0.06377169786093131,-1.3545669899114277,0.2162293368834689,0,0,200,0.0,0,0,-1,0,0,-1,0,0,-1,1,1,1,0.17888900637626648,-0.2447005957365036,0.01999991573393345,0.02650943994483854
/workspace/ripl/t2/region,best_eval_success_once.pt,rgb,1,1,4527,5,-0.0733647346496582,0.006541505455970764,0.019999999552965164,1.3437785473417294,-0.11549477279186249,-0.05123795568943024,0.019999999552965164,1.4281657534862682,0.07150808516606001,0.08438720614453876,0.08438720614453876,1,1,200,105.0,1,1,93,0,1,42,1,1,90,1,1,1,-0.1042906790971756,-0.07197806984186172,0.059994202107191086,9.71090579995676e-06
/workspace/ripl/t2/region,best_eval_success_once.pt,rgb,1,1,4541,6,0.0016162954270839691,-0.10612023621797562,0.019999999552965164,-3.010522206136528,-0.0076836831867694855,-0.04247235506772995,0.019999999552965164,1.8125904224754463,0.06432373105731608,-1.4600726785676112,0.11072364822728531,1,1,200,112.0,1,1,89,0,1,44,1,1,88,1,1,1,-0.006342201493680477,-0.03708991780877113,0.05999967083334923,2.3912511908389193e-06
/workspace/ripl/t2/region,best_eval_success_once.pt,rgb,1,1,4544,7,0.026987068355083466,0.05242817848920822,0.019999999552965164,1.657977542300043,-0.035999737679958344,0.0054469034075737,0.019999999552965164,1.1646565766215167,0.07857848269591487,-0.49332096567852624,-0.49332096567852624,1,1,200,117.0,1,1,84,0,1,39,1,1,83,1,1,1,-0.03447004780173302,0.012421034276485443,0.05999790504574776,8.154578775425433e-07
/workspace/ripl/t2/region,best_eval_success_once.pt,rgb,1,1,4552,8,-0.09550106525421143,0.0756564810872078,0.019999999552965164,2.125980835292552,-0.024649381637573242,0.05572512000799179,0.019999999552965164,0.513326309551573,0.07360176781696404,-1.6126545257409788,-0.041858198946082226,1,1,200,109.0,1,1,92,0,1,45,1,1,90,1,1,1,-0.02706560306251049,0.040749821811914444,0.0600019171833992,0.0012891305609973834
/workspace/ripl/t2/region,best_eval_success_once.pt,rgb,1,1,4557,9,0.10904736071825027,0.0644301250576973,0.019999999552965164,2.605331187239254,0.04511416703462601,0.07734426110982895,0.019999999552965164,2.3470044165751487,0.06522444453240503,-0.25832677066410525,-0.25832677066410525,0,0,200,0.0,0,0,-1,0,1,52,0,0,-1,0,1,1,0.19058826565742493,0.05162736028432846,0.0199999138712883,0.1065095843517366
/workspace/ripl/t2/region,best_eval_success_once.pt,rgb,1,1,4559,0,-0.08176173269748688,-0.1829943060874939,0.019999999552965164,0.9455557088161699,-0.015630550682544708,-0.16964638233184814,0.019999999552965164,0.7700037018718735,0.0674648078873715,-0.1755520069442964,-0.1755520069442964,1,1,200,92.0,1,1,109,0,1,58,1,1,101,1,1,1,0.006070504430681467,-0.16670332849025726,0.05998307839035988,0.006765035834810357
/workspace/ripl/t2/region,best_eval_success_once.pt,rgb,1,1,4562,1,-0.040154073387384415,0.18133673071861267,0.019999999552965164,2.070947830403252,-0.04050332307815552,0.10219282656908035,0.019999999552965164,-0.8666284440045384,0.07914467473795607,-2.9375762744077907,0.20401637918200244,1,1,200,112.0,1,1,89,0,1,46,1,1,88,1,1,1,-0.0371440164744854,0.10144291073083878,0.06000166013836861,4.915124923727108e-07
/workspace/ripl/t2/region,best_eval_success_once.pt,rgb,1,1,4571,2,0.009320355951786041,0.050829388201236725,0.019999999552965164,-0.21181232829390106,-0.00856759399175644,0.11151426285505295,0.019999999552965164,1.486140944247996,0.0632663636139463,1.697953272541897,0.12715694574700054,1,1,200,114.0,1,1,87,0,1,47,1,1,86,1,1,1,-0.01565452106297016,0.10725799947977066,0.059999093413352966,8.728972054298243e-07
/workspace/ripl/t2/region,best_eval_success_once.pt,rgb,1,1,4578,3,-0.02791605144739151,-0.09185099601745605,0.019999999552965164,1.5054363627691436,-0.05172004550695419,-0.16013111174106598,0.019999999552965164,-1.9057645167734982,0.0723104718309683,2.871984427636944,-0.26960822595284917,1,1,200,106.0,1,1,95,0,1,50,1,1,90,1,1,1,-0.038996342569589615,-0.16250723600387573,0.05999765545129776,0.001087835820188849
/workspace/ripl/t2/region,best_eval_success_once.pt,rgb,1,1,4584,4,0.009620673954486847,0.1442408561706543,0.019999999552965164,0.8482195196531359,-0.02203328162431717,0.21041718125343323,0.019999999552965164,-0.2672718175676989,0.07335720077297479,-1.1154913372208348,0.45530498957406174,1,1,200,114.0,1,1,78,0,1,39,1,1,75,1,1,1,-0.028357557952404022,0.20358873903751373,0.0599992461502552,0.0015085507333470094
/workspace/ripl/t2/region,best_eval_success_once.pt,rgb,1,1,4595,5,0.1370786428451538,-0.0904872938990593,0.019999999552965164,-1.0069363376444223,0.07798060774803162,-0.07866639643907547,0.019999999552965164,-0.5775383378452967,0.06026865992454236,0.4293979997991255,0.4293979997991255,0,0,200,0.0,0,0,-1,0,1,56,0,0,-1,1,1,1,0.1650298833847046,-0.09617027640342712,0.01999993436038494,0.03102217047372321
/workspace/ripl/t2/region,best_eval_success_once.pt,rgb,1,1,4605,6,0.03981819003820419,0.042075254023075104,0.019999999552965164,-0.1263516615845215,-0.027881048619747162,0.009484358131885529,0.019999999552965164,-0.929590951818227,0.07513556687652402,-0.8032392902337055,0.767557036561191,1,1,200,106.0,1,1,95,0,1,48,1,1,91,1,1,1,-0.034621309489011765,0.0011476163053885102,0.06000269204378128,0.001195430910330177
/workspace/ripl/t2/region,best_eval_success_once.pt,rgb,1,1,4620,7,-0.11333025246858597,-0.05688712000846863,0.019999999552965164,-0.1345508685030632,-0.06270727515220642,-0.008107751607894897,0.019999999552965164,0.333198153380998,0.07030016083860384,0.4677490218840612,0.4677490218840612,1,1,200,97.0,1,1,104,0,1,50,1,1,100,1,1,1,-0.05749937891960144,-0.012270472012460232,0.06000013276934624,1.717603509611181e-06
/workspace/ripl/t2/region,best_eval_success_once.pt,rgb,1,1,4624,8,0.033922962844371796,-0.07330085337162018,0.019999999552965164,2.1354681345665916,0.0549997016787529,-0.1501772403717041,0.019999999552965164,-0.2411373297272834,0.07971328495350935,-2.376605464293875,0.7649871892959181,0,0,200,0.0,0,0,-1,0,1,41,0,1,87,1,1,1,0.13943038880825043,-0.18531434237957,0.020000003278255463,0.034205180339849026
/workspace/ripl/t2/region,best_eval_success_once.pt,rgb,1,1,4626,9,0.1151316836476326,-0.03382648527622223,0.019999999552965164,0.8451627257429157,0.052595000714063644,-0.052071332931518555,0.019999999552965164,2.0187652215812912,0.06514377313526372,1.1736024958383755,-0.39719383095652105,0,0,200,0.0,0,0,-1,0,1,47,0,0,-1,1,1,1,0.0032499695662409067,0.01588618755340576,0.019999917596578598,0.06143435186054836
